id,timestamp,symbol,expiry,strike,option_type,oi,oi_change,volume,iv,last_price,spot_price
53377,2026-05-04 09:50:00,NIFTY,2026-05-19,26500.0,PE,0,,0,47.64,2527.7,24127.45
53378,2026-05-04 09:50:00,NIFTY,2026-05-19,26500.0,CE,46475,,21905,18.54,2.4,24127.45
53379,2026-05-04 09:50:00,NIFTY,2026-05-12,25000.0,PE,248820,69290,244465,12.45,842.65,24127.45
53380,2026-05-04 09:50:00,NIFTY,2026-05-12,23300.0,CE,13000,5070,10075,23.16,921.0,24127.45
53381,2026-05-04 09:50:00,NIFTY,2026-05-12,23250.0,PE,168740,106925,977340,19.65,29.9,24127.45
53382,2026-05-04 09:50:00,NIFTY,2026-05-12,25000.0,CE,3000595,1581125,10834395,17.62,28.7,24127.45
53383,2026-05-04 09:50:00,NIFTY,2026-05-12,23250.0,CE,1105,130,3250,16.66,925.45,24127.45
53384,2026-05-04 09:50:00,NIFTY,2026-05-12,24950.0,PE,455,0,0,24.91,882.9,24127.45
53385,2026-05-04 09:50:00,NIFTY,2026-05-12,24950.0,CE,164970,88790,1046695,17.62,33.7,24127.45
53386,2026-05-04 09:50:00,NIFTY,2026-05-12,26350.0,CE,9685,1105,23010,22.75,1.35,24127.45
53387,2026-05-04 09:50:00,NIFTY,2026-05-12,23350.0,CE,1690,-195,455,2.92,779.55,24127.45
53388,2026-05-04 09:50:00,NIFTY,2026-05-12,26300.0,PE,65,0,0,,2110.45,24127.45
53389,2026-05-04 09:50:00,NIFTY,2026-05-12,26300.0,CE,25285,3770,204555,22.4,1.4,24127.45
53390,2026-05-04 09:50:00,NIFTY,2026-05-12,23300.0,PE,882310,-104650,5078060,19.49,33.95,24127.45
53391,2026-05-04 09:50:00,NIFTY,2026-05-12,23200.0,PE,1788150,1254175,5400200,19.8,26.2,24127.45
53392,2026-05-04 09:50:00,NIFTY,2026-05-12,24900.0,PE,27560,11570,20670,20.0,795.7,24127.45
53393,2026-05-04 09:50:00,NIFTY,2026-05-12,24900.0,CE,1052285,336375,3632200,17.61,39.35,24127.45
53394,2026-05-04 09:50:00,NIFTY,2026-05-12,24850.0,PE,1560,715,4225,12.52,700.0,24127.45
53395,2026-05-04 09:50:00,NIFTY,2026-05-19,24350.0,PE,11245,,19760,18.15,439.7,24127.45
53396,2026-05-04 09:50:00,NIFTY,2026-05-19,24350.0,CE,9425,,26000,17.58,271.05,24127.45
53397,2026-05-04 09:50:00,NIFTY,2026-05-19,24400.0,PE,44265,,49985,16.36,434.85,24127.45
53398,2026-05-04 09:50:00,NIFTY,2026-05-19,24400.0,CE,53625,,127855,17.65,252.0,24127.45
53399,2026-05-04 09:50:00,NIFTY,2026-05-19,24450.0,PE,5395,,11895,16.62,470.65,24127.45
53400,2026-05-04 09:50:00,NIFTY,2026-05-19,24450.0,CE,12090,,24570,17.52,230.2,24127.45
53401,2026-05-04 09:50:00,NIFTY,2026-05-12,23200.0,CE,20800,15275,20540,22.59,1003.5,24127.45
53402,2026-05-04 09:50:00,NIFTY,2026-05-12,24850.0,CE,201110,157690,1247350,17.67,46.3,24127.45
53403,2026-05-04 09:50:00,NIFTY,2026-05-12,24800.0,PE,97240,75335,150995,16.99,685.0,24127.45
53404,2026-05-04 09:50:00,NIFTY,2026-05-12,24800.0,CE,1350375,687440,5468125,17.66,53.55,24127.45
53405,2026-05-04 09:50:00,NIFTY,2026-05-12,26250.0,PE,0,0,0,116.75,2971.0,24127.45
53406,2026-05-04 09:50:00,NIFTY,2026-05-12,26250.0,CE,48165,12220,130390,22.04,1.45,24127.45
53407,2026-05-04 09:50:00,NIFTY,2026-05-12,26200.0,PE,0,0,0,115.72,2921.8,24127.45
53408,2026-05-04 09:50:00,NIFTY,2026-05-12,24750.0,PE,4875,2925,12415,14.26,620.0,24127.45
53409,2026-05-04 09:50:00,NIFTY,2026-05-12,26200.0,CE,154050,97760,674440,21.59,1.45,24127.45
53410,2026-05-04 09:50:00,NIFTY,2026-05-12,24750.0,CE,219960,124735,1367990,17.73,62.5,24127.45
53411,2026-05-04 09:50:00,NIFTY,2026-05-19,24500.0,CE,243230,,558415,17.43,210.4,24127.45
53412,2026-05-04 09:50:00,NIFTY,2026-05-19,24500.0,PE,61230,,111995,16.35,497.7,24127.45
53413,2026-05-04 09:50:00,NIFTY,2026-05-19,24550.0,CE,11180,,23855,17.28,190.5,24127.45
53414,2026-05-04 09:50:00,NIFTY,2026-05-19,24550.0,PE,3250,,1300,18.08,562.0,24127.45
53415,2026-05-04 09:50:00,NIFTY,2026-05-12,26150.0,CE,37830,16900,161785,21.3,1.55,24127.45
53416,2026-05-04 09:50:00,NIFTY,2026-05-12,26100.0,PE,715,455,650,4.06,1925.0,24127.45
53417,2026-05-04 09:50:00,NIFTY,2026-05-12,26100.0,CE,116415,28990,508690,21.0,1.65,24127.45
53418,2026-05-04 09:50:00,NIFTY,2026-05-12,24700.0,PE,39390,19240,77090,15.53,587.95,24127.45
53419,2026-05-04 09:50:00,NIFTY,2026-05-12,24700.0,CE,1018485,550940,6203795,17.78,72.25,24127.45
53420,2026-05-04 09:50:00,NIFTY,2026-05-12,26150.0,PE,0,0,0,114.69,2872.65,24127.45
53421,2026-05-04 09:50:00,NIFTY,2026-05-12,26050.0,PE,0,0,0,112.61,2774.55,24127.45
53422,2026-05-04 09:50:00,NIFTY,2026-05-12,26050.0,CE,151320,116545,449930,20.54,1.65,24127.45
53423,2026-05-04 09:50:00,NIFTY,2026-05-12,26000.0,PE,54990,50050,58045,,1800.45,24127.45
53424,2026-05-04 09:50:00,NIFTY,2026-05-12,24650.0,PE,4875,1755,14430,14.84,540.2,24127.45
53425,2026-05-04 09:50:00,NIFTY,2026-05-12,26000.0,CE,4209075,3152890,7844135,20.21,1.75,24127.45
53426,2026-05-04 09:50:00,NIFTY,2026-05-19,22750.0,CE,0,,0,,1331.55,24127.45
53427,2026-05-04 09:50:00,NIFTY,2026-05-19,24600.0,PE,9165,,13715,16.79,573.0,24127.45
53428,2026-05-04 09:50:00,NIFTY,2026-05-19,24600.0,CE,44915,,130000,17.19,173.05,24127.45
53429,2026-05-04 09:50:00,NIFTY,2026-05-19,22800.0,CE,0,,0,,1290.75,24127.45
53430,2026-05-04 09:50:00,NIFTY,2026-05-19,24650.0,PE,260,,975,18.65,640.05,24127.45
53431,2026-05-04 09:50:00,NIFTY,2026-05-19,22750.0,PE,715,,845,20.87,32.3,24127.45
53432,2026-05-04 09:50:00,NIFTY,2026-05-19,24650.0,CE,15535,,37310,17.39,161.5,24127.45
53433,2026-05-04 09:50:00,NIFTY,2026-05-19,22850.0,CE,0,,0,,1250.45,24127.45
53434,2026-05-04 09:50:00,NIFTY,2026-05-19,24700.0,PE,3575,,4680,17.14,650.0,24127.45
53435,2026-05-04 09:50:00,NIFTY,2026-05-19,22800.0,PE,57785,,116805,20.44,33.3,24127.45
53436,2026-05-04 09:50:00,NIFTY,2026-05-19,24700.0,CE,90740,,158860,17.04,141.7,24127.45
53437,2026-05-04 09:50:00,NIFTY,2026-05-19,22900.0,CE,0,,0,,1210.75,24127.45
53438,2026-05-04 09:50:00,NIFTY,2026-05-19,24750.0,PE,65,,0,19.08,718.5,24127.45
53439,2026-05-04 09:50:00,NIFTY,2026-05-19,24750.0,CE,10270,,26520,16.93,127.1,24127.45
53440,2026-05-04 09:50:00,NIFTY,2026-05-19,22850.0,PE,1755,,2535,22.04,50.0,24127.45
53441,2026-05-04 09:50:00,NIFTY,2026-05-19,22950.0,CE,0,,0,,1171.55,24127.45
53442,2026-05-04 09:50:00,NIFTY,2026-05-19,24800.0,PE,3380,,1950,18.74,749.8,24127.45
53443,2026-05-04 09:50:00,NIFTY,2026-05-19,24800.0,CE,92235,,206635,16.87,114.2,24127.45
53444,2026-05-04 09:50:00,NIFTY,2026-05-19,22900.0,PE,80795,,158730,20.28,40.75,24127.45
53445,2026-05-04 09:50:00,NIFTY,2026-05-19,22950.0,PE,2795,,715,20.07,43.95,24127.45
53446,2026-05-04 09:50:00,NIFTY,2026-05-12,24550.0,CE,273975,143845,2191475,18.08,110.6,24127.45
53447,2026-05-04 09:50:00,NIFTY,2026-05-12,25950.0,PE,0,0,0,110.52,2676.7,24127.45
53448,2026-05-04 09:50:00,NIFTY,2026-05-12,24650.0,CE,306865,221910,2580760,17.89,83.9,24127.45
53449,2026-05-04 09:50:00,NIFTY,2026-05-12,24600.0,PE,58435,23855,131040,16.1,513.15,24127.45
53450,2026-05-04 09:50:00,NIFTY,2026-05-12,25950.0,CE,779675,499655,1954095,19.68,1.7,24127.45
53451,2026-05-04 09:50:00,NIFTY,2026-05-12,24600.0,CE,1624025,285285,6941935,17.91,95.7,24127.45
53452,2026-05-04 09:50:00,NIFTY,2026-05-12,25900.0,PE,0,0,0,109.48,2627.9,24127.45
53453,2026-05-04 09:50:00,NIFTY,2026-05-12,24550.0,PE,11115,6175,33735,15.93,473.0,24127.45
53454,2026-05-04 09:50:00,NIFTY,2026-05-12,25900.0,CE,917670,576355,2605525,19.34,1.8,24127.45
53455,2026-05-04 09:50:00,NIFTY,2026-05-19,23000.0,PE,343525,,753350,20.07,49.2,24127.45
53456,2026-05-04 09:50:00,NIFTY,2026-05-19,23000.0,CE,4160,,1235,18.22,1223.0,24127.45
53457,2026-05-04 09:50:00,NIFTY,2026-05-19,23050.0,PE,8970,,3185,19.99,54.3,24127.45
53458,2026-05-04 09:50:00,NIFTY,2026-05-19,23050.0,CE,65,,0,16.51,1165.1,24127.45
53459,2026-05-04 09:50:00,NIFTY,2026-05-19,23100.0,PE,39000,,96980,19.83,59.0,24127.45
53460,2026-05-04 09:50:00,NIFTY,2026-05-19,23100.0,CE,130,,130,26.41,1224.7,24127.45
53461,2026-05-04 09:50:00,NIFTY,2026-05-19,23150.0,PE,8970,,14365,20.51,73.0,24127.45
53462,2026-05-04 09:50:00,NIFTY,2026-05-19,23150.0,CE,65,,0,23.33,1145.1,24127.45
53463,2026-05-04 09:50:00,NIFTY,2026-05-12,25850.0,PE,0,0,0,108.43,2579.2,24127.45
53464,2026-05-04 09:50:00,NIFTY,2026-05-12,25850.0,CE,325520,290615,823940,19.06,1.95,24127.45
53465,2026-05-04 09:50:00,NIFTY,2026-05-12,25800.0,PE,65,0,0,51.41,1840.0,24127.45
53466,2026-05-04 09:50:00,NIFTY,2026-05-12,25800.0,CE,1096810,457470,2877290,19.01,2.35,24127.45
53467,2026-05-04 09:50:00,NIFTY,2026-05-19,23200.0,CE,910,,0,16.01,1025.0,24127.45
53468,2026-05-04 09:50:00,NIFTY,2026-05-19,23250.0,CE,65,,0,23.21,1063.2,24127.45
53469,2026-05-04 09:50:00,NIFTY,2026-05-19,23200.0,PE,51935,,86580,19.6,70.55,24127.45
53470,2026-05-04 09:50:00,NIFTY,2026-05-19,23300.0,CE,1495,,1105,20.29,985.0,24127.45
53471,2026-05-04 09:50:00,NIFTY,2026-05-19,23250.0,PE,8580,,20800,19.31,75.0,24127.45
53472,2026-05-04 09:50:00,NIFTY,2026-05-19,23300.0,PE,54210,,139945,19.2,82.0,24127.45
53473,2026-05-04 09:50:00,NIFTY,2026-05-19,24850.0,PE,65,,0,18.27,780.4,24127.45
53474,2026-05-04 09:50:00,NIFTY,2026-05-19,24850.0,CE,13130,,57525,16.72,101.15,24127.45
53475,2026-05-04 09:50:00,NIFTY,2026-05-12,25750.0,PE,195,0,0,46.61,1751.4,24127.45
53476,2026-05-04 09:50:00,NIFTY,2026-05-12,25750.0,CE,229190,193245,526045,18.72,2.55,24127.45
53477,2026-05-04 09:50:00,NIFTY,2026-05-12,25700.0,PE,195,0,0,51.49,1760.0,24127.45
53478,2026-05-04 09:50:00,NIFTY,2026-05-19,24900.0,CE,45565,,138840,16.73,91.15,24127.45
53479,2026-05-04 09:50:00,NIFTY,2026-05-19,24950.0,CE,20995,,38935,16.55,79.6,24127.45
53480,2026-05-04 09:50:00,NIFTY,2026-05-19,24900.0,PE,130,,0,23.74,905.0,24127.45
53481,2026-05-04 09:50:00,NIFTY,2026-05-19,24950.0,PE,65,,0,26.09,980.5,24127.45
53482,2026-05-04 09:50:00,NIFTY,2026-05-19,25000.0,CE,375375,,908310,16.61,72.0,24127.45
53483,2026-05-04 09:50:00,NIFTY,2026-05-19,25050.0,CE,14885,,35035,16.54,63.55,24127.45
53484,2026-05-04 09:50:00,NIFTY,2026-05-19,25000.0,PE,25090,,26845,15.09,860.0,24127.45
53485,2026-05-04 09:50:00,NIFTY,2026-05-19,25050.0,PE,65,,0,18.46,942.8,24127.45
53486,2026-05-04 09:50:00,NIFTY,2026-05-12,23000.0,PE,2129400,902395,7494890,20.61,16.1,24127.45
53487,2026-05-04 09:50:00,NIFTY,2026-05-12,23000.0,CE,80730,39260,68445,24.61,1195.05,24127.45
53488,2026-05-04 09:50:00,NIFTY,2026-05-12,22950.0,PE,119210,63895,574340,20.74,14.0,24127.45
53489,2026-05-04 09:50:00,NIFTY,2026-05-12,22950.0,CE,260,0,130,36.0,1321.6,24127.45
53490,2026-05-04 09:50:00,NIFTY,2026-05-12,23100.0,PE,888550,599885,3095495,20.2,20.55,24127.45
53491,2026-05-04 09:50:00,NIFTY,2026-05-12,23100.0,CE,3640,2145,3120,23.1,1096.0,24127.45
53492,2026-05-04 09:50:00,NIFTY,2026-05-12,23050.0,PE,105300,65585,521625,20.35,17.95,24127.45
53493,2026-05-04 09:50:00,NIFTY,2026-05-12,23050.0,CE,780,0,0,,1052.1,24127.45
53494,2026-05-04 09:50:00,NIFTY,2026-05-12,23150.0,PE,100555,57135,538200,20.02,23.3,24127.45
53495,2026-05-04 09:50:00,NIFTY,2026-05-12,23150.0,CE,650,130,780,20.95,1038.5,24127.45
53496,2026-05-04 09:50:00,NIFTY,2026-05-19,25100.0,PE,325,,0,23.36,1051.0,24127.45
53497,2026-05-04 09:50:00,NIFTY,2026-05-19,25100.0,CE,75400,,158795,16.45,55.65,24127.45
53498,2026-05-04 09:50:00,NIFTY,2026-05-19,25150.0,PE,65,,0,18.4,1026.15,24127.45
53499,2026-05-04 09:50:00,NIFTY,2026-05-19,25150.0,CE,18265,,36270,16.15,46.45,24127.45
53500,2026-05-04 09:50:00,NIFTY,2026-05-19,25200.0,PE,65,,0,19.61,1082.8,24127.45
53501,2026-05-04 09:50:00,NIFTY,2026-05-19,25200.0,CE,137020,,369915,16.25,42.0,24127.45
53502,2026-05-04 09:50:00,NIFTY,2026-05-19,23350.0,CE,65,,715,17.39,908.75,24127.45
53503,2026-05-04 09:50:00,NIFTY,2026-05-19,25250.0,PE,130,,0,22.47,1160.0,24127.45
53504,2026-05-04 09:50:00,NIFTY,2026-05-19,25250.0,CE,9815,,23075,15.98,34.7,24127.45
53505,2026-05-04 09:50:00,NIFTY,2026-05-19,23400.0,CE,2535,,0,,710.15,24127.45
53506,2026-05-04 09:50:00,NIFTY,2026-05-19,25300.0,PE,0,,65,18.31,1155.8,24127.45
53507,2026-05-04 09:50:00,NIFTY,2026-05-19,25300.0,CE,61880,,103545,16.23,32.4,24127.45
53508,2026-05-04 09:50:00,NIFTY,2026-05-19,23350.0,PE,7150,,8645,19.11,89.85,24127.45
53509,2026-05-04 09:50:00,NIFTY,2026-05-19,23400.0,PE,23855,,67405,19.02,98.25,24127.45
53510,2026-05-04 09:50:00,NIFTY,2026-05-12,22750.0,CE,195,130,260,35.53,1487.1,24127.45
53511,2026-05-04 09:50:00,NIFTY,2026-05-12,22700.0,PE,550485,371865,1820130,22.01,8.1,24127.45
53512,2026-05-04 09:50:00,NIFTY,2026-05-12,22700.0,CE,910,650,1040,,1445.0,24127.45
53513,2026-05-04 09:50:00,NIFTY,2026-05-12,22850.0,CE,65,0,65,,1300.75,24127.45
53514,2026-05-04 09:50:00,NIFTY,2026-05-12,22800.0,PE,1398670,1005355,3737110,21.38,9.75,24127.45
53515,2026-05-04 09:50:00,NIFTY,2026-05-12,22800.0,CE,8775,4290,8060,21.63,1370.3,24127.45
53516,2026-05-04 09:50:00,NIFTY,2026-05-12,22750.0,PE,188630,146965,697190,21.77,9.05,24127.45
53517,2026-05-04 09:50:00,NIFTY,2026-05-12,22900.0,PE,639080,391755,2705950,20.97,12.45,24127.45
53518,2026-05-04 09:50:00,NIFTY,2026-05-12,22900.0,CE,975,780,1170,25.28,1290.0,24127.45
53519,2026-05-04 09:50:00,NIFTY,2026-05-12,22850.0,PE,376155,312000,1187290,21.17,11.0,24127.45
53520,2026-05-04 09:50:00,NIFTY,2026-05-19,25350.0,CE,10465,,15405,16.47,30.2,24127.45
53521,2026-05-04 09:50:00,NIFTY,2026-05-19,25400.0,CE,37635,,54080,16.03,23.6,24127.45
53522,2026-05-04 09:50:00,NIFTY,2026-05-19,25350.0,PE,0,,65,18.36,1200.85,24127.45
53523,2026-05-04 09:50:00,NIFTY,2026-05-19,25450.0,CE,14885,,5395,15.92,19.85,24127.45
53524,2026-05-04 09:50:00,NIFTY,2026-05-19,23450.0,PE,8905,,23205,18.82,105.75,24127.45
53525,2026-05-04 09:50:00,NIFTY,2026-05-19,23450.0,CE,1560,,0,31.96,1053.55,24127.45
53526,2026-05-04 09:50:00,NIFTY,2026-05-19,25400.0,PE,130,,0,23.61,1300.0,24127.45
53527,2026-05-04 09:50:00,NIFTY,2026-05-19,25500.0,CE,202475,,348530,16.2,18.75,24127.45
53528,2026-05-04 09:50:00,NIFTY,2026-05-19,23500.0,PE,159445,,406185,18.77,116.05,24127.45
53529,2026-05-04 09:50:00,NIFTY,2026-05-19,25450.0,PE,0,,65,18.54,1292.8,24127.45
53530,2026-05-04 09:50:00,NIFTY,2026-05-19,23500.0,CE,4810,,6435,18.31,799.6,24127.45
53531,2026-05-04 09:50:00,NIFTY,2026-05-19,23550.0,PE,10400,,21385,19.34,136.55,24127.45
53532,2026-05-04 09:50:00,NIFTY,2026-05-19,25550.0,CE,9880,,15145,16.47,17.65,24127.45
53533,2026-05-04 09:50:00,NIFTY,2026-05-19,23550.0,CE,2340,,0,28.51,927.4,24127.45
53534,2026-05-04 09:50:00,NIFTY,2026-05-19,25500.0,PE,65,,0,22.1,1370.0,24127.45
53535,2026-05-04 09:50:00,NIFTY,2026-05-19,23600.0,PE,35815,,89440,18.6,138.0,24127.45
53536,2026-05-04 09:50:00,NIFTY,2026-05-19,23600.0,CE,3445,,2535,18.1,720.6,24127.45
53537,2026-05-04 09:50:00,NIFTY,2026-05-19,25550.0,PE,0,,0,39.42,1645.4,24127.45
53538,2026-05-04 09:50:00,NIFTY,2026-05-12,24450.0,PE,23140,13715,116415,16.49,407.65,24127.45
53539,2026-05-04 09:50:00,NIFTY,2026-05-12,24450.0,CE,178230,82745,1067235,18.26,142.65,24127.45
53540,2026-05-04 09:50:00,NIFTY,2026-05-12,22600.0,PE,343395,140790,1555515,22.69,6.85,24127.45
53541,2026-05-04 09:50:00,NIFTY,2026-05-12,24500.0,PE,401245,180050,1147965,16.17,438.95,24127.45
53542,2026-05-04 09:50:00,NIFTY,2026-05-12,22600.0,CE,325,325,520,27.6,1580.0,24127.45
53543,2026-05-04 09:50:00,NIFTY,2026-05-12,24500.0,CE,2352805,965055,12148695,18.13,125.45,24127.45
53544,2026-05-04 09:50:00,NIFTY,2026-05-12,22650.0,PE,90740,55900,430820,22.38,7.5,24127.45
53545,2026-05-04 09:50:00,NIFTY,2026-05-12,22650.0,CE,65,0,130,39.25,1600.6,24127.45
53546,2026-05-04 09:50:00,NIFTY,2026-05-19,25600.0,PE,0,,0,39.79,1689.55,24127.45
53547,2026-05-04 09:50:00,NIFTY,2026-05-19,25600.0,CE,20605,,39715,16.29,14.5,24127.45
53548,2026-05-04 09:50:00,NIFTY,2026-05-19,25650.0,PE,0,,0,,1214.0,24127.45
53549,2026-05-04 09:50:00,NIFTY,2026-05-19,25650.0,CE,3900,,2015,16.7,14.35,24127.45
53550,2026-05-04 09:50:00,NIFTY,2026-05-19,23650.0,CE,2925,,2275,14.73,632.6,24127.45
53551,2026-05-04 09:50:00,NIFTY,2026-05-19,21750.0,PE,0,,0,28.81,18.05,24127.45
53552,2026-05-04 09:50:00,NIFTY,2026-05-19,25700.0,PE,65,,0,27.32,1600.0,24127.45
53553,2026-05-04 09:50:00,NIFTY,2026-05-19,21750.0,CE,0,,0,,2231.55,24127.45
53554,2026-05-04 09:50:00,NIFTY,2026-05-19,25700.0,CE,54145,,97630,16.37,11.15,24127.45
53555,2026-05-04 09:50:00,NIFTY,2026-05-19,23700.0,CE,6110,,2405,18.62,656.9,24127.45
53556,2026-05-04 09:50:00,NIFTY,2026-05-19,21800.0,PE,2730,,2925,26.0,10.95,24127.45
53557,2026-05-04 09:50:00,NIFTY,2026-05-19,25750.0,PE,0,,0,40.95,1823.9,24127.45
53558,2026-05-04 09:50:00,NIFTY,2026-05-19,25750.0,CE,1430,,4030,16.1,8.7,24127.45
53559,2026-05-04 09:50:00,NIFTY,2026-05-19,21800.0,CE,0,,0,,2183.85,24127.45
53560,2026-05-04 09:50:00,NIFTY,2026-05-19,23650.0,PE,4745,,15535,19.56,167.15,24127.45
53561,2026-05-04 09:50:00,NIFTY,2026-05-19,25800.0,PE,0,,0,41.35,1869.25,24127.45
53562,2026-05-04 09:50:00,NIFTY,2026-05-19,23700.0,PE,21840,,66950,18.48,164.0,24127.45
53563,2026-05-04 09:50:00,NIFTY,2026-05-19,21850.0,CE,0,,0,,2136.35,24127.45
53564,2026-05-04 09:50:00,NIFTY,2026-05-19,25800.0,CE,202410,,101140,16.39,8.3,24127.45
53565,2026-05-04 09:50:00,NIFTY,2026-05-19,21900.0,CE,0,,0,,2089.05,24127.45
53566,2026-05-04 09:50:00,NIFTY,2026-05-19,21850.0,PE,0,,0,28.88,22.3,24127.45
53567,2026-05-04 09:50:00,NIFTY,2026-05-12,22450.0,CE,0,0,0,,985.1,24127.45
53568,2026-05-04 09:50:00,NIFTY,2026-05-12,24350.0,PE,160745,137930,499590,16.95,347.9,24127.45
53569,2026-05-04 09:50:00,NIFTY,2026-05-12,22550.0,CE,0,0,0,,911.35,24127.45
53570,2026-05-04 09:50:00,NIFTY,2026-05-12,24350.0,CE,218985,115830,1594060,18.5,181.2,24127.45
53571,2026-05-04 09:50:00,NIFTY,2026-05-12,22500.0,PE,1658735,625690,3960385,23.54,6.1,24127.45
53572,2026-05-04 09:50:00,NIFTY,2026-05-12,22500.0,CE,6045,3120,4420,30.92,1686.9,24127.45
53573,2026-05-04 09:50:00,NIFTY,2026-05-12,22450.0,PE,74100,48295,311610,23.85,5.6,24127.45
53574,2026-05-04 09:50:00,NIFTY,2026-05-12,24400.0,PE,255255,96980,1030770,16.57,374.95,24127.45
53575,2026-05-04 09:50:00,NIFTY,2026-05-12,24400.0,CE,942760,477035,4507230,18.31,160.3,24127.45
53576,2026-05-04 09:50:00,NIFTY,2026-05-12,22550.0,PE,73905,15210,435890,23.11,6.45,24127.45
53577,2026-05-04 09:50:00,NIFTY,2026-05-19,25850.0,CE,3705,,7475,16.91,8.65,24127.45
53578,2026-05-04 09:50:00,NIFTY,2026-05-19,23750.0,PE,10010,,16705,18.16,173.85,24127.45
53579,2026-05-04 09:50:00,NIFTY,2026-05-19,25900.0,CE,33735,,14365,16.83,7.25,24127.45
53580,2026-05-04 09:50:00,NIFTY,2026-05-19,25850.0,PE,0,,0,41.76,1914.9,24127.45
53581,2026-05-04 09:50:00,NIFTY,2026-05-19,23750.0,CE,3250,,2795,18.19,615.15,24127.45
53582,2026-05-04 09:50:00,NIFTY,2026-05-19,25950.0,CE,1365,,650,17.08,6.85,24127.45
53583,2026-05-04 09:50:00,NIFTY,2026-05-19,21950.0,CE,0,,0,,2041.95,24127.45
53584,2026-05-04 09:50:00,NIFTY,2026-05-19,25900.0,PE,0,,0,42.18,1960.85,24127.45
53585,2026-05-04 09:50:00,NIFTY,2026-05-19,21900.0,PE,2210,,5070,26.23,14.5,24127.45
53586,2026-05-04 09:50:00,NIFTY,2026-05-19,23800.0,PE,61360,,143195,18.13,189.45,24127.45
53587,2026-05-04 09:50:00,NIFTY,2026-05-19,22000.0,CE,0,,130,30.05,2222.0,24127.45
53588,2026-05-04 09:50:00,NIFTY,2026-05-19,26000.0,CE,362050,,466440,17.25,6.3,24127.45
53589,2026-05-04 09:50:00,NIFTY,2026-05-19,23800.0,CE,42315,,18135,19.01,596.0,24127.45
53590,2026-05-04 09:50:00,NIFTY,2026-05-19,25950.0,PE,0,,0,42.6,2007.0,24127.45
53591,2026-05-04 09:50:00,NIFTY,2026-05-19,21950.0,PE,0,,0,28.95,27.35,24127.45
53592,2026-05-04 09:50:00,NIFTY,2026-05-19,26050.0,CE,715,,975,17.66,6.35,24127.45
53593,2026-05-04 09:50:00,NIFTY,2026-05-19,23850.0,PE,9165,,31005,18.19,207.8,24127.45
53594,2026-05-04 09:50:00,NIFTY,2026-05-19,22050.0,CE,0,,0,,1948.5,24127.45
53595,2026-05-04 09:50:00,NIFTY,2026-05-19,26000.0,PE,650,,390,4.61,1800.55,24127.45
53596,2026-05-04 09:50:00,NIFTY,2026-05-19,23850.0,CE,6110,,10335,17.34,533.65,24127.45
53597,2026-05-04 09:50:00,NIFTY,2026-05-19,22000.0,PE,79365,,150930,24.18,11.3,24127.45
53598,2026-05-04 09:50:00,NIFTY,2026-05-19,22100.0,CE,0,,0,,1902.15,24127.45
53599,2026-05-04 09:50:00,NIFTY,2026-05-19,23900.0,PE,48295,,88790,18.04,223.3,24127.45
53600,2026-05-04 09:50:00,NIFTY,2026-05-19,23900.0,CE,26650,,59540,18.61,525.0,24127.45
53601,2026-05-04 09:50:00,NIFTY,2026-05-19,22050.0,PE,0,,0,29.03,33.35,24127.45
53602,2026-05-04 09:50:00,NIFTY,2026-05-19,22100.0,PE,111345,,144040,23.27,11.5,24127.45
53603,2026-05-04 09:50:00,NIFTY,2026-05-12,25650.0,PE,520,520,1040,,1400.0,24127.45
53604,2026-05-04 09:50:00,NIFTY,2026-05-12,25650.0,CE,90870,39325,382135,18.57,3.6,24127.45
53605,2026-05-04 09:50:00,NIFTY,2026-05-12,24250.0,CE,405730,284895,2740855,18.69,225.15,24127.45
53606,2026-05-04 09:50:00,NIFTY,2026-05-12,22350.0,CE,0,0,0,,1059.6,24127.45
53607,2026-05-04 09:50:00,NIFTY,2026-05-12,22300.0,PE,267410,77870,1058590,25.18,4.85,24127.45
53608,2026-05-04 09:50:00,NIFTY,2026-05-12,22300.0,CE,130,0,0,,1595.1,24127.45
53609,2026-05-04 09:50:00,NIFTY,2026-05-12,22400.0,PE,476775,304395,1572220,24.41,5.5,24127.45
53610,2026-05-04 09:50:00,NIFTY,2026-05-12,24300.0,CE,1656915,1180725,9028630,18.51,201.3,24127.45
53611,2026-05-04 09:50:00,NIFTY,2026-05-12,25700.0,CE,844610,374530,2557035,18.7,3.1,24127.45
53612,2026-05-04 09:50:00,NIFTY,2026-05-12,22400.0,CE,0,0,0,,1021.6,24127.45
53613,2026-05-04 09:50:00,NIFTY,2026-05-12,24250.0,PE,170690,119210,1670955,17.08,290.35,24127.45
53614,2026-05-04 09:50:00,NIFTY,2026-05-12,22350.0,PE,40430,14755,167245,24.75,5.1,24127.45
53615,2026-05-04 09:50:00,NIFTY,2026-05-19,23950.0,CE,6760,,6630,16.52,455.75,24127.45
53616,2026-05-04 09:50:00,NIFTY,2026-05-12,24300.0,PE,1210755,985335,4768010,17.02,318.35,24127.45
53617,2026-05-04 09:50:00,NIFTY,2026-05-19,24000.0,CE,132600,,241280,18.43,462.0,24127.45
53618,2026-05-04 09:50:00,NIFTY,2026-05-19,22150.0,PE,130,,260,23.11,12.5,24127.45
53619,2026-05-04 09:50:00,NIFTY,2026-05-19,22150.0,CE,0,,0,,1856.1,24127.45
53620,2026-05-04 09:50:00,NIFTY,2026-05-19,23950.0,PE,14625,,24050,17.66,235.7,24127.45
53621,2026-05-04 09:50:00,NIFTY,2026-05-19,22200.0,CE,0,,0,,1810.3,24127.45
53622,2026-05-04 09:50:00,NIFTY,2026-05-19,24050.0,CE,7930,,33085,17.99,425.35,24127.45
53623,2026-05-04 09:50:00,NIFTY,2026-05-19,24000.0,PE,173680,,381940,17.73,257.3,24127.45
53624,2026-05-04 09:50:00,NIFTY,2026-05-19,24100.0,CE,91130,,228020,18.26,403.3,24127.45
53625,2026-05-04 09:50:00,NIFTY,2026-05-19,22200.0,PE,37180,,40235,22.79,13.1,24127.45
53626,2026-05-04 09:50:00,NIFTY,2026-05-19,24050.0,PE,16185,,25805,17.77,279.5,24127.45
53627,2026-05-04 09:50:00,NIFTY,2026-05-19,24150.0,CE,22360,,69485,18.14,375.0,24127.45
53628,2026-05-04 09:50:00,NIFTY,2026-05-19,22250.0,PE,65,,325,22.35,13.3,24127.45
53629,2026-05-04 09:50:00,NIFTY,2026-05-19,24100.0,PE,89570,,214890,17.56,298.0,24127.45
53630,2026-05-04 09:50:00,NIFTY,2026-05-19,22250.0,CE,0,,0,,1764.85,24127.45
53631,2026-05-04 09:50:00,NIFTY,2026-05-19,22300.0,PE,10270,,17680,22.05,14.0,24127.45
53632,2026-05-04 09:50:00,NIFTY,2026-05-19,24150.0,PE,19955,,40820,17.21,315.0,24127.45
53633,2026-05-04 09:50:00,NIFTY,2026-05-19,22300.0,CE,0,,0,,1719.75,24127.45
53634,2026-05-04 09:50:00,NIFTY,2026-05-12,25500.0,CE,1907100,1043510,4957225,18.17,5.6,24127.45
53635,2026-05-04 09:50:00,NIFTY,2026-05-12,24200.0,PE,1489020,931905,8452925,17.23,265.2,24127.45
53636,2026-05-04 09:50:00,NIFTY,2026-05-12,22100.0,PE,107055,28405,711815,26.94,4.05,24127.45
53637,2026-05-04 09:50:00,NIFTY,2026-05-12,22100.0,CE,0,0,0,,1259.0,24127.45
53638,2026-05-04 09:50:00,NIFTY,2026-05-12,24200.0,CE,2242110,952575,11435125,18.76,248.85,24127.45
53639,2026-05-04 09:50:00,NIFTY,2026-05-12,25500.0,PE,70135,38350,48880,3.26,1312.95,24127.45
53640,2026-05-04 09:50:00,NIFTY,2026-05-12,22050.0,PE,9945,-2275,47190,27.35,3.85,24127.45
53641,2026-05-04 09:50:00,NIFTY,2026-05-12,24150.0,PE,274040,204880,2256020,17.28,240.25,24127.45
53642,2026-05-04 09:50:00,NIFTY,2026-05-12,24150.0,CE,298935,228345,2240225,18.88,274.95,24127.45
53643,2026-05-04 09:50:00,NIFTY,2026-05-12,25600.0,CE,1716455,1520545,5080595,18.49,4.25,24127.45
53644,2026-05-04 09:50:00,NIFTY,2026-05-12,22200.0,PE,219765,111280,1489280,26.12,4.5,24127.45
53645,2026-05-04 09:50:00,NIFTY,2026-05-12,22200.0,CE,195,195,260,,1850.0,24127.45
53646,2026-05-04 09:50:00,NIFTY,2026-05-12,25550.0,PE,520,520,650,24.56,1410.5,24127.45
53647,2026-05-04 09:50:00,NIFTY,2026-05-12,22150.0,PE,16900,-1625,99385,26.56,4.3,24127.45
53648,2026-05-04 09:50:00,NIFTY,2026-05-12,22150.0,CE,0,0,0,,1217.95,24127.45
53649,2026-05-04 09:50:00,NIFTY,2026-05-12,25550.0,CE,161005,113295,468260,18.28,4.8,24127.45
53650,2026-05-04 09:50:00,NIFTY,2026-05-12,22250.0,PE,27560,13585,88660,25.44,4.4,24127.45
53651,2026-05-04 09:50:00,NIFTY,2026-05-19,22350.0,CE,0,,0,1.86,1675.0,24127.45
53652,2026-05-04 09:50:00,NIFTY,2026-05-19,24200.0,PE,153595,,378365,17.27,341.05,24127.45
53653,2026-05-04 09:50:00,NIFTY,2026-05-12,22250.0,CE,0,0,0,,1137.6,24127.45
53654,2026-05-04 09:50:00,NIFTY,2026-05-12,25600.0,PE,2600,910,1690,,1404.95,24127.45
53655,2026-05-04 09:50:00,NIFTY,2026-05-19,24200.0,CE,174460,,409565,17.92,345.75,24127.45
53656,2026-05-04 09:50:00,NIFTY,2026-05-19,22400.0,CE,0,,0,3.21,1630.55,24127.45
53657,2026-05-04 09:50:00,NIFTY,2026-05-19,22350.0,PE,325,,1300,22.16,16.3,24127.45
53658,2026-05-04 09:50:00,NIFTY,2026-05-19,22450.0,CE,0,,0,4.47,1586.55,24127.45
53659,2026-05-04 09:50:00,NIFTY,2026-05-19,24250.0,PE,19760,,67080,17.5,371.65,24127.45
53660,2026-05-04 09:50:00,NIFTY,2026-05-19,22400.0,PE,8580,,16510,21.5,15.75,24127.45
53661,2026-05-04 09:50:00,NIFTY,2026-05-19,24250.0,CE,17680,,57785,18.0,323.55,24127.45
53662,2026-05-04 09:50:00,NIFTY,2026-05-19,22500.0,CE,1040,,0,40.86,1889.8,24127.45
53663,2026-05-04 09:50:00,NIFTY,2026-05-19,24300.0,PE,48230,,179400,17.54,399.55,24127.45
53664,2026-05-04 09:50:00,NIFTY,2026-05-19,24300.0,CE,98865,,271830,17.6,293.0,24127.45
53665,2026-05-04 09:50:00,NIFTY,2026-05-19,22450.0,PE,1040,,1950,22.8,24.0,24127.45
53666,2026-05-04 09:50:00,NIFTY,2026-05-19,22550.0,CE,0,,0,,1499.75,24127.45
53667,2026-05-04 09:50:00,NIFTY,2026-05-19,22500.0,PE,165750,,348140,21.54,20.45,24127.45
53668,2026-05-04 09:50:00,NIFTY,2026-05-19,22550.0,PE,455,,1235,21.32,22.0,24127.45
53669,2026-05-04 09:50:00,NIFTY,2026-05-12,21900.0,CE,0,0,0,,1428.35,24127.45
53670,2026-05-04 09:50:00,NIFTY,2026-05-12,21850.0,PE,30810,24635,102505,29.19,3.35,24127.45
53671,2026-05-04 09:50:00,NIFTY,2026-05-12,25450.0,PE,65,0,0,55.35,1610.0,24127.45
53672,2026-05-04 09:50:00,NIFTY,2026-05-12,25450.0,CE,211640,164060,773435,18.02,6.45,24127.45
53673,2026-05-04 09:50:00,NIFTY,2026-05-12,24050.0,CE,96330,13130,947310,19.04,330.2,24127.45
53674,2026-05-04 09:50:00,NIFTY,2026-05-12,24000.0,PE,1899170,588185,9283560,17.66,178.2,24127.45
53675,2026-05-04 09:50:00,NIFTY,2026-05-12,21950.0,CE,0,0,0,,1385.3,24127.45
53676,2026-05-04 09:50:00,NIFTY,2026-05-12,24000.0,CE,1161160,209755,5443815,19.22,361.35,24127.45
53677,2026-05-04 09:50:00,NIFTY,2026-05-12,21900.0,PE,43615,-8255,232960,28.82,3.55,24127.45
53678,2026-05-04 09:50:00,NIFTY,2026-05-12,22050.0,CE,0,0,0,,1300.6,24127.45
53679,2026-05-04 09:50:00,NIFTY,2026-05-12,24100.0,PE,942110,565045,5376345,17.5,219.4,24127.45
53680,2026-05-04 09:50:00,NIFTY,2026-05-12,22000.0,PE,1812720,1158560,3707535,27.99,3.9,24127.45
53681,2026-05-04 09:50:00,NIFTY,2026-05-12,22000.0,CE,20865,2015,3445,29.01,2163.85,24127.45
53682,2026-05-04 09:50:00,NIFTY,2026-05-12,24100.0,CE,1053975,455520,5983250,18.94,301.55,24127.45
53683,2026-05-04 09:50:00,NIFTY,2026-05-12,24050.0,PE,211835,137410,1560780,17.59,198.15,24127.45
53684,2026-05-04 09:50:00,NIFTY,2026-05-12,21950.0,PE,12805,-2470,91910,28.33,3.65,24127.45
53685,2026-05-04 09:50:00,NIFTY,2026-05-19,22600.0,PE,16445,,46345,21.17,24.0,24127.45
53686,2026-05-04 09:50:00,NIFTY,2026-05-19,22600.0,CE,0,,0,,1457.0,24127.45
53687,2026-05-04 09:50:00,NIFTY,2026-05-19,22650.0,CE,0,,0,,1414.7,24127.45
53688,2026-05-04 09:50:00,NIFTY,2026-05-12,21850.0,CE,0,0,0,,1471.9,24127.45
53689,2026-05-04 09:50:00,NIFTY,2026-05-19,22650.0,PE,650,,1430,21.65,30.0,24127.45
53690,2026-05-04 09:50:00,NIFTY,2026-05-12,25300.0,CE,1011335,605800,3709810,17.77,10.5,24127.45
53691,2026-05-04 09:50:00,NIFTY,2026-05-12,23750.0,PE,132145,61360,1157455,18.32,103.5,24127.45
53692,2026-05-04 09:50:00,NIFTY,2026-05-12,23750.0,CE,20475,8190,43225,20.61,541.9,24127.45
53693,2026-05-04 09:50:00,NIFTY,2026-05-12,25250.0,PE,390,390,1365,21.24,1115.0,24127.45
53694,2026-05-04 09:50:00,NIFTY,2026-05-12,25250.0,CE,314600,196690,1745770,17.69,12.35,24127.45
53695,2026-05-04 09:50:00,NIFTY,2026-05-12,21750.0,PE,9425,3055,27105,30.3,3.3,24127.45
53696,2026-05-04 09:50:00,NIFTY,2026-05-12,25400.0,CE,689260,398840,2572570,17.89,7.5,24127.45
53697,2026-05-04 09:50:00,NIFTY,2026-05-12,23850.0,PE,191880,92170,1109615,18.01,128.9,24127.45
53698,2026-05-04 09:50:00,NIFTY,2026-05-12,23850.0,CE,39390,-15275,114790,19.6,460.5,24127.45
53699,2026-05-04 09:50:00,NIFTY,2026-05-12,25350.0,PE,0,0,65,24.55,1225.6,24127.45
53700,2026-05-04 09:50:00,NIFTY,2026-05-12,21750.0,CE,0,0,0,,1560.25,24127.45
53701,2026-05-04 09:50:00,NIFTY,2026-05-12,25350.0,CE,187265,117845,806260,17.89,9.05,24127.45
53702,2026-05-04 09:50:00,NIFTY,2026-05-12,23800.0,PE,1171885,794950,5229120,18.12,115.15,24127.45
53703,2026-05-04 09:50:00,NIFTY,2026-05-12,23800.0,CE,309205,120705,587535,19.7,495.8,24127.45
53704,2026-05-04 09:50:00,NIFTY,2026-05-12,25300.0,PE,2210,1885,3575,,1133.65,24127.45
53705,2026-05-04 09:50:00,NIFTY,2026-05-12,23950.0,PE,204685,127790,1169870,17.87,161.65,24127.45
53706,2026-05-04 09:50:00,NIFTY,2026-05-12,21800.0,PE,150995,87750,461500,29.89,3.45,24127.45
53707,2026-05-04 09:50:00,NIFTY,2026-05-12,23950.0,CE,40950,-18005,230945,19.32,392.7,24127.45
53708,2026-05-04 09:50:00,NIFTY,2026-05-12,25400.0,PE,4875,650,975,,1220.0,24127.45
53709,2026-05-04 09:50:00,NIFTY,2026-05-12,23900.0,PE,545090,222170,3359005,17.9,144.15,24127.45
53710,2026-05-04 09:50:00,NIFTY,2026-05-12,21800.0,CE,0,0,0,,1515.85,24127.45
53711,2026-05-04 09:50:00,NIFTY,2026-05-12,23900.0,CE,210600,-19630,687375,19.57,427.45,24127.45
53712,2026-05-04 09:50:00,NIFTY,2026-05-19,22700.0,CE,0,,0,,1372.85,24127.45
53713,2026-05-04 09:50:00,NIFTY,2026-05-12,23700.0,PE,1213680,521105,3839680,18.45,92.25,24127.45
53714,2026-05-04 09:50:00,NIFTY,2026-05-19,22700.0,PE,25090,,55445,20.35,25.6,24127.45
53715,2026-05-04 09:50:00,NIFTY,2026-05-12,23550.0,CE,3575,130,4745,20.89,695.0,24127.45
53716,2026-05-04 09:50:00,NIFTY,2026-05-12,23600.0,CE,37245,22230,65260,20.51,652.0,24127.45
53717,2026-05-04 09:50:00,NIFTY,2026-05-12,25200.0,CE,908050,488345,4141995,17.63,14.55,24127.45
53718,2026-05-04 09:50:00,NIFTY,2026-05-12,26500.0,CE,273130,,703235,23.87,1.25,24127.45
53719,2026-05-04 09:50:00,NIFTY,2026-05-12,25150.0,PE,65,0,260,,843.0,24127.45
53720,2026-05-04 09:50:00,NIFTY,2026-05-12,25150.0,CE,225615,148590,868010,17.64,17.4,24127.45
53721,2026-05-04 09:50:00,NIFTY,2026-05-12,23550.0,PE,144365,111345,888160,18.88,64.75,24127.45
53722,2026-05-04 09:50:00,NIFTY,2026-05-12,25200.0,PE,7540,5070,9100,19.09,1057.6,24127.45
53723,2026-05-04 09:50:00,NIFTY,2026-05-12,23700.0,CE,89440,25350,140855,20.36,574.9,24127.45
53724,2026-05-04 09:50:00,NIFTY,2026-05-12,23650.0,PE,113165,60775,859170,18.58,81.95,24127.45
53725,2026-05-04 09:50:00,NIFTY,2026-05-12,26500.0,PE,0,,0,121.84,3217.6,24127.45
53726,2026-05-04 09:50:00,NIFTY,2026-05-12,23650.0,CE,9945,-195,8255,19.5,602.8,24127.45
53727,2026-05-04 09:50:00,NIFTY,2026-05-12,23600.0,PE,683410,400855,3991065,18.68,72.45,24127.45
53728,2026-05-04 09:50:00,NIFTY,2026-05-12,23500.0,PE,1652690,252720,8357375,18.93,56.55,24127.45
53729,2026-05-04 09:50:00,NIFTY,2026-05-12,25100.0,PE,2730,1105,2925,17.13,955.0,24127.45
53730,2026-05-04 09:50:00,NIFTY,2026-05-19,26100.0,CE,5590,,16510,17.43,5.0,24127.45
53731,2026-05-04 09:50:00,NIFTY,2026-05-19,26050.0,PE,0,,0,43.46,2100.0,24127.45
53732,2026-05-04 09:50:00,NIFTY,2026-05-19,26150.0,CE,2210,,6305,17.35,4.15,24127.45
53733,2026-05-04 09:50:00,NIFTY,2026-05-19,26100.0,PE,0,,0,43.91,2146.85,24127.45
53734,2026-05-04 09:50:00,NIFTY,2026-05-19,26200.0,CE,18265,,30290,17.38,3.6,24127.45
53735,2026-05-04 09:50:00,NIFTY,2026-05-19,26150.0,PE,0,,0,44.36,2193.85,24127.45
53736,2026-05-04 09:50:00,NIFTY,2026-05-19,26250.0,CE,2795,,5395,17.21,2.85,24127.45
53737,2026-05-04 09:50:00,NIFTY,2026-05-19,26200.0,PE,0,,0,44.81,2241.1,24127.45
53738,2026-05-04 09:50:00,NIFTY,2026-05-19,26250.0,PE,0,,0,45.27,2288.45,24127.45
53739,2026-05-04 09:50:00,NIFTY,2026-05-12,26400.0,PE,0,,65,,2219.95,24127.45
53740,2026-05-04 09:50:00,NIFTY,2026-05-12,26400.0,CE,30810,,71175,23.19,1.35,24127.45
53741,2026-05-04 09:50:00,NIFTY,2026-05-12,23400.0,PE,736710,322205,3116230,19.22,44.05,24127.45
53742,2026-05-04 09:50:00,NIFTY,2026-05-12,23400.0,CE,8060,1755,9815,21.17,820.2,24127.45
53743,2026-05-04 09:50:00,NIFTY,2026-05-12,26450.0,PE,0,,0,120.83,3168.2,24127.45
53744,2026-05-04 09:50:00,NIFTY,2026-05-12,26450.0,CE,23465,,43420,23.72,1.4,24127.45
53745,2026-05-04 09:50:00,NIFTY,2026-05-12,25100.0,CE,747825,422175,3601780,17.59,20.4,24127.45
53746,2026-05-04 09:50:00,NIFTY,2026-05-12,23500.0,CE,338390,221650,719225,20.47,731.2,24127.45
53747,2026-05-04 09:50:00,NIFTY,2026-05-12,25050.0,PE,390,325,845,,875.0,24127.45
53748,2026-05-04 09:50:00,NIFTY,2026-05-12,23450.0,PE,109720,65390,579670,19.09,50.05,24127.45
53749,2026-05-04 09:50:00,NIFTY,2026-05-12,25050.0,CE,162890,97695,1019005,17.61,24.3,24127.45
53750,2026-05-04 09:50:00,NIFTY,2026-05-12,23450.0,CE,910,-845,1170,21.74,783.6,24127.45
53751,2026-05-04 09:50:00,NIFTY,2026-05-12,23350.0,PE,130910,88660,795795,19.33,38.55,24127.45
53752,2026-05-04 09:50:00,NIFTY,2026-05-12,26350.0,PE,0,0,0,118.8,3069.55,24127.45
53753,2026-05-04 09:50:00,NIFTY,2026-05-19,26300.0,PE,0,,0,45.74,2336.0,24127.45
53754,2026-05-04 09:50:00,NIFTY,2026-05-19,26300.0,CE,6370,,15665,17.32,2.55,24127.45
53755,2026-05-04 09:50:00,NIFTY,2026-05-19,26350.0,PE,0,,0,46.21,2383.75,24127.45
53756,2026-05-04 09:50:00,NIFTY,2026-05-19,26350.0,CE,130,,2080,18.38,3.5,24127.45
53757,2026-05-04 09:50:00,NIFTY,2026-05-19,26400.0,PE,0,,0,46.68,2431.6,24127.45
53758,2026-05-04 09:50:00,NIFTY,2026-05-19,26400.0,CE,5135,,4420,18.0,2.55,24127.45
53759,2026-05-04 09:50:00,NIFTY,2026-05-19,26450.0,PE,0,,0,47.16,2479.6,24127.45
53760,2026-05-04 09:50:00,NIFTY,2026-05-19,26450.0,CE,715,,2145,18.21,2.4,24127.45
53761,2026-05-04 09:55:00,NIFTY,2026-05-19,26500.0,PE,0,0,0,46.97,2527.7,24116.85
53762,2026-05-04 09:55:00,NIFTY,2026-05-19,26500.0,CE,46280,-195,23205,18.62,2.4,24116.85
53763,2026-05-04 09:55:00,NIFTY,2026-05-12,25000.0,PE,249925,1105,248495,,845.0,24116.85
53764,2026-05-04 09:55:00,NIFTY,2026-05-12,23300.0,CE,13130,130,10595,22.29,905.0,24116.85
53765,2026-05-04 09:55:00,NIFTY,2026-05-12,23250.0,PE,173290,4550,995150,19.42,29.5,24116.85
53766,2026-05-04 09:55:00,NIFTY,2026-05-12,25000.0,CE,2980770,-19825,10985715,17.69,28.1,24116.85
53767,2026-05-04 09:55:00,NIFTY,2026-05-12,23250.0,CE,1105,0,3250,18.71,925.45,24116.85
53768,2026-05-04 09:55:00,NIFTY,2026-05-12,24950.0,PE,455,0,0,24.03,882.9,24116.85
53769,2026-05-04 09:55:00,NIFTY,2026-05-12,24950.0,CE,174135,9165,1097070,17.72,33.2,24116.85
53770,2026-05-04 09:55:00,NIFTY,2026-05-12,26350.0,CE,9685,0,23010,22.86,1.35,24116.85
53771,2026-05-04 09:55:00,NIFTY,2026-05-12,23350.0,CE,1690,0,455,,779.55,24116.85
53772,2026-05-04 09:55:00,NIFTY,2026-05-12,26300.0,PE,65,0,0,,2110.45,24116.85
53773,2026-05-04 09:55:00,NIFTY,2026-05-12,26300.0,CE,27755,2470,209365,22.59,1.45,24116.85
53774,2026-05-04 09:55:00,NIFTY,2026-05-12,23300.0,PE,888485,6175,5141240,19.24,33.45,24116.85
53775,2026-05-04 09:55:00,NIFTY,2026-05-12,23200.0,PE,1821625,33475,5489835,19.55,25.75,24116.85
53776,2026-05-04 09:55:00,NIFTY,2026-05-12,24900.0,PE,27625,65,21580,11.23,753.0,24116.85
53777,2026-05-04 09:55:00,NIFTY,2026-05-12,24900.0,CE,1069250,16965,3723460,17.72,38.8,24116.85
53778,2026-05-04 09:55:00,NIFTY,2026-05-12,24850.0,PE,1560,0,4225,9.22,700.0,24116.85
53779,2026-05-04 09:55:00,NIFTY,2026-05-19,24350.0,PE,11245,0,19760,17.84,439.7,24116.85
53780,2026-05-04 09:55:00,NIFTY,2026-05-19,24350.0,CE,10270,845,27040,17.72,269.1,24116.85
53781,2026-05-04 09:55:00,NIFTY,2026-05-19,24400.0,PE,44655,390,50310,16.56,445.15,24116.85
53782,2026-05-04 09:55:00,NIFTY,2026-05-19,24400.0,CE,54210,585,128895,17.68,248.3,24116.85
53783,2026-05-04 09:55:00,NIFTY,2026-05-19,24450.0,PE,5330,-65,11960,16.31,471.55,24116.85
53784,2026-05-04 09:55:00,NIFTY,2026-05-19,24450.0,CE,12155,65,24700,17.56,226.9,24116.85
53785,2026-05-04 09:55:00,NIFTY,2026-05-12,23200.0,CE,20865,65,20670,22.87,996.0,24116.85
53786,2026-05-04 09:55:00,NIFTY,2026-05-12,24850.0,CE,194285,-6825,1272960,17.73,45.2,24116.85
53787,2026-05-04 09:55:00,NIFTY,2026-05-12,24800.0,PE,97240,0,152815,14.05,672.3,24116.85
53788,2026-05-04 09:55:00,NIFTY,2026-05-12,24800.0,CE,1360320,9945,5560490,17.77,52.8,24116.85
53789,2026-05-04 09:55:00,NIFTY,2026-05-12,26250.0,PE,0,0,0,116.22,2971.0,24116.85
53790,2026-05-04 09:55:00,NIFTY,2026-05-12,26250.0,CE,46345,-1820,133055,22.06,1.4,24116.85
53791,2026-05-04 09:55:00,NIFTY,2026-05-12,26200.0,PE,0,0,0,115.2,2921.8,24116.85
53792,2026-05-04 09:55:00,NIFTY,2026-05-12,24750.0,PE,6435,1560,12935,14.95,634.5,24116.85
53793,2026-05-04 09:55:00,NIFTY,2026-05-12,26200.0,CE,151580,-2470,701090,21.61,1.4,24116.85
53794,2026-05-04 09:55:00,NIFTY,2026-05-12,24750.0,CE,224835,4875,1388660,17.87,61.9,24116.85
53795,2026-05-04 09:55:00,NIFTY,2026-05-19,24500.0,CE,242970,-260,564395,17.47,207.25,24116.85
53796,2026-05-04 09:55:00,NIFTY,2026-05-19,24500.0,PE,61100,-130,112775,16.49,507.15,24116.85
53797,2026-05-04 09:55:00,NIFTY,2026-05-19,24550.0,CE,11180,0,23985,17.45,190.0,24116.85
53798,2026-05-04 09:55:00,NIFTY,2026-05-19,24550.0,PE,3250,0,1300,17.69,562.0,24116.85
53799,2026-05-04 09:55:00,NIFTY,2026-05-12,26150.0,CE,36205,-1625,162955,21.25,1.45,24116.85
53800,2026-05-04 09:55:00,NIFTY,2026-05-12,26100.0,PE,715,0,650,,1925.0,24116.85
53801,2026-05-04 09:55:00,NIFTY,2026-05-12,26100.0,CE,109655,-6760,522990,21.1,1.65,24116.85
53802,2026-05-04 09:55:00,NIFTY,2026-05-12,24700.0,PE,39910,520,80405,15.2,593.85,24116.85
53803,2026-05-04 09:55:00,NIFTY,2026-05-12,24700.0,CE,1037140,18655,6297525,17.88,71.15,24116.85
53804,2026-05-04 09:55:00,NIFTY,2026-05-12,26150.0,PE,0,0,0,114.17,2872.65,24116.85
53805,2026-05-04 09:55:00,NIFTY,2026-05-12,26050.0,PE,0,0,0,112.1,2774.55,24116.85
53806,2026-05-04 09:55:00,NIFTY,2026-05-12,26050.0,CE,158405,7085,466765,20.57,1.6,24116.85
53807,2026-05-04 09:55:00,NIFTY,2026-05-12,26000.0,PE,55380,390,58305,,1812.95,24116.85
53808,2026-05-04 09:55:00,NIFTY,2026-05-12,24650.0,PE,5265,390,14820,14.96,550.0,24116.85
53809,2026-05-04 09:55:00,NIFTY,2026-05-12,26000.0,CE,4317495,108420,8112065,20.25,1.7,24116.85
53810,2026-05-04 09:55:00,NIFTY,2026-05-19,22750.0,CE,0,0,0,,1331.55,24116.85
53811,2026-05-04 09:55:00,NIFTY,2026-05-19,24600.0,PE,9165,0,13715,16.37,573.0,24116.85
53812,2026-05-04 09:55:00,NIFTY,2026-05-19,24600.0,CE,45890,975,134290,17.31,171.7,24116.85
53813,2026-05-04 09:55:00,NIFTY,2026-05-19,22800.0,CE,0,0,0,,1290.75,24116.85
53814,2026-05-04 09:55:00,NIFTY,2026-05-19,24650.0,PE,260,0,975,18.23,640.05,24116.85
53815,2026-05-04 09:55:00,NIFTY,2026-05-19,22750.0,PE,715,0,845,20.76,32.3,24116.85
53816,2026-05-04 09:55:00,NIFTY,2026-05-19,24650.0,CE,15470,-65,37765,17.12,153.8,24116.85
53817,2026-05-04 09:55:00,NIFTY,2026-05-19,22850.0,CE,0,0,0,,1250.45,24116.85
53818,2026-05-04 09:55:00,NIFTY,2026-05-19,24700.0,PE,3575,0,4680,16.67,650.0,24116.85
53819,2026-05-04 09:55:00,NIFTY,2026-05-19,22800.0,PE,57785,0,124670,20.64,35.45,24116.85
53820,2026-05-04 09:55:00,NIFTY,2026-05-19,24700.0,CE,91260,520,159705,17.06,139.0,24116.85
53821,2026-05-04 09:55:00,NIFTY,2026-05-19,22900.0,CE,0,0,0,,1210.75,24116.85
53822,2026-05-04 09:55:00,NIFTY,2026-05-19,24750.0,PE,65,0,0,18.62,718.5,24116.85
53823,2026-05-04 09:55:00,NIFTY,2026-05-19,24750.0,CE,10270,0,26910,17.05,126.15,24116.85
53824,2026-05-04 09:55:00,NIFTY,2026-05-19,22850.0,PE,1755,0,2535,21.91,50.0,24116.85
53825,2026-05-04 09:55:00,NIFTY,2026-05-19,22950.0,CE,0,0,0,,1171.55,24116.85
53826,2026-05-04 09:55:00,NIFTY,2026-05-19,24800.0,PE,3380,0,1950,18.24,749.8,24116.85
53827,2026-05-04 09:55:00,NIFTY,2026-05-19,24800.0,CE,95160,2925,210470,16.89,112.0,24116.85
53828,2026-05-04 09:55:00,NIFTY,2026-05-19,22900.0,PE,83980,3185,160680,20.28,41.7,24116.85
53829,2026-05-04 09:55:00,NIFTY,2026-05-19,22950.0,PE,2795,0,715,19.95,43.95,24116.85
53830,2026-05-04 09:55:00,NIFTY,2026-05-12,24550.0,CE,259480,-14495,2222805,18.11,108.05,24116.85
53831,2026-05-04 09:55:00,NIFTY,2026-05-12,25950.0,PE,0,0,0,110.02,2676.7,24116.85
53832,2026-05-04 09:55:00,NIFTY,2026-05-12,24650.0,CE,313170,6305,2618330,17.97,82.4,24116.85
53833,2026-05-04 09:55:00,NIFTY,2026-05-12,24600.0,PE,58825,390,132080,15.31,513.0,24116.85
53834,2026-05-04 09:55:00,NIFTY,2026-05-12,25950.0,CE,779675,0,2010515,19.72,1.65,24116.85
53835,2026-05-04 09:55:00,NIFTY,2026-05-12,24600.0,CE,1622985,-1040,7031830,17.95,93.5,24116.85
53836,2026-05-04 09:55:00,NIFTY,2026-05-12,25900.0,PE,0,0,0,108.97,2627.9,24116.85
53837,2026-05-04 09:55:00,NIFTY,2026-05-12,24550.0,PE,11440,325,33865,15.49,476.0,24116.85
53838,2026-05-04 09:55:00,NIFTY,2026-05-12,25900.0,CE,926640,8970,2703350,19.25,1.65,24116.85
53839,2026-05-04 09:55:00,NIFTY,2026-05-19,23000.0,PE,344565,1040,765310,19.87,48.6,24116.85
53840,2026-05-04 09:55:00,NIFTY,2026-05-19,23000.0,CE,4680,520,1365,20.5,1232.45,24116.85
53841,2026-05-04 09:55:00,NIFTY,2026-05-19,23050.0,PE,8970,0,3185,19.86,54.3,24116.85
53842,2026-05-04 09:55:00,NIFTY,2026-05-19,23050.0,CE,65,0,0,17.84,1165.1,24116.85
53843,2026-05-04 09:55:00,NIFTY,2026-05-19,23100.0,PE,37765,-1235,98540,19.69,58.85,24116.85
53844,2026-05-04 09:55:00,NIFTY,2026-05-19,23100.0,CE,130,0,130,27.05,1224.7,24116.85
53845,2026-05-04 09:55:00,NIFTY,2026-05-19,23150.0,PE,8970,0,14365,20.37,73.0,24116.85
53846,2026-05-04 09:55:00,NIFTY,2026-05-19,23150.0,CE,65,0,0,24.03,1145.1,24116.85
53847,2026-05-04 09:55:00,NIFTY,2026-05-12,25850.0,PE,0,0,0,107.93,2579.2,24116.85
53848,2026-05-04 09:55:00,NIFTY,2026-05-12,25850.0,CE,325520,0,833300,19.04,1.85,24116.85
53849,2026-05-04 09:55:00,NIFTY,2026-05-12,25800.0,PE,65,0,0,50.57,1840.0,24116.85
53850,2026-05-04 09:55:00,NIFTY,2026-05-12,25800.0,CE,1123980,27170,2980445,18.97,2.2,24116.85
53851,2026-05-04 09:55:00,NIFTY,2026-05-19,23200.0,CE,910,0,0,17.09,1025.0,24116.85
53852,2026-05-04 09:55:00,NIFTY,2026-05-19,23250.0,CE,65,0,0,23.84,1063.2,24116.85
53853,2026-05-04 09:55:00,NIFTY,2026-05-19,23200.0,PE,52390,455,88465,19.47,70.55,24116.85
53854,2026-05-04 09:55:00,NIFTY,2026-05-19,23300.0,CE,1495,0,1105,20.96,985.0,24116.85
53855,2026-05-04 09:55:00,NIFTY,2026-05-19,23250.0,PE,14105,5525,24050,19.24,75.8,24116.85
53856,2026-05-04 09:55:00,NIFTY,2026-05-19,23300.0,PE,54275,65,140400,19.16,83.3,24116.85
53857,2026-05-04 09:55:00,NIFTY,2026-05-19,24850.0,PE,65,0,0,17.73,780.4,24116.85
53858,2026-05-04 09:55:00,NIFTY,2026-05-19,24850.0,CE,13065,-65,57720,16.97,102.4,24116.85
53859,2026-05-04 09:55:00,NIFTY,2026-05-12,25750.0,PE,195,0,0,45.7,1751.4,24116.85
53860,2026-05-04 09:55:00,NIFTY,2026-05-12,25750.0,CE,228280,-910,535795,18.69,2.4,24116.85
53861,2026-05-04 09:55:00,NIFTY,2026-05-12,25700.0,PE,195,0,0,50.7,1760.0,24116.85
53862,2026-05-04 09:55:00,NIFTY,2026-05-19,24900.0,CE,44265,-1300,140790,16.79,89.9,24116.85
53863,2026-05-04 09:55:00,NIFTY,2026-05-19,24950.0,CE,24570,3575,44005,16.79,80.75,24116.85
53864,2026-05-04 09:55:00,NIFTY,2026-05-19,24900.0,PE,130,0,0,23.28,905.0,24116.85
53865,2026-05-04 09:55:00,NIFTY,2026-05-19,24950.0,PE,65,0,0,25.63,980.5,24116.85
53866,2026-05-04 09:55:00,NIFTY,2026-05-19,25000.0,CE,382395,7020,926250,16.62,70.45,24116.85
53867,2026-05-04 09:55:00,NIFTY,2026-05-19,25050.0,CE,15015,130,35230,16.55,62.1,24116.85
53868,2026-05-04 09:55:00,NIFTY,2026-05-19,25000.0,PE,28145,3055,28405,14.21,859.85,24116.85
53869,2026-05-04 09:55:00,NIFTY,2026-05-19,25050.0,PE,65,0,0,17.76,942.8,24116.85
53870,2026-05-04 09:55:00,NIFTY,2026-05-12,23000.0,PE,2191475,62075,7689565,20.33,15.6,24116.85
53871,2026-05-04 09:55:00,NIFTY,2026-05-12,23000.0,CE,81185,455,69875,24.63,1185.5,24116.85
53872,2026-05-04 09:55:00,NIFTY,2026-05-12,22950.0,PE,115960,-3250,600535,20.53,13.75,24116.85
53873,2026-05-04 09:55:00,NIFTY,2026-05-12,22950.0,CE,260,0,130,37.0,1321.6,24116.85
53874,2026-05-04 09:55:00,NIFTY,2026-05-12,23100.0,PE,892385,3835,3153215,19.96,20.15,24116.85
53875,2026-05-04 09:55:00,NIFTY,2026-05-12,23100.0,CE,3510,-130,3185,23.7,1090.0,24116.85
53876,2026-05-04 09:55:00,NIFTY,2026-05-12,23050.0,PE,104260,-1040,538655,20.08,17.45,24116.85
53877,2026-05-04 09:55:00,NIFTY,2026-05-12,23050.0,CE,780,0,0,,1052.1,24116.85
53878,2026-05-04 09:55:00,NIFTY,2026-05-12,23150.0,PE,101010,455,555425,19.77,22.85,24116.85
53879,2026-05-04 09:55:00,NIFTY,2026-05-12,23150.0,CE,650,0,780,22.6,1038.5,24116.85
53880,2026-05-04 09:55:00,NIFTY,2026-05-19,25100.0,PE,325,0,0,22.79,1051.0,24116.85
53881,2026-05-04 09:55:00,NIFTY,2026-05-19,25100.0,CE,76570,1170,161005,16.48,54.55,24116.85
53882,2026-05-04 09:55:00,NIFTY,2026-05-19,25150.0,PE,65,0,0,17.6,1026.15,24116.85
53883,2026-05-04 09:55:00,NIFTY,2026-05-19,25150.0,CE,18265,0,36270,16.28,46.45,24116.85
53884,2026-05-04 09:55:00,NIFTY,2026-05-19,25200.0,PE,65,0,0,18.82,1082.8,24116.85
53885,2026-05-04 09:55:00,NIFTY,2026-05-19,25200.0,CE,138060,1040,374660,16.25,40.8,24116.85
53886,2026-05-04 09:55:00,NIFTY,2026-05-19,23350.0,CE,65,0,715,18.14,908.75,24116.85
53887,2026-05-04 09:55:00,NIFTY,2026-05-19,25250.0,PE,130,0,0,21.78,1160.0,24116.85
53888,2026-05-04 09:55:00,NIFTY,2026-05-19,25250.0,CE,10920,1105,23205,16.28,36.2,24116.85
53889,2026-05-04 09:55:00,NIFTY,2026-05-19,23400.0,CE,2535,0,0,,710.15,24116.85
53890,2026-05-04 09:55:00,NIFTY,2026-05-19,25300.0,PE,0,0,65,17.28,1155.8,24116.85
53891,2026-05-04 09:55:00,NIFTY,2026-05-19,25300.0,CE,62270,390,103870,16.33,32.25,24116.85
53892,2026-05-04 09:55:00,NIFTY,2026-05-19,23350.0,PE,7410,260,9360,19.14,92.0,24116.85
53893,2026-05-04 09:55:00,NIFTY,2026-05-19,23400.0,PE,23465,-390,70135,18.92,98.9,24116.85
53894,2026-05-04 09:55:00,NIFTY,2026-05-12,22750.0,CE,195,0,260,36.78,1487.1,24116.85
53895,2026-05-04 09:55:00,NIFTY,2026-05-12,22700.0,PE,565305,14820,1863290,21.86,8.05,24116.85
53896,2026-05-04 09:55:00,NIFTY,2026-05-12,22700.0,CE,910,0,1040,,1445.0,24116.85
53897,2026-05-04 09:55:00,NIFTY,2026-05-12,22850.0,CE,65,0,65,15.45,1300.75,24116.85
53898,2026-05-04 09:55:00,NIFTY,2026-05-12,22800.0,PE,1408550,9880,3829085,21.19,9.6,24116.85
53899,2026-05-04 09:55:00,NIFTY,2026-05-12,22800.0,CE,8775,0,8125,26.85,1380.0,24116.85
53900,2026-05-04 09:55:00,NIFTY,2026-05-12,22750.0,PE,197470,8840,720070,21.57,8.9,24116.85
53901,2026-05-04 09:55:00,NIFTY,2026-05-12,22900.0,PE,661830,22750,2777125,20.78,12.3,24116.85
53902,2026-05-04 09:55:00,NIFTY,2026-05-12,22900.0,CE,975,0,1170,27.1,1290.0,24116.85
53903,2026-05-04 09:55:00,NIFTY,2026-05-12,22850.0,PE,388700,12545,1235455,21.0,10.9,24116.85
53904,2026-05-04 09:55:00,NIFTY,2026-05-19,25350.0,CE,10465,0,15405,16.59,30.2,24116.85
53905,2026-05-04 09:55:00,NIFTY,2026-05-19,25400.0,CE,38155,520,55770,16.41,25.35,24116.85
53906,2026-05-04 09:55:00,NIFTY,2026-05-19,25350.0,PE,0,0,65,17.25,1200.85,24116.85
53907,2026-05-04 09:55:00,NIFTY,2026-05-19,25450.0,CE,14885,0,5395,16.02,19.85,24116.85
53908,2026-05-04 09:55:00,NIFTY,2026-05-19,23450.0,PE,8970,65,23335,18.85,108.35,24116.85
53909,2026-05-04 09:55:00,NIFTY,2026-05-19,23450.0,CE,1560,0,0,32.39,1053.55,24116.85
53910,2026-05-04 09:55:00,NIFTY,2026-05-19,25400.0,PE,130,0,0,22.84,1300.0,24116.85
53911,2026-05-04 09:55:00,NIFTY,2026-05-19,25500.0,CE,202410,-65,352430,16.49,19.75,24116.85
53912,2026-05-04 09:55:00,NIFTY,2026-05-19,23500.0,PE,159705,260,411385,18.69,117.3,24116.85
53913,2026-05-04 09:55:00,NIFTY,2026-05-19,25450.0,PE,0,0,65,17.24,1292.8,24116.85
53914,2026-05-04 09:55:00,NIFTY,2026-05-19,23500.0,CE,4810,0,6435,18.88,799.6,24116.85
53915,2026-05-04 09:55:00,NIFTY,2026-05-19,23550.0,PE,10335,-65,21450,18.68,129.1,24116.85
53916,2026-05-04 09:55:00,NIFTY,2026-05-19,25550.0,CE,9945,65,15210,16.73,18.5,24116.85
53917,2026-05-04 09:55:00,NIFTY,2026-05-19,23550.0,CE,2340,0,0,28.93,927.4,24116.85
53918,2026-05-04 09:55:00,NIFTY,2026-05-19,25500.0,PE,65,0,0,21.13,1370.0,24116.85
53919,2026-05-04 09:55:00,NIFTY,2026-05-19,23600.0,PE,34580,-1235,90545,18.43,138.05,24116.85
53920,2026-05-04 09:55:00,NIFTY,2026-05-19,23600.0,CE,3445,0,2535,18.61,720.6,24116.85
53921,2026-05-04 09:55:00,NIFTY,2026-05-19,25550.0,PE,0,0,0,38.92,1645.4,24116.85
53922,2026-05-04 09:55:00,NIFTY,2026-05-12,24450.0,PE,23140,0,116870,16.07,409.6,24116.85
53923,2026-05-04 09:55:00,NIFTY,2026-05-12,24450.0,CE,177775,-455,1083420,18.31,139.75,24116.85
53924,2026-05-04 09:55:00,NIFTY,2026-05-12,22600.0,PE,345410,2015,1575795,22.57,6.85,24116.85
53925,2026-05-04 09:55:00,NIFTY,2026-05-12,24500.0,PE,400400,-845,1166750,15.94,443.8,24116.85
53926,2026-05-04 09:55:00,NIFTY,2026-05-12,22600.0,CE,325,0,520,30.05,1580.0,24116.85
53927,2026-05-04 09:55:00,NIFTY,2026-05-12,24500.0,CE,2482675,129870,12514580,18.19,123.0,24116.85
53928,2026-05-04 09:55:00,NIFTY,2026-05-12,22650.0,PE,92820,2080,439140,22.23,7.45,24116.85
53929,2026-05-04 09:55:00,NIFTY,2026-05-12,22650.0,CE,65,0,130,40.46,1600.6,24116.85
53930,2026-05-04 09:55:00,NIFTY,2026-05-19,25600.0,PE,0,0,0,39.28,1689.55,24116.85
53931,2026-05-04 09:55:00,NIFTY,2026-05-19,25600.0,CE,20605,0,39910,16.42,14.65,24116.85
53932,2026-05-04 09:55:00,NIFTY,2026-05-19,25650.0,PE,0,0,0,,1214.0,24116.85
53933,2026-05-04 09:55:00,NIFTY,2026-05-19,25650.0,CE,3705,-195,2210,16.99,15.2,24116.85
53934,2026-05-04 09:55:00,NIFTY,2026-05-19,23650.0,CE,2925,0,2275,15.29,632.6,24116.85
53935,2026-05-04 09:55:00,NIFTY,2026-05-19,21750.0,PE,0,0,0,28.72,18.05,24116.85
53936,2026-05-04 09:55:00,NIFTY,2026-05-19,25700.0,PE,65,0,0,26.48,1600.0,24116.85
53937,2026-05-04 09:55:00,NIFTY,2026-05-19,21750.0,CE,0,0,0,,2231.55,24116.85
53938,2026-05-04 09:55:00,NIFTY,2026-05-19,25700.0,CE,54600,455,102635,16.48,11.2,24116.85
53939,2026-05-04 09:55:00,NIFTY,2026-05-19,23700.0,CE,6110,0,2405,19.07,656.9,24116.85
53940,2026-05-04 09:55:00,NIFTY,2026-05-19,21800.0,PE,2730,0,2925,25.91,10.95,24116.85
53941,2026-05-04 09:55:00,NIFTY,2026-05-19,25750.0,PE,0,0,0,40.41,1823.9,24116.85
53942,2026-05-04 09:55:00,NIFTY,2026-05-19,25750.0,CE,1430,0,4030,16.2,8.7,24116.85
53943,2026-05-04 09:55:00,NIFTY,2026-05-19,21800.0,CE,0,0,0,,2183.85,24116.85
53944,2026-05-04 09:55:00,NIFTY,2026-05-19,23650.0,PE,4680,-65,15600,18.2,147.8,24116.85
53945,2026-05-04 09:55:00,NIFTY,2026-05-19,25800.0,PE,0,0,0,40.8,1869.25,24116.85
53946,2026-05-04 09:55:00,NIFTY,2026-05-19,23700.0,PE,22425,585,68055,18.32,164.3,24116.85
53947,2026-05-04 09:55:00,NIFTY,2026-05-19,21850.0,CE,0,0,0,,2136.35,24116.85
53948,2026-05-04 09:55:00,NIFTY,2026-05-19,25800.0,CE,202410,0,102895,16.56,8.55,24116.85
53949,2026-05-04 09:55:00,NIFTY,2026-05-19,21900.0,CE,0,0,0,,2089.05,24116.85
53950,2026-05-04 09:55:00,NIFTY,2026-05-19,21850.0,PE,0,0,0,28.78,22.3,24116.85
53951,2026-05-04 09:55:00,NIFTY,2026-05-12,22450.0,CE,0,0,0,,985.1,24116.85
53952,2026-05-04 09:55:00,NIFTY,2026-05-12,24350.0,PE,160680,-65,505115,16.45,347.75,24116.85
53953,2026-05-04 09:55:00,NIFTY,2026-05-12,22550.0,CE,0,0,0,,911.35,24116.85
53954,2026-05-04 09:55:00,NIFTY,2026-05-12,24350.0,CE,219830,845,1611675,18.47,176.65,24116.85
53955,2026-05-04 09:55:00,NIFTY,2026-05-12,22500.0,PE,1709630,50895,4139005,23.41,6.1,24116.85
53956,2026-05-04 09:55:00,NIFTY,2026-05-12,22500.0,CE,6045,0,4485,31.62,1679.9,24116.85
53957,2026-05-04 09:55:00,NIFTY,2026-05-12,22450.0,PE,78845,4745,316745,23.7,5.55,24116.85
53958,2026-05-04 09:55:00,NIFTY,2026-05-12,24400.0,PE,255125,-130,1038570,16.36,379.1,24116.85
53959,2026-05-04 09:55:00,NIFTY,2026-05-12,24400.0,CE,961545,18785,4575545,18.33,156.75,24116.85
53960,2026-05-04 09:55:00,NIFTY,2026-05-12,22550.0,PE,75530,1625,443495,23.01,6.5,24116.85
53961,2026-05-04 09:55:00,NIFTY,2026-05-19,25850.0,CE,3705,0,7475,17.0,8.65,24116.85
53962,2026-05-04 09:55:00,NIFTY,2026-05-19,23750.0,PE,10010,0,16705,17.97,173.85,24116.85
53963,2026-05-04 09:55:00,NIFTY,2026-05-19,25900.0,CE,33735,0,14430,16.93,7.25,24116.85
53964,2026-05-04 09:55:00,NIFTY,2026-05-19,25850.0,PE,0,0,0,41.2,1914.9,24116.85
53965,2026-05-04 09:55:00,NIFTY,2026-05-19,23750.0,CE,3250,0,2795,18.62,615.15,24116.85
53966,2026-05-04 09:55:00,NIFTY,2026-05-19,25950.0,CE,1365,0,650,17.17,6.85,24116.85
53967,2026-05-04 09:55:00,NIFTY,2026-05-19,21950.0,CE,0,0,0,,2041.95,24116.85
53968,2026-05-04 09:55:00,NIFTY,2026-05-19,25900.0,PE,0,0,0,41.61,1960.85,24116.85
53969,2026-05-04 09:55:00,NIFTY,2026-05-19,21900.0,PE,2210,0,5070,26.13,14.5,24116.85
53970,2026-05-04 09:55:00,NIFTY,2026-05-19,23800.0,PE,61490,130,143715,18.0,190.65,24116.85
53971,2026-05-04 09:55:00,NIFTY,2026-05-19,22000.0,CE,0,0,130,31.74,2222.0,24116.85
53972,2026-05-04 09:55:00,NIFTY,2026-05-19,26000.0,CE,376415,14365,482040,17.42,6.5,24116.85
53973,2026-05-04 09:55:00,NIFTY,2026-05-19,23800.0,CE,42315,0,18525,18.69,583.2,24116.85
53974,2026-05-04 09:55:00,NIFTY,2026-05-19,25950.0,PE,0,0,0,42.02,2007.0,24116.85
53975,2026-05-04 09:55:00,NIFTY,2026-05-19,21950.0,PE,0,0,0,28.85,27.35,24116.85
53976,2026-05-04 09:55:00,NIFTY,2026-05-19,26050.0,CE,715,0,1755,17.47,5.7,24116.85
53977,2026-05-04 09:55:00,NIFTY,2026-05-19,23850.0,PE,9360,195,31200,17.93,206.75,24116.85
53978,2026-05-04 09:55:00,NIFTY,2026-05-19,22050.0,CE,0,0,0,,1948.5,24116.85
53979,2026-05-04 09:55:00,NIFTY,2026-05-19,26000.0,PE,650,0,390,,1800.55,24116.85
53980,2026-05-04 09:55:00,NIFTY,2026-05-19,23850.0,CE,6175,65,10465,19.07,557.95,24116.85
53981,2026-05-04 09:55:00,NIFTY,2026-05-19,22000.0,PE,83980,4615,157040,24.07,11.25,24116.85
53982,2026-05-04 09:55:00,NIFTY,2026-05-19,22100.0,CE,0,0,0,,1902.15,24116.85
53983,2026-05-04 09:55:00,NIFTY,2026-05-19,23900.0,PE,48620,325,89180,17.88,224.35,24116.85
53984,2026-05-04 09:55:00,NIFTY,2026-05-19,23900.0,CE,26650,0,59605,19.01,525.7,24116.85
53985,2026-05-04 09:55:00,NIFTY,2026-05-19,22050.0,PE,0,0,0,28.92,33.35,24116.85
53986,2026-05-04 09:55:00,NIFTY,2026-05-19,22100.0,PE,111605,260,148070,22.85,10.55,24116.85
53987,2026-05-04 09:55:00,NIFTY,2026-05-12,25650.0,PE,520,0,1040,,1400.0,24116.85
53988,2026-05-04 09:55:00,NIFTY,2026-05-12,25650.0,CE,91325,455,395525,18.54,3.4,24116.85
53989,2026-05-04 09:55:00,NIFTY,2026-05-12,24250.0,CE,403260,-2470,2784665,18.72,220.75,24116.85
53990,2026-05-04 09:55:00,NIFTY,2026-05-12,22350.0,CE,0,0,0,,1059.6,24116.85
53991,2026-05-04 09:55:00,NIFTY,2026-05-12,22300.0,PE,265395,-2015,1078480,25.06,4.85,24116.85
53992,2026-05-04 09:55:00,NIFTY,2026-05-12,22300.0,CE,130,0,0,,1595.1,24116.85
53993,2026-05-04 09:55:00,NIFTY,2026-05-12,22400.0,PE,480090,3315,1600560,24.22,5.4,24116.85
53994,2026-05-04 09:55:00,NIFTY,2026-05-12,24300.0,CE,1661595,4680,9133800,18.53,197.1,24116.85
53995,2026-05-04 09:55:00,NIFTY,2026-05-12,25700.0,CE,852150,7540,2615080,18.65,2.9,24116.85
53996,2026-05-04 09:55:00,NIFTY,2026-05-12,22400.0,CE,0,0,0,,1021.6,24116.85
53997,2026-05-04 09:55:00,NIFTY,2026-05-12,24250.0,PE,167765,-2925,1684085,16.87,293.25,24116.85
53998,2026-05-04 09:55:00,NIFTY,2026-05-12,22350.0,PE,44395,3965,172380,24.63,5.1,24116.85
53999,2026-05-04 09:55:00,NIFTY,2026-05-19,23950.0,CE,6825,65,6760,18.55,487.1,24116.85
54000,2026-05-04 09:55:00,NIFTY,2026-05-12,24300.0,PE,1223040,12285,4782570,16.69,320.0,24116.85
54001,2026-05-04 09:55:00,NIFTY,2026-05-19,24000.0,CE,132600,0,246025,18.57,458.5,24116.85
54002,2026-05-04 09:55:00,NIFTY,2026-05-19,22150.0,PE,130,0,260,23.01,12.5,24116.85
54003,2026-05-04 09:55:00,NIFTY,2026-05-19,22150.0,CE,0,0,0,,1856.1,24116.85
54004,2026-05-04 09:55:00,NIFTY,2026-05-19,23950.0,PE,14625,0,24245,17.73,241.05,24116.85
54005,2026-05-04 09:55:00,NIFTY,2026-05-19,22200.0,CE,0,0,0,,1810.3,24116.85
54006,2026-05-04 09:55:00,NIFTY,2026-05-19,24050.0,CE,7930,0,33345,18.81,435.0,24116.85
54007,2026-05-04 09:55:00,NIFTY,2026-05-19,24000.0,PE,174850,1170,387855,17.68,260.7,24116.85
54008,2026-05-04 09:55:00,NIFTY,2026-05-19,24100.0,CE,91975,845,229710,18.22,396.85,24116.85
54009,2026-05-04 09:55:00,NIFTY,2026-05-19,22200.0,PE,37180,0,40235,22.7,13.1,24116.85
54010,2026-05-04 09:55:00,NIFTY,2026-05-19,24050.0,PE,16055,-130,29315,17.53,279.5,24116.85
54011,2026-05-04 09:55:00,NIFTY,2026-05-19,24150.0,CE,22360,0,69680,18.16,369.9,24116.85
54012,2026-05-04 09:55:00,NIFTY,2026-05-19,22250.0,PE,65,0,325,22.26,13.3,24116.85
54013,2026-05-04 09:55:00,NIFTY,2026-05-19,24100.0,PE,89440,-130,216320,17.41,300.05,24116.85
54014,2026-05-04 09:55:00,NIFTY,2026-05-19,22250.0,CE,0,0,0,,1764.85,24116.85
54015,2026-05-04 09:55:00,NIFTY,2026-05-19,22300.0,PE,10335,65,17810,22.34,15.4,24116.85
54016,2026-05-04 09:55:00,NIFTY,2026-05-19,24150.0,PE,20020,65,42705,17.19,319.55,24116.85
54017,2026-05-04 09:55:00,NIFTY,2026-05-19,22300.0,CE,0,0,0,1.93,1719.75,24116.85
54018,2026-05-04 09:55:00,NIFTY,2026-05-12,25500.0,CE,1957605,50505,5083780,18.22,5.45,24116.85
54019,2026-05-04 09:55:00,NIFTY,2026-05-12,24200.0,PE,1470495,-18525,8568300,17.01,267.6,24116.85
54020,2026-05-04 09:55:00,NIFTY,2026-05-12,22100.0,PE,105885,-1170,724425,26.78,4.0,24116.85
54021,2026-05-04 09:55:00,NIFTY,2026-05-12,22100.0,CE,0,0,0,,1259.0,24116.85
54022,2026-05-04 09:55:00,NIFTY,2026-05-12,24200.0,CE,2234960,-7150,11601850,18.76,243.9,24116.85
54023,2026-05-04 09:55:00,NIFTY,2026-05-12,25500.0,PE,70785,650,49725,,1319.35,24116.85
54024,2026-05-04 09:55:00,NIFTY,2026-05-12,22050.0,PE,10205,260,47320,27.33,3.95,24116.85
54025,2026-05-04 09:55:00,NIFTY,2026-05-12,24150.0,PE,273065,-975,2296125,17.08,242.6,24116.85
54026,2026-05-04 09:55:00,NIFTY,2026-05-12,24150.0,CE,308295,9360,2295020,18.93,270.3,24116.85
54027,2026-05-04 09:55:00,NIFTY,2026-05-12,25600.0,CE,1707875,-8580,5129735,18.45,4.0,24116.85
54028,2026-05-04 09:55:00,NIFTY,2026-05-12,22200.0,PE,227175,7410,1568840,25.84,4.3,24116.85
54029,2026-05-04 09:55:00,NIFTY,2026-05-12,22200.0,CE,195,0,260,,1850.0,24116.85
54030,2026-05-04 09:55:00,NIFTY,2026-05-12,25550.0,PE,520,0,650,21.98,1410.5,24116.85
54031,2026-05-04 09:55:00,NIFTY,2026-05-12,22150.0,PE,16315,-585,99970,26.36,4.2,24116.85
54032,2026-05-04 09:55:00,NIFTY,2026-05-12,22150.0,CE,0,0,0,,1217.95,24116.85
54033,2026-05-04 09:55:00,NIFTY,2026-05-12,25550.0,CE,159250,-1755,480675,18.29,4.6,24116.85
54034,2026-05-04 09:55:00,NIFTY,2026-05-12,22250.0,PE,27560,0,88725,25.4,4.5,24116.85
54035,2026-05-04 09:55:00,NIFTY,2026-05-19,22350.0,CE,0,0,0,3.3,1675.0,24116.85
54036,2026-05-04 09:55:00,NIFTY,2026-05-19,24200.0,PE,157235,3640,382785,17.24,345.7,24116.85
54037,2026-05-04 09:55:00,NIFTY,2026-05-12,22250.0,CE,0,0,0,,1137.6,24116.85
54038,2026-05-04 09:55:00,NIFTY,2026-05-12,25600.0,PE,2600,0,1690,,1404.95,24116.85
54039,2026-05-04 09:55:00,NIFTY,2026-05-19,24200.0,CE,177580,3120,416520,18.09,343.75,24116.85
54040,2026-05-04 09:55:00,NIFTY,2026-05-19,22400.0,CE,0,0,0,4.57,1630.55,24116.85
54041,2026-05-04 09:55:00,NIFTY,2026-05-19,22350.0,PE,325,0,1300,22.06,16.3,24116.85
54042,2026-05-04 09:55:00,NIFTY,2026-05-19,22450.0,CE,0,0,0,,1586.55,24116.85
54043,2026-05-04 09:55:00,NIFTY,2026-05-19,24250.0,PE,20540,780,67925,17.1,369.35,24116.85
54044,2026-05-04 09:55:00,NIFTY,2026-05-19,22400.0,PE,8645,65,16900,21.86,17.6,24116.85
54045,2026-05-04 09:55:00,NIFTY,2026-05-19,24250.0,CE,17810,130,58045,17.93,317.05,24116.85
54046,2026-05-04 09:55:00,NIFTY,2026-05-19,22500.0,CE,1040,0,0,41.53,1889.8,24116.85
54047,2026-05-04 09:55:00,NIFTY,2026-05-19,24300.0,PE,48880,650,180310,16.78,390.55,24116.85
54048,2026-05-04 09:55:00,NIFTY,2026-05-19,24300.0,CE,98670,-195,272935,17.89,293.8,24116.85
54049,2026-05-04 09:55:00,NIFTY,2026-05-19,22450.0,PE,1040,0,1950,22.7,24.0,24116.85
54050,2026-05-04 09:55:00,NIFTY,2026-05-19,22550.0,CE,0,0,0,,1499.75,24116.85
54051,2026-05-04 09:55:00,NIFTY,2026-05-19,22500.0,PE,174395,8645,369330,21.42,20.35,24116.85
54052,2026-05-04 09:55:00,NIFTY,2026-05-19,22550.0,PE,390,-65,1300,20.5,18.55,24116.85
54053,2026-05-04 09:55:00,NIFTY,2026-05-12,21900.0,CE,0,0,0,,1428.35,24116.85
54054,2026-05-04 09:55:00,NIFTY,2026-05-12,21850.0,PE,30940,130,106600,28.97,3.25,24116.85
54055,2026-05-04 09:55:00,NIFTY,2026-05-12,25450.0,PE,65,0,0,54.71,1610.0,24116.85
54056,2026-05-04 09:55:00,NIFTY,2026-05-12,25450.0,CE,212745,1105,782470,18.03,6.2,24116.85
54057,2026-05-04 09:55:00,NIFTY,2026-05-12,24050.0,CE,90610,-5720,958035,19.17,326.0,24116.85
54058,2026-05-04 09:55:00,NIFTY,2026-05-12,24000.0,PE,1905085,5915,9354735,17.42,179.15,24116.85
54059,2026-05-04 09:55:00,NIFTY,2026-05-12,21950.0,CE,0,0,0,,1385.3,24116.85
54060,2026-05-04 09:55:00,NIFTY,2026-05-12,24000.0,CE,1153295,-7865,5500755,19.25,355.4,24116.85
54061,2026-05-04 09:55:00,NIFTY,2026-05-12,21900.0,PE,42575,-1040,243425,28.55,3.4,24116.85
54062,2026-05-04 09:55:00,NIFTY,2026-05-12,22050.0,CE,0,0,0,,1300.6,24116.85
54063,2026-05-04 09:55:00,NIFTY,2026-05-12,24100.0,PE,957515,15405,5503420,17.22,220.25,24116.85
54064,2026-05-04 09:55:00,NIFTY,2026-05-12,22000.0,PE,1833650,20930,3760445,27.78,3.8,24116.85
54065,2026-05-04 09:55:00,NIFTY,2026-05-12,22000.0,CE,20865,0,3445,34.5,2163.85,24116.85
54066,2026-05-04 09:55:00,NIFTY,2026-05-12,24100.0,CE,1039350,-14625,6088290,18.99,296.6,24116.85
54067,2026-05-04 09:55:00,NIFTY,2026-05-12,24050.0,PE,211510,-325,1577420,17.29,198.55,24116.85
54068,2026-05-04 09:55:00,NIFTY,2026-05-12,21950.0,PE,12805,0,92885,28.12,3.55,24116.85
54069,2026-05-04 09:55:00,NIFTY,2026-05-19,22600.0,PE,16445,0,46605,21.31,25.35,24116.85
54070,2026-05-04 09:55:00,NIFTY,2026-05-19,22600.0,CE,0,0,0,,1457.0,24116.85
54071,2026-05-04 09:55:00,NIFTY,2026-05-19,22650.0,CE,0,0,0,,1414.7,24116.85
54072,2026-05-04 09:55:00,NIFTY,2026-05-12,21850.0,CE,0,0,0,,1471.9,24116.85
54073,2026-05-04 09:55:00,NIFTY,2026-05-19,22650.0,PE,650,0,1430,21.54,30.0,24116.85
54074,2026-05-04 09:55:00,NIFTY,2026-05-12,25300.0,CE,1024335,13000,3802175,17.81,10.2,24116.85
54075,2026-05-04 09:55:00,NIFTY,2026-05-12,23750.0,PE,141505,9360,1170130,18.05,103.15,24116.85
54076,2026-05-04 09:55:00,NIFTY,2026-05-12,23750.0,CE,20605,130,43810,20.25,529.85,24116.85
54077,2026-05-04 09:55:00,NIFTY,2026-05-12,25250.0,PE,390,0,1365,19.23,1115.0,24116.85
54078,2026-05-04 09:55:00,NIFTY,2026-05-12,25250.0,CE,316615,2015,1773460,17.75,12.05,24116.85
54079,2026-05-04 09:55:00,NIFTY,2026-05-12,21750.0,PE,9425,0,27105,30.19,3.3,24116.85
54080,2026-05-04 09:55:00,NIFTY,2026-05-12,25400.0,CE,695565,6305,2617615,17.94,7.3,24116.85
54081,2026-05-04 09:55:00,NIFTY,2026-05-12,23850.0,PE,192855,975,1125345,17.8,129.6,24116.85
54082,2026-05-04 09:55:00,NIFTY,2026-05-12,23850.0,CE,39845,455,115115,19.98,458.35,24116.85
54083,2026-05-04 09:55:00,NIFTY,2026-05-12,25350.0,PE,0,0,65,22.85,1225.6,24116.85
54084,2026-05-04 09:55:00,NIFTY,2026-05-12,21750.0,CE,0,0,0,,1560.25,24116.85
54085,2026-05-04 09:55:00,NIFTY,2026-05-12,25350.0,CE,196495,9230,844805,17.9,8.7,24116.85
54086,2026-05-04 09:55:00,NIFTY,2026-05-12,23800.0,PE,1182480,10595,5287620,17.9,115.4,24116.85
54087,2026-05-04 09:55:00,NIFTY,2026-05-12,23800.0,CE,306605,-2600,598910,19.75,488.95,24116.85
54088,2026-05-04 09:55:00,NIFTY,2026-05-12,25300.0,PE,2210,0,3575,,1133.65,24116.85
54089,2026-05-04 09:55:00,NIFTY,2026-05-12,23950.0,PE,206245,1560,1183585,17.6,161.9,24116.85
54090,2026-05-04 09:55:00,NIFTY,2026-05-12,21800.0,PE,154245,3250,477230,29.43,3.15,24116.85
54091,2026-05-04 09:55:00,NIFTY,2026-05-12,23950.0,CE,40430,-520,234000,19.36,386.65,24116.85
54092,2026-05-04 09:55:00,NIFTY,2026-05-12,25400.0,PE,4875,0,975,1.75,1220.0,24116.85
54093,2026-05-04 09:55:00,NIFTY,2026-05-12,23900.0,PE,546715,1625,3401125,17.69,144.9,24116.85
54094,2026-05-04 09:55:00,NIFTY,2026-05-12,21800.0,CE,0,0,0,,1515.85,24116.85
54095,2026-05-04 09:55:00,NIFTY,2026-05-12,23900.0,CE,211510,910,697125,19.56,420.45,24116.85
54096,2026-05-04 09:55:00,NIFTY,2026-05-19,22700.0,CE,0,0,0,,1372.85,24116.85
54097,2026-05-04 09:55:00,NIFTY,2026-05-12,23700.0,PE,1225575,11895,3895320,18.2,92.0,24116.85
54098,2026-05-04 09:55:00,NIFTY,2026-05-19,22700.0,PE,25155,65,56940,20.39,26.45,24116.85
54099,2026-05-04 09:55:00,NIFTY,2026-05-12,23550.0,CE,3575,0,4745,21.72,695.0,24116.85
54100,2026-05-04 09:55:00,NIFTY,2026-05-12,23600.0,CE,39065,1820,67275,21.02,649.15,24116.85
54101,2026-05-04 09:55:00,NIFTY,2026-05-12,25200.0,CE,910975,2925,4249180,17.77,14.5,24116.85
54102,2026-05-04 09:55:00,NIFTY,2026-05-12,26500.0,CE,272740,-390,726830,23.97,1.25,24116.85
54103,2026-05-04 09:55:00,NIFTY,2026-05-12,25150.0,PE,65,0,260,2.7,843.0,24116.85
54104,2026-05-04 09:55:00,NIFTY,2026-05-12,25150.0,CE,219895,-5720,890890,17.71,17.05,24116.85
54105,2026-05-04 09:55:00,NIFTY,2026-05-12,23550.0,PE,156065,11700,913185,18.6,64.05,24116.85
54106,2026-05-04 09:55:00,NIFTY,2026-05-12,25200.0,PE,7540,0,9100,16.61,1057.6,24116.85
54107,2026-05-04 09:55:00,NIFTY,2026-05-12,23700.0,CE,89830,390,143065,20.36,567.0,24116.85
54108,2026-05-04 09:55:00,NIFTY,2026-05-12,23650.0,PE,128570,15405,886340,18.35,81.85,24116.85
54109,2026-05-04 09:55:00,NIFTY,2026-05-12,26500.0,PE,0,0,0,121.3,3217.6,24116.85
54110,2026-05-04 09:55:00,NIFTY,2026-05-12,23650.0,CE,9945,0,8320,20.3,603.35,24116.85
54111,2026-05-04 09:55:00,NIFTY,2026-05-12,23600.0,PE,709215,25805,4065165,18.43,72.05,24116.85
54112,2026-05-04 09:55:00,NIFTY,2026-05-12,23500.0,PE,1694290,41600,8481135,18.67,55.95,24116.85
54113,2026-05-04 09:55:00,NIFTY,2026-05-12,25100.0,PE,2730,0,2925,14.48,955.0,24116.85
54114,2026-05-04 09:55:00,NIFTY,2026-05-19,26100.0,CE,5590,0,16510,17.51,5.0,24116.85
54115,2026-05-04 09:55:00,NIFTY,2026-05-19,26050.0,PE,0,0,0,42.87,2100.0,24116.85
54116,2026-05-04 09:55:00,NIFTY,2026-05-19,26150.0,CE,2210,0,6305,17.43,4.15,24116.85
54117,2026-05-04 09:55:00,NIFTY,2026-05-19,26100.0,PE,0,0,0,43.31,2146.85,24116.85
54118,2026-05-04 09:55:00,NIFTY,2026-05-19,26200.0,CE,18005,-260,30680,17.8,4.15,24116.85
54119,2026-05-04 09:55:00,NIFTY,2026-05-19,26150.0,PE,0,0,0,43.75,2193.85,24116.85
54120,2026-05-04 09:55:00,NIFTY,2026-05-19,26250.0,CE,2795,0,5525,16.97,2.45,24116.85
54121,2026-05-04 09:55:00,NIFTY,2026-05-19,26200.0,PE,0,0,0,44.19,2241.1,24116.85
54122,2026-05-04 09:55:00,NIFTY,2026-05-19,26250.0,PE,0,0,0,44.64,2288.45,24116.85
54123,2026-05-04 09:55:00,NIFTY,2026-05-12,26400.0,PE,0,0,65,,2219.95,24116.85
54124,2026-05-04 09:55:00,NIFTY,2026-05-12,26400.0,CE,30810,0,71760,23.39,1.4,24116.85
54125,2026-05-04 09:55:00,NIFTY,2026-05-12,23400.0,PE,785460,48750,3273855,18.95,43.4,24116.85
54126,2026-05-04 09:55:00,NIFTY,2026-05-12,23400.0,CE,7995,-65,9945,21.85,817.0,24116.85
54127,2026-05-04 09:55:00,NIFTY,2026-05-12,26450.0,PE,0,0,0,120.29,3168.2,24116.85
54128,2026-05-04 09:55:00,NIFTY,2026-05-12,26450.0,CE,23465,0,43420,23.83,1.4,24116.85
54129,2026-05-04 09:55:00,NIFTY,2026-05-12,25100.0,CE,769470,21645,3704545,17.66,20.0,24116.85
54130,2026-05-04 09:55:00,NIFTY,2026-05-12,23500.0,CE,358995,20605,745355,21.06,728.05,24116.85
54131,2026-05-04 09:55:00,NIFTY,2026-05-12,25050.0,PE,390,0,845,,875.0,24116.85
54132,2026-05-04 09:55:00,NIFTY,2026-05-12,23450.0,PE,112645,2925,594620,18.83,49.45,24116.85
54133,2026-05-04 09:55:00,NIFTY,2026-05-12,25050.0,CE,153075,-9815,1053910,17.68,23.8,24116.85
54134,2026-05-04 09:55:00,NIFTY,2026-05-12,23450.0,CE,910,0,1170,22.67,783.6,24116.85
54135,2026-05-04 09:55:00,NIFTY,2026-05-12,23350.0,PE,133510,2600,808470,19.15,38.5,24116.85
54136,2026-05-04 09:55:00,NIFTY,2026-05-12,26350.0,PE,0,0,0,118.27,3069.55,24116.85
54137,2026-05-04 09:55:00,NIFTY,2026-05-19,26300.0,PE,0,0,0,45.1,2336.0,24116.85
54138,2026-05-04 09:55:00,NIFTY,2026-05-19,26300.0,CE,6370,0,15730,17.4,2.55,24116.85
54139,2026-05-04 09:55:00,NIFTY,2026-05-19,26350.0,PE,0,0,0,45.56,2383.75,24116.85
54140,2026-05-04 09:55:00,NIFTY,2026-05-19,26350.0,CE,130,0,2080,18.46,3.5,24116.85
54141,2026-05-04 09:55:00,NIFTY,2026-05-19,26400.0,PE,0,0,0,46.03,2431.6,24116.85
54142,2026-05-04 09:55:00,NIFTY,2026-05-19,26400.0,CE,4810,-325,4550,18.37,2.9,24116.85
54143,2026-05-04 09:55:00,NIFTY,2026-05-19,26450.0,PE,0,0,0,46.5,2479.6,24116.85
54144,2026-05-04 09:55:00,NIFTY,2026-05-19,26450.0,CE,585,-130,2275,18.29,2.4,24116.85
54145,2026-05-04 10:00:00,NIFTY,2026-05-19,26500.0,PE,0,0,0,47.36,2527.7,24122.9
54146,2026-05-04 10:00:00,NIFTY,2026-05-19,26500.0,CE,47320,1040,25480,18.34,2.15,24122.9
54147,2026-05-04 10:00:00,NIFTY,2026-05-12,25000.0,PE,250900,975,257530,15.86,860.0,24122.9
54148,2026-05-04 10:00:00,NIFTY,2026-05-12,23300.0,CE,13195,65,11765,21.27,902.65,24122.9
54149,2026-05-04 10:00:00,NIFTY,2026-05-12,23250.0,PE,173290,0,1023750,19.86,31.55,24122.9
54150,2026-05-04 10:00:00,NIFTY,2026-05-12,25000.0,CE,2994680,13910,11284000,17.27,26.15,24122.9
54151,2026-05-04 10:00:00,NIFTY,2026-05-12,23250.0,CE,1105,0,3250,17.62,925.45,24122.9
54152,2026-05-04 10:00:00,NIFTY,2026-05-12,24950.0,PE,455,0,0,24.54,882.9,24122.9
54153,2026-05-04 10:00:00,NIFTY,2026-05-12,24950.0,CE,187460,13325,1141010,17.34,31.3,24122.9
54154,2026-05-04 10:00:00,NIFTY,2026-05-12,26350.0,CE,10075,390,24180,23.47,1.75,24122.9
54155,2026-05-04 10:00:00,NIFTY,2026-05-12,23350.0,CE,1690,0,455,,779.55,24122.9
54156,2026-05-04 10:00:00,NIFTY,2026-05-12,26300.0,PE,65,0,0,,2110.45,24122.9
54157,2026-05-04 10:00:00,NIFTY,2026-05-12,26300.0,CE,28535,780,222820,22.62,1.5,24122.9
54158,2026-05-04 10:00:00,NIFTY,2026-05-12,23300.0,PE,915915,27430,5248035,19.72,35.9,24122.9
54159,2026-05-04 10:00:00,NIFTY,2026-05-12,23200.0,PE,1858740,37115,5646355,19.99,27.6,24122.9
54160,2026-05-04 10:00:00,NIFTY,2026-05-12,24900.0,PE,27625,0,21710,13.04,753.5,24122.9
54161,2026-05-04 10:00:00,NIFTY,2026-05-12,24900.0,CE,1081340,12090,4003220,17.37,37.0,24122.9
54162,2026-05-04 10:00:00,NIFTY,2026-05-12,24850.0,PE,1495,-65,4290,15.01,718.0,24122.9
54163,2026-05-04 10:00:00,NIFTY,2026-05-19,24350.0,PE,11310,65,19825,17.63,432.2,24122.9
54164,2026-05-04 10:00:00,NIFTY,2026-05-19,24350.0,CE,10270,0,28535,17.28,263.4,24122.9
54165,2026-05-04 10:00:00,NIFTY,2026-05-19,24400.0,PE,44980,325,51545,17.26,454.75,24122.9
54166,2026-05-04 10:00:00,NIFTY,2026-05-19,24400.0,CE,54665,455,133835,17.44,246.05,24122.9
54167,2026-05-04 10:00:00,NIFTY,2026-05-19,24450.0,PE,5330,0,11960,16.51,471.55,24122.9
54168,2026-05-04 10:00:00,NIFTY,2026-05-19,24450.0,CE,12220,65,27300,17.12,221.0,24122.9
54169,2026-05-04 10:00:00,NIFTY,2026-05-12,23200.0,CE,20865,0,22165,20.91,988.8,24122.9
54170,2026-05-04 10:00:00,NIFTY,2026-05-12,24850.0,CE,190450,-3835,1292850,17.43,43.7,24122.9
54171,2026-05-04 10:00:00,NIFTY,2026-05-12,24800.0,PE,97110,-130,156715,16.52,685.0,24122.9
54172,2026-05-04 10:00:00,NIFTY,2026-05-12,24800.0,CE,1378520,18200,5750420,17.34,50.0,24122.9
54173,2026-05-04 10:00:00,NIFTY,2026-05-12,26250.0,PE,0,0,0,116.52,2971.0,24122.9
54174,2026-05-04 10:00:00,NIFTY,2026-05-12,26250.0,CE,45760,-585,136890,22.33,1.6,24122.9
54175,2026-05-04 10:00:00,NIFTY,2026-05-12,26200.0,PE,0,0,0,115.5,2921.8,24122.9
54176,2026-05-04 10:00:00,NIFTY,2026-05-12,24750.0,PE,6435,0,13325,16.07,638.55,24122.9
54177,2026-05-04 10:00:00,NIFTY,2026-05-12,26200.0,CE,150410,-1170,726310,21.55,1.4,24122.9
54178,2026-05-04 10:00:00,NIFTY,2026-05-12,24750.0,CE,223600,-1235,1431690,17.48,59.35,24122.9
54179,2026-05-04 10:00:00,NIFTY,2026-05-19,24500.0,CE,247975,5005,588055,16.98,200.4,24122.9
54180,2026-05-04 10:00:00,NIFTY,2026-05-19,24500.0,PE,60515,-585,114465,17.41,520.0,24122.9
54181,2026-05-04 10:00:00,NIFTY,2026-05-19,24550.0,CE,11245,65,25025,17.06,185.0,24122.9
54182,2026-05-04 10:00:00,NIFTY,2026-05-19,24550.0,PE,3185,-65,1365,16.63,539.0,24122.9
54183,2026-05-04 10:00:00,NIFTY,2026-05-12,26150.0,CE,37115,910,169520,21.27,1.5,24122.9
54184,2026-05-04 10:00:00,NIFTY,2026-05-12,26100.0,PE,715,0,650,,1925.0,24122.9
54185,2026-05-04 10:00:00,NIFTY,2026-05-12,26100.0,CE,120900,11245,558090,20.81,1.5,24122.9
54186,2026-05-04 10:00:00,NIFTY,2026-05-12,24700.0,PE,40820,910,84045,17.04,606.0,24122.9
54187,2026-05-04 10:00:00,NIFTY,2026-05-12,24700.0,CE,1078610,41470,6516965,17.53,68.85,24122.9
54188,2026-05-04 10:00:00,NIFTY,2026-05-12,26150.0,PE,0,0,0,114.46,2872.65,24122.9
54189,2026-05-04 10:00:00,NIFTY,2026-05-12,26050.0,PE,0,0,0,112.39,2774.55,24122.9
54190,2026-05-04 10:00:00,NIFTY,2026-05-12,26050.0,CE,161005,2600,476775,20.43,1.55,24122.9
54191,2026-05-04 10:00:00,NIFTY,2026-05-12,26000.0,PE,55575,195,58825,,1825.45,24122.9
54192,2026-05-04 10:00:00,NIFTY,2026-05-12,24650.0,PE,5590,325,15340,15.86,553.85,24122.9
54193,2026-05-04 10:00:00,NIFTY,2026-05-12,26000.0,CE,4557475,239980,8568690,20.19,1.7,24122.9
54194,2026-05-04 10:00:00,NIFTY,2026-05-19,22750.0,CE,0,0,0,,1331.55,24122.9
54195,2026-05-04 10:00:00,NIFTY,2026-05-19,24600.0,PE,9230,65,14040,16.5,571.0,24122.9
54196,2026-05-04 10:00:00,NIFTY,2026-05-19,24600.0,CE,47060,1170,137930,16.88,166.05,24122.9
54197,2026-05-04 10:00:00,NIFTY,2026-05-19,22800.0,CE,0,0,0,,1290.75,24122.9
54198,2026-05-04 10:00:00,NIFTY,2026-05-19,24650.0,PE,260,0,975,18.47,640.05,24122.9
54199,2026-05-04 10:00:00,NIFTY,2026-05-19,22750.0,PE,715,0,845,20.82,32.3,24122.9
54200,2026-05-04 10:00:00,NIFTY,2026-05-19,24650.0,CE,15275,-195,45045,16.81,150.2,24122.9
54201,2026-05-04 10:00:00,NIFTY,2026-05-19,22850.0,CE,0,0,0,,1250.45,24122.9
54202,2026-05-04 10:00:00,NIFTY,2026-05-19,24700.0,PE,3575,0,4680,16.94,650.0,24122.9
54203,2026-05-04 10:00:00,NIFTY,2026-05-19,22800.0,PE,58500,715,128180,20.9,36.85,24122.9
54204,2026-05-04 10:00:00,NIFTY,2026-05-19,24700.0,CE,91325,65,164320,16.71,135.0,24122.9
54205,2026-05-04 10:00:00,NIFTY,2026-05-19,22900.0,CE,0,0,0,,1210.75,24122.9
54206,2026-05-04 10:00:00,NIFTY,2026-05-19,24750.0,PE,65,0,0,18.89,718.5,24122.9
54207,2026-05-04 10:00:00,NIFTY,2026-05-19,24750.0,CE,10335,65,28080,16.65,121.45,24122.9
54208,2026-05-04 10:00:00,NIFTY,2026-05-19,22850.0,PE,1820,65,2600,20.33,37.0,24122.9
54209,2026-05-04 10:00:00,NIFTY,2026-05-19,22950.0,CE,0,0,0,,1171.55,24122.9
54210,2026-05-04 10:00:00,NIFTY,2026-05-19,24800.0,PE,3770,390,2080,16.11,712.8,24122.9
54211,2026-05-04 10:00:00,NIFTY,2026-05-19,24800.0,CE,95680,520,216970,16.57,108.7,24122.9
54212,2026-05-04 10:00:00,NIFTY,2026-05-19,22900.0,PE,84175,195,161525,20.5,42.9,24122.9
54213,2026-05-04 10:00:00,NIFTY,2026-05-19,22950.0,PE,2795,0,715,20.02,43.95,24122.9
54214,2026-05-04 10:00:00,NIFTY,2026-05-12,24550.0,CE,252395,-7085,2278055,17.63,104.0,24122.9
54215,2026-05-04 10:00:00,NIFTY,2026-05-12,25950.0,PE,0,0,0,110.31,2676.7,24122.9
54216,2026-05-04 10:00:00,NIFTY,2026-05-12,24650.0,CE,306410,-6760,2672150,17.51,78.8,24122.9
54217,2026-05-04 10:00:00,NIFTY,2026-05-12,24600.0,PE,59085,260,136240,16.32,519.0,24122.9
54218,2026-05-04 10:00:00,NIFTY,2026-05-12,25950.0,CE,779675,0,2091375,19.66,1.65,24122.9
54219,2026-05-04 10:00:00,NIFTY,2026-05-12,24600.0,CE,1635725,12740,7218770,17.59,91.0,24122.9
54220,2026-05-04 10:00:00,NIFTY,2026-05-12,25900.0,PE,0,0,0,109.26,2627.9,24122.9
54221,2026-05-04 10:00:00,NIFTY,2026-05-12,24550.0,PE,11375,-65,34580,16.81,486.55,24122.9
54222,2026-05-04 10:00:00,NIFTY,2026-05-12,25900.0,CE,974740,48100,2836990,19.32,1.75,24122.9
54223,2026-05-04 10:00:00,NIFTY,2026-05-19,23000.0,PE,351975,7410,787605,20.06,49.65,24122.9
54224,2026-05-04 10:00:00,NIFTY,2026-05-19,23000.0,CE,4680,0,1755,20.04,1233.7,24122.9
54225,2026-05-04 10:00:00,NIFTY,2026-05-19,23050.0,PE,8970,0,4095,20.2,56.75,24122.9
54226,2026-05-04 10:00:00,NIFTY,2026-05-19,23050.0,CE,65,0,0,17.11,1165.1,24122.9
54227,2026-05-04 10:00:00,NIFTY,2026-05-19,23100.0,PE,37050,-715,104585,19.93,60.5,24122.9
54228,2026-05-04 10:00:00,NIFTY,2026-05-19,23100.0,CE,130,0,130,26.69,1224.7,24122.9
54229,2026-05-04 10:00:00,NIFTY,2026-05-19,23150.0,PE,8775,-195,14495,19.53,63.2,24122.9
54230,2026-05-04 10:00:00,NIFTY,2026-05-19,23150.0,CE,65,0,0,23.63,1145.1,24122.9
54231,2026-05-04 10:00:00,NIFTY,2026-05-12,25850.0,PE,0,0,0,108.21,2579.2,24122.9
54232,2026-05-04 10:00:00,NIFTY,2026-05-12,25850.0,CE,325715,195,869115,19.1,1.95,24122.9
54233,2026-05-04 10:00:00,NIFTY,2026-05-12,25800.0,PE,65,0,0,51.05,1840.0,24122.9
54234,2026-05-04 10:00:00,NIFTY,2026-05-12,25800.0,CE,1176825,52845,3094325,18.9,2.2,24122.9
54235,2026-05-04 10:00:00,NIFTY,2026-05-19,23200.0,CE,910,0,0,16.49,1025.0,24122.9
54236,2026-05-04 10:00:00,NIFTY,2026-05-19,23250.0,CE,65,0,0,23.49,1063.2,24122.9
54237,2026-05-04 10:00:00,NIFTY,2026-05-19,23200.0,PE,53950,1560,92560,19.75,72.8,24122.9
54238,2026-05-04 10:00:00,NIFTY,2026-05-19,23300.0,CE,1495,0,1430,20.35,982.0,24122.9
54239,2026-05-04 10:00:00,NIFTY,2026-05-19,23250.0,PE,14950,845,27950,19.48,77.7,24122.9
54240,2026-05-04 10:00:00,NIFTY,2026-05-19,23300.0,PE,53300,-975,144365,19.71,89.0,24122.9
54241,2026-05-04 10:00:00,NIFTY,2026-05-19,24850.0,PE,65,0,0,18.04,780.4,24122.9
54242,2026-05-04 10:00:00,NIFTY,2026-05-19,24850.0,CE,12805,-260,58825,16.39,95.3,24122.9
54243,2026-05-04 10:00:00,NIFTY,2026-05-12,25750.0,PE,195,0,0,46.22,1751.4,24122.9
54244,2026-05-04 10:00:00,NIFTY,2026-05-12,25750.0,CE,229970,1690,547235,18.72,2.5,24122.9
54245,2026-05-04 10:00:00,NIFTY,2026-05-12,25700.0,PE,195,0,0,51.15,1760.0,24122.9
54246,2026-05-04 10:00:00,NIFTY,2026-05-19,24900.0,CE,45110,845,145665,16.47,86.7,24122.9
54247,2026-05-04 10:00:00,NIFTY,2026-05-19,24950.0,CE,25740,1170,46150,16.57,79.1,24122.9
54248,2026-05-04 10:00:00,NIFTY,2026-05-19,24900.0,PE,130,0,0,23.54,905.0,24122.9
54249,2026-05-04 10:00:00,NIFTY,2026-05-19,24950.0,PE,65,0,0,25.89,980.5,24122.9
54250,2026-05-04 10:00:00,NIFTY,2026-05-19,25000.0,CE,371930,-10465,955890,16.44,69.2,24122.9
54251,2026-05-04 10:00:00,NIFTY,2026-05-19,25050.0,CE,14820,-195,37115,16.26,59.75,24122.9
54252,2026-05-04 10:00:00,NIFTY,2026-05-19,25000.0,PE,28665,520,28860,15.35,866.85,24122.9
54253,2026-05-04 10:00:00,NIFTY,2026-05-19,25050.0,PE,65,0,0,18.17,942.8,24122.9
54254,2026-05-04 10:00:00,NIFTY,2026-05-12,23000.0,PE,2374385,182910,8130395,20.6,16.3,24122.9
54255,2026-05-04 10:00:00,NIFTY,2026-05-12,23000.0,CE,81315,130,74750,21.05,1173.7,24122.9
54256,2026-05-04 10:00:00,NIFTY,2026-05-12,22950.0,PE,130000,14040,650455,20.72,14.15,24122.9
54257,2026-05-04 10:00:00,NIFTY,2026-05-12,22950.0,CE,260,0,130,36.44,1321.6,24122.9
54258,2026-05-04 10:00:00,NIFTY,2026-05-12,23100.0,PE,921310,28925,3221920,20.3,21.3,24122.9
54259,2026-05-04 10:00:00,NIFTY,2026-05-12,23100.0,CE,3575,65,4095,20.62,1078.6,24122.9
54260,2026-05-04 10:00:00,NIFTY,2026-05-12,23050.0,PE,120380,16120,568880,20.39,18.4,24122.9
54261,2026-05-04 10:00:00,NIFTY,2026-05-12,23050.0,CE,780,0,0,,1052.1,24122.9
54262,2026-05-04 10:00:00,NIFTY,2026-05-12,23150.0,PE,118105,17095,587535,20.2,24.55,24122.9
54263,2026-05-04 10:00:00,NIFTY,2026-05-12,23150.0,CE,650,0,780,21.69,1038.5,24122.9
54264,2026-05-04 10:00:00,NIFTY,2026-05-19,25100.0,PE,325,0,0,23.12,1051.0,24122.9
54265,2026-05-04 10:00:00,NIFTY,2026-05-19,25100.0,CE,77220,650,165425,16.25,52.95,24122.9
54266,2026-05-04 10:00:00,NIFTY,2026-05-19,25150.0,PE,65,0,0,18.07,1026.15,24122.9
54267,2026-05-04 10:00:00,NIFTY,2026-05-19,25150.0,CE,18265,0,37505,16.33,47.65,24122.9
54268,2026-05-04 10:00:00,NIFTY,2026-05-19,25200.0,PE,65,0,0,19.28,1082.8,24122.9
54269,2026-05-04 10:00:00,NIFTY,2026-05-19,25200.0,CE,138710,650,383240,16.06,39.7,24122.9
54270,2026-05-04 10:00:00,NIFTY,2026-05-19,23350.0,CE,65,0,715,17.72,908.75,24122.9
54271,2026-05-04 10:00:00,NIFTY,2026-05-19,25250.0,PE,130,0,0,22.18,1160.0,24122.9
54272,2026-05-04 10:00:00,NIFTY,2026-05-19,25250.0,CE,10855,-65,23270,16.28,36.8,24122.9
54273,2026-05-04 10:00:00,NIFTY,2026-05-19,23400.0,CE,2535,0,0,,710.15,24122.9
54274,2026-05-04 10:00:00,NIFTY,2026-05-19,25300.0,PE,0,0,65,17.89,1155.8,24122.9
54275,2026-05-04 10:00:00,NIFTY,2026-05-19,25300.0,CE,62400,130,109395,16.13,31.2,24122.9
54276,2026-05-04 10:00:00,NIFTY,2026-05-19,23350.0,PE,8190,780,10465,19.62,97.2,24122.9
54277,2026-05-04 10:00:00,NIFTY,2026-05-19,23400.0,PE,24245,780,72150,19.32,103.15,24122.9
54278,2026-05-04 10:00:00,NIFTY,2026-05-12,22750.0,CE,195,0,260,36.08,1487.1,24122.9
54279,2026-05-04 10:00:00,NIFTY,2026-05-12,22700.0,PE,585650,20345,1919970,22.05,8.3,24122.9
54280,2026-05-04 10:00:00,NIFTY,2026-05-12,22700.0,CE,910,0,1040,,1445.0,24122.9
54281,2026-05-04 10:00:00,NIFTY,2026-05-12,22850.0,CE,65,0,65,,1300.75,24122.9
54282,2026-05-04 10:00:00,NIFTY,2026-05-12,22800.0,PE,1424800,16250,3937960,21.52,10.25,24122.9
54283,2026-05-04 10:00:00,NIFTY,2026-05-12,22800.0,CE,8775,0,8125,25.62,1380.0,24122.9
54284,2026-05-04 10:00:00,NIFTY,2026-05-12,22750.0,PE,203580,6110,737165,21.61,8.8,24122.9
54285,2026-05-04 10:00:00,NIFTY,2026-05-12,22900.0,PE,689130,27300,2889575,20.96,12.6,24122.9
54286,2026-05-04 10:00:00,NIFTY,2026-05-12,22900.0,CE,1040,65,1300,3.77,1254.9,24122.9
54287,2026-05-04 10:00:00,NIFTY,2026-05-12,22850.0,PE,409630,20930,1295710,21.25,11.4,24122.9
54288,2026-05-04 10:00:00,NIFTY,2026-05-19,25350.0,CE,10530,65,15535,16.61,30.85,24122.9
54289,2026-05-04 10:00:00,NIFTY,2026-05-19,25400.0,CE,38870,715,59605,15.85,22.1,24122.9
54290,2026-05-04 10:00:00,NIFTY,2026-05-19,25350.0,PE,0,0,65,17.9,1200.85,24122.9
54291,2026-05-04 10:00:00,NIFTY,2026-05-19,25450.0,CE,15015,130,5850,16.16,21.0,24122.9
54292,2026-05-04 10:00:00,NIFTY,2026-05-19,23450.0,PE,9100,130,24245,19.16,111.45,24122.9
54293,2026-05-04 10:00:00,NIFTY,2026-05-19,23450.0,CE,1560,0,0,32.14,1053.55,24122.9
54294,2026-05-04 10:00:00,NIFTY,2026-05-19,25400.0,PE,130,0,0,23.28,1300.0,24122.9
54295,2026-05-04 10:00:00,NIFTY,2026-05-19,25500.0,CE,202865,455,359255,16.39,19.55,24122.9
54296,2026-05-04 10:00:00,NIFTY,2026-05-19,23500.0,PE,161200,1495,434070,18.95,119.75,24122.9
54297,2026-05-04 10:00:00,NIFTY,2026-05-19,25450.0,PE,0,0,65,18.01,1292.8,24122.9
54298,2026-05-04 10:00:00,NIFTY,2026-05-19,23500.0,CE,4745,-65,6500,18.58,800.0,24122.9
54299,2026-05-04 10:00:00,NIFTY,2026-05-19,23550.0,PE,10335,0,21515,18.99,132.3,24122.9
54300,2026-05-04 10:00:00,NIFTY,2026-05-19,25550.0,CE,10010,65,15470,16.17,15.9,24122.9
54301,2026-05-04 10:00:00,NIFTY,2026-05-19,23550.0,CE,2340,0,0,28.69,927.4,24122.9
54302,2026-05-04 10:00:00,NIFTY,2026-05-19,25500.0,PE,65,0,0,21.7,1370.0,24122.9
54303,2026-05-04 10:00:00,NIFTY,2026-05-19,23600.0,PE,34255,-325,94640,19.04,146.05,24122.9
54304,2026-05-04 10:00:00,NIFTY,2026-05-19,23600.0,CE,3445,0,2665,18.6,725.0,24122.9
54305,2026-05-04 10:00:00,NIFTY,2026-05-19,25550.0,PE,0,0,0,39.21,1645.4,24122.9
54306,2026-05-04 10:00:00,NIFTY,2026-05-12,24450.0,PE,22490,-650,119275,17.69,426.0,24122.9
54307,2026-05-04 10:00:00,NIFTY,2026-05-12,24450.0,CE,174070,-3705,1113515,17.81,135.25,24122.9
54308,2026-05-04 10:00:00,NIFTY,2026-05-12,22600.0,PE,344175,-1235,1602055,22.72,7.0,24122.9
54309,2026-05-04 10:00:00,NIFTY,2026-05-12,24500.0,PE,400465,65,1200030,16.98,452.0,24122.9
54310,2026-05-04 10:00:00,NIFTY,2026-05-12,22600.0,CE,325,0,520,28.73,1580.0,24122.9
54311,2026-05-04 10:00:00,NIFTY,2026-05-12,24500.0,CE,2569840,87165,12915110,17.73,119.0,24122.9
54312,2026-05-04 10:00:00,NIFTY,2026-05-12,22650.0,PE,93795,975,444470,22.28,7.4,24122.9
54313,2026-05-04 10:00:00,NIFTY,2026-05-12,22650.0,CE,65,0,130,39.77,1600.6,24122.9
54314,2026-05-04 10:00:00,NIFTY,2026-05-19,25600.0,PE,0,0,0,39.57,1689.55,24122.9
54315,2026-05-04 10:00:00,NIFTY,2026-05-19,25600.0,CE,20995,390,43615,16.33,14.5,24122.9
54316,2026-05-04 10:00:00,NIFTY,2026-05-19,25650.0,PE,0,0,0,,1214.0,24122.9
54317,2026-05-04 10:00:00,NIFTY,2026-05-19,25650.0,CE,3705,0,2210,16.93,15.2,24122.9
54318,2026-05-04 10:00:00,NIFTY,2026-05-19,23650.0,CE,2925,0,2275,14.98,632.6,24122.9
54319,2026-05-04 10:00:00,NIFTY,2026-05-19,21750.0,PE,0,0,0,28.77,18.05,24122.9
54320,2026-05-04 10:00:00,NIFTY,2026-05-19,25700.0,PE,65,0,0,26.96,1600.0,24122.9
54321,2026-05-04 10:00:00,NIFTY,2026-05-19,21750.0,CE,0,0,0,,2231.55,24122.9
54322,2026-05-04 10:00:00,NIFTY,2026-05-19,25700.0,CE,64805,10205,112580,16.34,10.85,24122.9
54323,2026-05-04 10:00:00,NIFTY,2026-05-19,23700.0,CE,6110,0,2405,18.81,656.9,24122.9
54324,2026-05-04 10:00:00,NIFTY,2026-05-19,21800.0,PE,2795,65,2990,25.98,11.0,24122.9
54325,2026-05-04 10:00:00,NIFTY,2026-05-19,25750.0,PE,0,0,0,40.72,1823.9,24122.9
54326,2026-05-04 10:00:00,NIFTY,2026-05-19,25750.0,CE,1430,0,4030,16.14,8.7,24122.9
54327,2026-05-04 10:00:00,NIFTY,2026-05-19,21800.0,CE,0,0,0,,2183.85,24122.9
54328,2026-05-04 10:00:00,NIFTY,2026-05-19,23650.0,PE,4745,65,15665,18.43,149.9,24122.9
54329,2026-05-04 10:00:00,NIFTY,2026-05-19,25800.0,PE,0,0,0,41.12,1869.25,24122.9
54330,2026-05-04 10:00:00,NIFTY,2026-05-19,23700.0,PE,22425,0,70070,18.61,167.35,24122.9
54331,2026-05-04 10:00:00,NIFTY,2026-05-19,21850.0,CE,0,0,0,,2136.35,24122.9
54332,2026-05-04 10:00:00,NIFTY,2026-05-19,25800.0,CE,200070,-2340,108420,16.23,7.7,24122.9
54333,2026-05-04 10:00:00,NIFTY,2026-05-19,21900.0,CE,0,0,0,,2089.05,24122.9
54334,2026-05-04 10:00:00,NIFTY,2026-05-19,21850.0,PE,0,0,0,28.84,22.3,24122.9
54335,2026-05-04 10:00:00,NIFTY,2026-05-12,22450.0,CE,0,0,0,,985.1,24122.9
54336,2026-05-04 10:00:00,NIFTY,2026-05-12,24350.0,PE,159575,-1105,511160,17.82,362.65,24122.9
54337,2026-05-04 10:00:00,NIFTY,2026-05-12,22550.0,CE,0,0,0,,911.35,24122.9
54338,2026-05-04 10:00:00,NIFTY,2026-05-12,24350.0,CE,231855,12025,1654900,17.87,170.8,24122.9
54339,2026-05-04 10:00:00,NIFTY,2026-05-12,22500.0,PE,1783600,73970,4281875,23.34,5.85,24122.9
54340,2026-05-04 10:00:00,NIFTY,2026-05-12,22500.0,CE,6110,65,5460,25.86,1665.95,24122.9
54341,2026-05-04 10:00:00,NIFTY,2026-05-12,22450.0,PE,77740,-1105,326235,23.71,5.45,24122.9
54342,2026-05-04 10:00:00,NIFTY,2026-05-12,24400.0,PE,250705,-4420,1056705,17.34,388.1,24122.9
54343,2026-05-04 10:00:00,NIFTY,2026-05-12,24400.0,CE,967525,5980,4702815,17.95,153.8,24122.9
54344,2026-05-04 10:00:00,NIFTY,2026-05-12,22550.0,PE,79105,3575,455975,23.17,6.65,24122.9
54345,2026-05-04 10:00:00,NIFTY,2026-05-19,25850.0,CE,5460,1755,10530,16.49,7.3,24122.9
54346,2026-05-04 10:00:00,NIFTY,2026-05-19,23750.0,PE,10010,0,16705,18.08,173.85,24122.9
54347,2026-05-04 10:00:00,NIFTY,2026-05-19,25900.0,CE,33800,65,15405,16.89,7.3,24122.9
54348,2026-05-04 10:00:00,NIFTY,2026-05-19,25850.0,PE,0,0,0,41.52,1914.9,24122.9
54349,2026-05-04 10:00:00,NIFTY,2026-05-19,23750.0,CE,3250,0,2795,18.38,615.15,24122.9
54350,2026-05-04 10:00:00,NIFTY,2026-05-19,25950.0,CE,1365,0,650,17.12,6.85,24122.9
54351,2026-05-04 10:00:00,NIFTY,2026-05-19,21950.0,CE,0,0,0,,2041.95,24122.9
54352,2026-05-04 10:00:00,NIFTY,2026-05-19,25900.0,PE,0,0,0,41.94,1960.85,24122.9
54353,2026-05-04 10:00:00,NIFTY,2026-05-19,21900.0,PE,2210,0,5070,26.19,14.5,24122.9
54354,2026-05-04 10:00:00,NIFTY,2026-05-19,23800.0,PE,62595,1105,150085,18.47,197.0,24122.9
54355,2026-05-04 10:00:00,NIFTY,2026-05-19,22000.0,CE,0,0,130,30.81,2222.0,24122.9
54356,2026-05-04 10:00:00,NIFTY,2026-05-19,26000.0,CE,385125,8710,499135,17.19,6.05,24122.9
54357,2026-05-04 10:00:00,NIFTY,2026-05-19,23800.0,CE,42380,65,20020,18.13,577.45,24122.9
54358,2026-05-04 10:00:00,NIFTY,2026-05-19,25950.0,PE,0,0,0,42.35,2007.0,24122.9
54359,2026-05-04 10:00:00,NIFTY,2026-05-19,21950.0,PE,0,0,0,28.91,27.35,24122.9
54360,2026-05-04 10:00:00,NIFTY,2026-05-19,26050.0,CE,715,0,1755,17.42,5.7,24122.9
54361,2026-05-04 10:00:00,NIFTY,2026-05-19,23850.0,PE,9425,65,32175,18.36,212.45,24122.9
54362,2026-05-04 10:00:00,NIFTY,2026-05-19,22050.0,CE,0,0,0,,1948.5,24122.9
54363,2026-05-04 10:00:00,NIFTY,2026-05-19,26000.0,PE,650,0,390,,1800.55,24122.9
54364,2026-05-04 10:00:00,NIFTY,2026-05-19,23850.0,CE,6110,-65,10530,18.72,555.45,24122.9
54365,2026-05-04 10:00:00,NIFTY,2026-05-19,22000.0,PE,87035,3055,162175,23.87,10.55,24122.9
54366,2026-05-04 10:00:00,NIFTY,2026-05-19,22100.0,CE,0,0,0,,1902.15,24122.9
54367,2026-05-04 10:00:00,NIFTY,2026-05-19,23900.0,PE,48685,65,93405,18.49,233.25,24122.9
54368,2026-05-04 10:00:00,NIFTY,2026-05-19,23900.0,CE,26585,-65,60320,18.0,511.0,24122.9
54369,2026-05-04 10:00:00,NIFTY,2026-05-19,22050.0,PE,0,0,0,28.98,33.35,24122.9
54370,2026-05-04 10:00:00,NIFTY,2026-05-19,22100.0,PE,109005,-2600,152815,23.1,11.1,24122.9
54371,2026-05-04 10:00:00,NIFTY,2026-05-12,25650.0,PE,520,0,1040,,1400.0,24122.9
54372,2026-05-04 10:00:00,NIFTY,2026-05-12,25650.0,CE,91455,130,407225,18.28,3.15,24122.9
54373,2026-05-04 10:00:00,NIFTY,2026-05-12,24250.0,CE,409175,5915,2862990,18.19,216.0,24122.9
54374,2026-05-04 10:00:00,NIFTY,2026-05-12,22350.0,CE,0,0,0,,1059.6,24122.9
54375,2026-05-04 10:00:00,NIFTY,2026-05-12,22300.0,PE,262730,-2665,1108250,24.98,4.65,24122.9
54376,2026-05-04 10:00:00,NIFTY,2026-05-12,22300.0,CE,130,0,0,,1595.1,24122.9
54377,2026-05-04 10:00:00,NIFTY,2026-05-12,22400.0,PE,474370,-5720,1633190,24.12,5.15,24122.9
54378,2026-05-04 10:00:00,NIFTY,2026-05-12,24300.0,CE,1653600,-7995,9312550,17.99,192.1,24122.9
54379,2026-05-04 10:00:00,NIFTY,2026-05-12,25700.0,CE,885495,33345,2713945,18.63,2.95,24122.9
54380,2026-05-04 10:00:00,NIFTY,2026-05-12,22400.0,CE,0,0,0,,1021.6,24122.9
54381,2026-05-04 10:00:00,NIFTY,2026-05-12,24250.0,PE,161720,-6045,1722175,17.8,303.0,24122.9
54382,2026-05-04 10:00:00,NIFTY,2026-05-12,22350.0,PE,44135,-260,177320,24.49,4.8,24122.9
54383,2026-05-04 10:00:00,NIFTY,2026-05-19,23950.0,CE,6825,0,6955,18.61,491.9,24122.9
54384,2026-05-04 10:00:00,NIFTY,2026-05-12,24300.0,PE,1219400,-3640,4852770,17.78,331.65,24122.9
54385,2026-05-04 10:00:00,NIFTY,2026-05-19,24000.0,CE,132210,-390,256425,18.11,453.25,24122.9
54386,2026-05-04 10:00:00,NIFTY,2026-05-19,22150.0,PE,130,0,260,23.06,12.5,24122.9
54387,2026-05-04 10:00:00,NIFTY,2026-05-19,22150.0,CE,0,0,0,,1856.1,24122.9
54388,2026-05-04 10:00:00,NIFTY,2026-05-19,23950.0,PE,14040,-585,26455,18.05,244.6,24122.9
54389,2026-05-04 10:00:00,NIFTY,2026-05-19,22200.0,CE,0,0,0,,1810.3,24122.9
54390,2026-05-04 10:00:00,NIFTY,2026-05-19,24050.0,CE,7930,0,34580,17.82,419.4,24122.9
54391,2026-05-04 10:00:00,NIFTY,2026-05-19,24000.0,PE,170690,-4160,401050,18.3,270.0,24122.9
54392,2026-05-04 10:00:00,NIFTY,2026-05-19,24100.0,CE,92105,130,234585,17.69,389.8,24122.9
54393,2026-05-04 10:00:00,NIFTY,2026-05-19,22200.0,PE,37180,0,40690,22.62,12.65,24122.9
54394,2026-05-04 10:00:00,NIFTY,2026-05-19,24050.0,PE,18850,2795,34385,17.94,284.8,24122.9
54395,2026-05-04 10:00:00,NIFTY,2026-05-19,24150.0,CE,24440,2080,75010,17.33,356.75,24122.9
54396,2026-05-04 10:00:00,NIFTY,2026-05-19,22250.0,PE,65,0,325,22.31,13.3,24122.9
54397,2026-05-04 10:00:00,NIFTY,2026-05-19,24100.0,PE,90480,1040,229125,18.04,309.5,24122.9
54398,2026-05-04 10:00:00,NIFTY,2026-05-19,22250.0,CE,0,0,0,,1764.85,24122.9
54399,2026-05-04 10:00:00,NIFTY,2026-05-19,22300.0,PE,10335,0,18850,22.11,14.35,24122.9
54400,2026-05-04 10:00:00,NIFTY,2026-05-19,24150.0,PE,20735,715,48035,17.95,331.65,24122.9
54401,2026-05-04 10:00:00,NIFTY,2026-05-19,22300.0,CE,0,0,0,1.06,1719.75,24122.9
54402,2026-05-04 10:00:00,NIFTY,2026-05-12,25500.0,CE,1995630,38025,5267145,18.17,5.5,24122.9
54403,2026-05-04 10:00:00,NIFTY,2026-05-12,24200.0,PE,1432470,-38025,8795280,17.9,277.15,24122.9
54404,2026-05-04 10:00:00,NIFTY,2026-05-12,22100.0,PE,100230,-5655,753220,26.71,3.85,24122.9
54405,2026-05-04 10:00:00,NIFTY,2026-05-12,22100.0,CE,0,0,0,,1259.0,24122.9
54406,2026-05-04 10:00:00,NIFTY,2026-05-12,24200.0,CE,2242045,7085,11946870,18.1,237.35,24122.9
54407,2026-05-04 10:00:00,NIFTY,2026-05-12,25500.0,PE,71370,585,52520,,1332.9,24122.9
54408,2026-05-04 10:00:00,NIFTY,2026-05-12,22050.0,PE,9945,-260,49075,27.06,3.6,24122.9
54409,2026-05-04 10:00:00,NIFTY,2026-05-12,24150.0,PE,260910,-12155,2400645,18.09,254.0,24122.9
54410,2026-05-04 10:00:00,NIFTY,2026-05-12,24150.0,CE,297050,-11245,2412735,18.47,266.8,24122.9
54411,2026-05-04 10:00:00,NIFTY,2026-05-12,25600.0,CE,1710735,2860,5214820,18.38,4.0,24122.9
54412,2026-05-04 10:00:00,NIFTY,2026-05-12,22200.0,PE,257075,29900,1625065,26.07,4.5,24122.9
54413,2026-05-04 10:00:00,NIFTY,2026-05-12,22200.0,CE,195,0,260,,1850.0,24122.9
54414,2026-05-04 10:00:00,NIFTY,2026-05-12,25550.0,PE,520,0,650,23.56,1410.5,24122.9
54415,2026-05-04 10:00:00,NIFTY,2026-05-12,22150.0,PE,16250,-65,104715,26.34,4.1,24122.9
54416,2026-05-04 10:00:00,NIFTY,2026-05-12,22150.0,CE,0,0,0,,1217.95,24122.9
54417,2026-05-04 10:00:00,NIFTY,2026-05-12,25550.0,CE,160290,1040,501865,18.19,4.55,24122.9
54418,2026-05-04 10:00:00,NIFTY,2026-05-12,22250.0,PE,27495,-65,90870,25.35,4.35,24122.9
54419,2026-05-04 10:00:00,NIFTY,2026-05-19,22350.0,CE,0,0,0,2.48,1675.0,24122.9
54420,2026-05-04 10:00:00,NIFTY,2026-05-19,24200.0,PE,167310,10075,405925,17.87,354.95,24122.9
54421,2026-05-04 10:00:00,NIFTY,2026-05-12,22250.0,CE,0,0,0,,1137.6,24122.9
54422,2026-05-04 10:00:00,NIFTY,2026-05-12,25600.0,PE,2405,-195,1755,,1425.5,24122.9
54423,2026-05-04 10:00:00,NIFTY,2026-05-19,24200.0,CE,180635,3055,440050,17.65,338.1,24122.9
54424,2026-05-04 10:00:00,NIFTY,2026-05-19,22400.0,CE,0,0,0,3.79,1630.55,24122.9
54425,2026-05-04 10:00:00,NIFTY,2026-05-19,22350.0,PE,325,0,1300,22.11,16.3,24122.9
54426,2026-05-04 10:00:00,NIFTY,2026-05-19,22450.0,CE,0,0,0,5.02,1586.55,24122.9
54427,2026-05-04 10:00:00,NIFTY,2026-05-19,24250.0,PE,21190,650,75660,17.84,380.55,24122.9
54428,2026-05-04 10:00:00,NIFTY,2026-05-19,22400.0,PE,8125,-520,17615,21.82,17.2,24122.9
54429,2026-05-04 10:00:00,NIFTY,2026-05-19,24250.0,CE,17810,0,63245,17.54,312.4,24122.9
54430,2026-05-04 10:00:00,NIFTY,2026-05-19,22500.0,CE,1040,0,0,41.15,1889.8,24122.9
54431,2026-05-04 10:00:00,NIFTY,2026-05-19,24300.0,PE,49140,260,188565,17.84,407.75,24122.9
54432,2026-05-04 10:00:00,NIFTY,2026-05-19,24300.0,CE,100295,1625,279955,17.35,286.0,24122.9
54433,2026-05-04 10:00:00,NIFTY,2026-05-19,22450.0,PE,1040,0,1950,22.76,24.0,24122.9
54434,2026-05-04 10:00:00,NIFTY,2026-05-19,22550.0,CE,0,0,0,,1499.75,24122.9
54435,2026-05-04 10:00:00,NIFTY,2026-05-19,22500.0,PE,180830,6435,385255,21.61,21.0,24122.9
54436,2026-05-04 10:00:00,NIFTY,2026-05-19,22550.0,PE,455,65,1365,21.17,21.45,24122.9
54437,2026-05-04 10:00:00,NIFTY,2026-05-12,21900.0,CE,0,0,0,,1428.35,24122.9
54438,2026-05-04 10:00:00,NIFTY,2026-05-12,21850.0,PE,30875,-65,113945,29.14,3.35,24122.9
54439,2026-05-04 10:00:00,NIFTY,2026-05-12,25450.0,PE,65,0,0,55.08,1610.0,24122.9
54440,2026-05-04 10:00:00,NIFTY,2026-05-12,25450.0,CE,208000,-4745,797875,17.64,5.55,24122.9
54441,2026-05-04 10:00:00,NIFTY,2026-05-12,24050.0,CE,85995,-4615,974935,18.28,316.9,24122.9
54442,2026-05-04 10:00:00,NIFTY,2026-05-12,24000.0,PE,1843920,-61165,9613825,18.16,186.95,24122.9
54443,2026-05-04 10:00:00,NIFTY,2026-05-12,21950.0,CE,0,0,0,,1385.3,24122.9
54444,2026-05-04 10:00:00,NIFTY,2026-05-12,24000.0,CE,1170260,16965,5635045,18.23,345.0,24122.9
54445,2026-05-04 10:00:00,NIFTY,2026-05-12,21900.0,PE,48035,5460,263770,28.45,3.25,24122.9
54446,2026-05-04 10:00:00,NIFTY,2026-05-12,22050.0,CE,0,0,0,,1300.6,24122.9
54447,2026-05-04 10:00:00,NIFTY,2026-05-12,24100.0,PE,947635,-9880,5731635,17.8,225.75,24122.9
54448,2026-05-04 10:00:00,NIFTY,2026-05-12,22000.0,PE,1852435,18785,3828370,27.75,3.7,24122.9
54449,2026-05-04 10:00:00,NIFTY,2026-05-12,22000.0,CE,20865,0,3445,31.85,2163.85,24122.9
54450,2026-05-04 10:00:00,NIFTY,2026-05-12,24100.0,CE,998985,-40365,6334965,18.33,290.4,24122.9
54451,2026-05-04 10:00:00,NIFTY,2026-05-12,24050.0,PE,195195,-16315,1622920,18.16,208.1,24122.9
54452,2026-05-04 10:00:00,NIFTY,2026-05-12,21950.0,PE,12805,0,94900,27.92,3.3,24122.9
54453,2026-05-04 10:00:00,NIFTY,2026-05-19,22600.0,PE,16575,130,46930,21.39,25.45,24122.9
54454,2026-05-04 10:00:00,NIFTY,2026-05-19,22600.0,CE,0,0,0,,1457.0,24122.9
54455,2026-05-04 10:00:00,NIFTY,2026-05-19,22650.0,CE,0,0,0,,1414.7,24122.9
54456,2026-05-04 10:00:00,NIFTY,2026-05-12,21850.0,CE,0,0,0,,1471.9,24122.9
54457,2026-05-04 10:00:00,NIFTY,2026-05-19,22650.0,PE,650,0,1430,21.61,30.0,24122.9
54458,2026-05-04 10:00:00,NIFTY,2026-05-12,25300.0,CE,1071590,47255,3940495,17.36,9.1,24122.9
54459,2026-05-04 10:00:00,NIFTY,2026-05-12,23750.0,PE,147810,6305,1207895,18.59,107.85,24122.9
54460,2026-05-04 10:00:00,NIFTY,2026-05-12,23750.0,CE,20865,260,44980,18.71,516.0,24122.9
54461,2026-05-04 10:00:00,NIFTY,2026-05-12,25250.0,PE,390,0,1365,20.44,1115.0,24122.9
54462,2026-05-04 10:00:00,NIFTY,2026-05-12,25250.0,CE,326170,9555,1831375,17.43,11.25,24122.9
54463,2026-05-04 10:00:00,NIFTY,2026-05-12,21750.0,PE,9555,130,28210,29.71,2.85,24122.9
54464,2026-05-04 10:00:00,NIFTY,2026-05-12,25400.0,CE,706225,10660,2693145,17.52,6.5,24122.9
54465,2026-05-04 10:00:00,NIFTY,2026-05-12,23850.0,PE,178620,-14235,1166685,18.51,136.75,24122.9
54466,2026-05-04 10:00:00,NIFTY,2026-05-12,23850.0,CE,39845,0,118105,18.13,438.75,24122.9
54467,2026-05-04 10:00:00,NIFTY,2026-05-12,25350.0,PE,0,0,65,23.86,1225.6,24122.9
54468,2026-05-04 10:00:00,NIFTY,2026-05-12,21750.0,CE,0,0,0,,1560.25,24122.9
54469,2026-05-04 10:00:00,NIFTY,2026-05-12,25350.0,CE,201500,5005,872430,17.71,8.4,24122.9
54470,2026-05-04 10:00:00,NIFTY,2026-05-12,23800.0,PE,1182610,130,5425290,18.47,120.7,24122.9
54471,2026-05-04 10:00:00,NIFTY,2026-05-12,23800.0,CE,307710,1105,608790,18.63,479.4,24122.9
54472,2026-05-04 10:00:00,NIFTY,2026-05-12,25300.0,PE,2015,-195,4615,15.17,1145.1,24122.9
54473,2026-05-04 10:00:00,NIFTY,2026-05-12,23950.0,PE,198900,-7345,1215110,18.2,167.75,24122.9
54474,2026-05-04 10:00:00,NIFTY,2026-05-12,21800.0,PE,181220,26975,518570,29.38,3.05,24122.9
54475,2026-05-04 10:00:00,NIFTY,2026-05-12,23950.0,CE,40235,-195,238355,18.44,378.0,24122.9
54476,2026-05-04 10:00:00,NIFTY,2026-05-12,25400.0,PE,4875,0,975,,1220.0,24122.9
54477,2026-05-04 10:00:00,NIFTY,2026-05-12,23900.0,PE,539500,-7215,3482050,18.38,151.95,24122.9
54478,2026-05-04 10:00:00,NIFTY,2026-05-12,21800.0,CE,0,0,0,,1515.85,24122.9
54479,2026-05-04 10:00:00,NIFTY,2026-05-12,23900.0,CE,211315,-195,708955,18.32,408.0,24122.9
54480,2026-05-04 10:00:00,NIFTY,2026-05-19,22700.0,CE,0,0,0,,1372.85,24122.9
54481,2026-05-04 10:00:00,NIFTY,2026-05-12,23700.0,PE,1247480,21905,4044820,18.73,96.4,24122.9
54482,2026-05-04 10:00:00,NIFTY,2026-05-19,22700.0,PE,25285,130,57200,21.05,30.1,24122.9
54483,2026-05-04 10:00:00,NIFTY,2026-05-12,23550.0,CE,3510,-65,4940,20.41,686.65,24122.9
54484,2026-05-04 10:00:00,NIFTY,2026-05-12,23600.0,CE,38870,-195,72540,18.78,630.8,24122.9
54485,2026-05-04 10:00:00,NIFTY,2026-05-12,25200.0,CE,942630,31655,4405245,17.29,13.0,24122.9
54486,2026-05-04 10:00:00,NIFTY,2026-05-12,26500.0,CE,327860,55120,816465,23.81,1.2,24122.9
54487,2026-05-04 10:00:00,NIFTY,2026-05-12,25150.0,PE,65,0,260,3.35,843.0,24122.9
54488,2026-05-04 10:00:00,NIFTY,2026-05-12,25150.0,CE,235690,15795,921440,17.35,15.85,24122.9
54489,2026-05-04 10:00:00,NIFTY,2026-05-12,23550.0,PE,169000,12935,955305,19.09,67.45,24122.9
54490,2026-05-04 10:00:00,NIFTY,2026-05-12,25200.0,PE,8515,975,10660,16.5,1051.45,24122.9
54491,2026-05-04 10:00:00,NIFTY,2026-05-12,23700.0,CE,90025,195,147095,19.39,560.45,24122.9
54492,2026-05-04 10:00:00,NIFTY,2026-05-12,23650.0,PE,129675,1105,931710,18.75,84.7,24122.9
54493,2026-05-04 10:00:00,NIFTY,2026-05-12,26500.0,PE,0,0,0,121.61,3217.6,24122.9
54494,2026-05-04 10:00:00,NIFTY,2026-05-12,23650.0,CE,10075,130,9165,19.26,596.7,24122.9
54495,2026-05-04 10:00:00,NIFTY,2026-05-12,23600.0,PE,720200,10985,4217330,18.93,75.8,24122.9
54496,2026-05-04 10:00:00,NIFTY,2026-05-12,23500.0,PE,1793090,98800,8717800,19.15,59.15,24122.9
54497,2026-05-04 10:00:00,NIFTY,2026-05-12,25100.0,PE,2665,-65,4940,15.05,950.95,24122.9
54498,2026-05-04 10:00:00,NIFTY,2026-05-19,26100.0,CE,5655,65,16900,17.44,4.95,24122.9
54499,2026-05-04 10:00:00,NIFTY,2026-05-19,26050.0,PE,0,0,0,43.21,2100.0,24122.9
54500,2026-05-04 10:00:00,NIFTY,2026-05-19,26150.0,CE,2275,65,6500,17.12,3.7,24122.9
54501,2026-05-04 10:00:00,NIFTY,2026-05-19,26100.0,PE,0,0,0,43.65,2146.85,24122.9
54502,2026-05-04 10:00:00,NIFTY,2026-05-19,26200.0,CE,18330,325,31135,17.92,4.45,24122.9
54503,2026-05-04 10:00:00,NIFTY,2026-05-19,26150.0,PE,0,0,0,44.1,2193.85,24122.9
54504,2026-05-04 10:00:00,NIFTY,2026-05-19,26250.0,CE,2795,0,5850,17.39,3.05,24122.9
54505,2026-05-04 10:00:00,NIFTY,2026-05-19,26200.0,PE,0,0,0,44.55,2241.1,24122.9
54506,2026-05-04 10:00:00,NIFTY,2026-05-19,26250.0,PE,0,0,0,45.0,2288.45,24122.9
54507,2026-05-04 10:00:00,NIFTY,2026-05-12,26400.0,PE,0,0,65,,2219.95,24122.9
54508,2026-05-04 10:00:00,NIFTY,2026-05-12,26400.0,CE,29250,-1560,78000,23.51,1.5,24122.9
54509,2026-05-04 10:00:00,NIFTY,2026-05-12,23400.0,PE,804830,19370,3388970,19.44,46.3,24122.9
54510,2026-05-04 10:00:00,NIFTY,2026-05-12,23400.0,CE,8060,65,12285,20.16,808.1,24122.9
54511,2026-05-04 10:00:00,NIFTY,2026-05-12,26450.0,PE,0,0,0,120.6,3168.2,24122.9
54512,2026-05-04 10:00:00,NIFTY,2026-05-12,26450.0,CE,22685,-780,49920,23.48,1.25,24122.9
54513,2026-05-04 10:00:00,NIFTY,2026-05-12,25100.0,CE,912990,143520,4070560,17.24,18.4,24122.9
54514,2026-05-04 10:00:00,NIFTY,2026-05-12,23500.0,CE,393445,34450,775255,19.17,715.7,24122.9
54515,2026-05-04 10:00:00,NIFTY,2026-05-12,25050.0,PE,390,0,845,,875.0,24122.9
54516,2026-05-04 10:00:00,NIFTY,2026-05-12,23450.0,PE,123045,10400,618215,19.36,52.9,24122.9
54517,2026-05-04 10:00:00,NIFTY,2026-05-12,25050.0,CE,161395,8320,1096810,17.37,22.6,24122.9
54518,2026-05-04 10:00:00,NIFTY,2026-05-12,23450.0,CE,910,0,1170,22.14,783.6,24122.9
54519,2026-05-04 10:00:00,NIFTY,2026-05-12,23350.0,PE,151450,17940,856245,19.64,41.2,24122.9
54520,2026-05-04 10:00:00,NIFTY,2026-05-12,26350.0,PE,0,0,0,118.57,3069.55,24122.9
54521,2026-05-04 10:00:00,NIFTY,2026-05-19,26300.0,PE,0,0,0,45.46,2336.0,24122.9
54522,2026-05-04 10:00:00,NIFTY,2026-05-19,26300.0,CE,6370,0,17355,17.0,2.15,24122.9
54523,2026-05-04 10:00:00,NIFTY,2026-05-19,26350.0,PE,0,0,0,45.93,2383.75,24122.9
54524,2026-05-04 10:00:00,NIFTY,2026-05-19,26350.0,CE,130,0,2145,17.86,2.75,24122.9
54525,2026-05-04 10:00:00,NIFTY,2026-05-19,26400.0,PE,0,0,0,46.4,2431.6,24122.9
54526,2026-05-04 10:00:00,NIFTY,2026-05-19,26400.0,CE,4810,0,5070,17.81,2.3,24122.9
54527,2026-05-04 10:00:00,NIFTY,2026-05-19,26450.0,PE,0,0,0,46.88,2479.6,24122.9
54528,2026-05-04 10:00:00,NIFTY,2026-05-19,26450.0,CE,455,-130,2340,19.12,3.5,24122.9
