id,timestamp,symbol,expiry,strike,option_type,oi,oi_change,volume,iv,last_price,spot_price
1,2026-04-29 09:10:00,NIFTY,2026-05-12,23300.0,CE,2275,,1625,14.61,980.9,24206.4
2,2026-04-29 09:10:00,NIFTY,2026-05-12,25000.0,PE,146445,,78455,16.47,804.0,24206.4
3,2026-04-29 09:10:00,NIFTY,2026-05-12,25000.0,CE,842985,,2757625,15.1,52.9,24206.4
4,2026-04-29 09:10:00,NIFTY,2026-05-12,23250.0,PE,58890,,170495,19.03,49.0,24206.4
5,2026-04-29 09:10:00,NIFTY,2026-05-12,23250.0,CE,585,,260,28.8,1169.35,24206.4
6,2026-04-29 09:10:00,NIFTY,2026-05-12,24950.0,PE,65,,455,,677.0,24206.4
7,2026-04-29 09:10:00,NIFTY,2026-05-05,23000.0,PE,5636800,,24887525,21.11,6.55,24206.4
8,2026-04-29 09:10:00,NIFTY,2026-05-12,24950.0,CE,42250,,158665,15.15,61.0,24206.4
9,2026-04-29 09:10:00,NIFTY,2026-05-05,24600.0,CE,2896920,,49575305,14.81,56.35,24206.4
10,2026-04-29 09:10:00,NIFTY,2026-05-12,23350.0,CE,65,,0,15.92,944.6,24206.4
11,2026-04-29 09:10:00,NIFTY,2026-05-05,24550.0,PE,123695,,1544140,15.25,389.4,24206.4
12,2026-04-29 09:10:00,NIFTY,2026-05-12,26350.0,CE,6760,,6565,17.76,1.9,24206.4
13,2026-04-29 09:10:00,NIFTY,2026-05-05,23000.0,CE,203320,,90285,16.38,1232.0,24206.4
14,2026-04-29 09:10:00,NIFTY,2026-05-05,22950.0,PE,457600,,2978235,21.45,5.85,24206.4
15,2026-04-29 09:10:00,NIFTY,2026-05-12,26300.0,PE,65,,0,33.65,2110.45,24206.4
16,2026-04-29 09:10:00,NIFTY,2026-05-12,26300.0,CE,18265,,21645,17.29,1.8,24206.4
17,2026-04-29 09:10:00,NIFTY,2026-05-12,23300.0,PE,167050,,539955,18.92,54.35,24206.4
18,2026-04-29 09:10:00,NIFTY,2026-05-05,22950.0,CE,1755,,325,,1276.5,24206.4
19,2026-04-29 09:10:00,NIFTY,2026-05-05,22900.0,PE,2134730,,9738950,21.93,5.45,24206.4
20,2026-04-29 09:10:00,NIFTY,2026-05-12,23200.0,PE,247000,,565630,19.22,44.85,24206.4
21,2026-04-29 09:10:00,NIFTY,2026-05-05,22900.0,CE,6435,,2665,,1289.0,24206.4
22,2026-04-29 09:10:00,NIFTY,2026-05-12,24900.0,PE,10465,,8190,15.72,712.6,24206.4
23,2026-04-29 09:10:00,NIFTY,2026-05-05,22850.0,PE,1986270,,5553405,22.42,5.1,24206.4
24,2026-04-29 09:10:00,NIFTY,2026-05-12,24900.0,CE,597285,,1204060,15.13,69.3,24206.4
25,2026-04-29 09:10:00,NIFTY,2026-05-12,24850.0,PE,195,,520,10.16,610.0,24206.4
26,2026-04-29 09:10:00,NIFTY,2026-05-05,26350.0,CE,48555,,81640,23.44,0.6,24206.4
27,2026-04-29 09:10:00,NIFTY,2026-05-05,26300.0,PE,65,,0,50.39,2144.95,24206.4
28,2026-04-29 09:10:00,NIFTY,2026-05-05,26300.0,CE,198965,,620815,22.76,0.55,24206.4
29,2026-04-29 09:10:00,NIFTY,2026-05-05,26250.0,PE,0,,0,151.95,3126.3,24206.4
30,2026-04-29 09:10:00,NIFTY,2026-05-05,26250.0,CE,89310,,164450,22.65,0.65,24206.4
31,2026-04-29 09:10:00,NIFTY,2026-05-05,26200.0,PE,325,,0,40.35,2003.0,24206.4
32,2026-04-29 09:10:00,NIFTY,2026-05-05,26200.0,CE,327405,,449735,21.99,0.6,24206.4
33,2026-04-29 09:10:00,NIFTY,2026-05-12,23200.0,CE,2470,,2340,25.73,1170.8,24206.4
34,2026-04-29 09:10:00,NIFTY,2026-05-05,23150.0,CE,4095,,2795,,1072.9,24206.4
35,2026-04-29 09:10:00,NIFTY,2026-05-05,23100.0,PE,1967745,,11301420,20.34,8.05,24206.4
36,2026-04-29 09:10:00,NIFTY,2026-05-12,24850.0,CE,67015,,157365,15.09,78.15,24206.4
37,2026-04-29 09:10:00,NIFTY,2026-05-12,24800.0,PE,27235,,31850,16.26,641.0,24206.4
38,2026-04-29 09:10:00,NIFTY,2026-05-05,23100.0,CE,10335,,7475,,1115.55,24206.4
39,2026-04-29 09:10:00,NIFTY,2026-05-12,26250.0,PE,0,,0,95.55,2971.0,24206.4
40,2026-04-29 09:10:00,NIFTY,2026-05-12,24800.0,CE,262405,,1000350,15.1,88.5,24206.4
41,2026-04-29 09:10:00,NIFTY,2026-05-12,26250.0,CE,18525,,13325,17.14,2.0,24206.4
42,2026-04-29 09:10:00,NIFTY,2026-05-05,23050.0,PE,439075,,3738475,20.72,7.25,24206.4
43,2026-04-29 09:10:00,NIFTY,2026-05-12,24750.0,PE,3055,,4940,16.31,604.0,24206.4
44,2026-04-29 09:10:00,NIFTY,2026-05-12,26200.0,PE,0,,0,94.72,2921.8,24206.4
45,2026-04-29 09:10:00,NIFTY,2026-05-12,24750.0,CE,71305,,186225,15.19,101.15,24206.4
46,2026-04-29 09:10:00,NIFTY,2026-05-12,26200.0,CE,53950,,89635,16.68,1.9,24206.4
47,2026-04-29 09:10:00,NIFTY,2026-05-05,23050.0,CE,910,,260,18.69,1184.8,24206.4
48,2026-04-29 09:10:00,NIFTY,2026-05-05,26450.0,PE,0,,0,,3323.05,24206.4
49,2026-04-29 09:10:00,NIFTY,2026-05-05,26450.0,CE,63050,,160745,24.39,0.6,24206.4
50,2026-04-29 09:10:00,NIFTY,2026-05-12,26150.0,CE,11440,,27365,16.82,2.45,24206.4
51,2026-04-29 09:10:00,NIFTY,2026-05-05,26400.0,PE,65,,0,68.21,2356.65,24206.4
52,2026-04-29 09:10:00,NIFTY,2026-05-12,26100.0,PE,260,,0,36.35,1960.0,24206.4
53,2026-04-29 09:10:00,NIFTY,2026-05-05,26400.0,CE,206180,,549315,23.91,0.6,24206.4
54,2026-04-29 09:10:00,NIFTY,2026-05-12,26100.0,CE,69225,,92885,16.32,2.3,24206.4
55,2026-04-29 09:10:00,NIFTY,2026-05-05,23400.0,CE,42380,,52000,12.31,833.15,24206.4
56,2026-04-29 09:10:00,NIFTY,2026-05-12,24700.0,PE,34645,,60580,15.89,560.9,24206.4
57,2026-04-29 09:10:00,NIFTY,2026-05-12,24700.0,CE,284310,,774085,15.19,113.65,24206.4
58,2026-04-29 09:10:00,NIFTY,2026-05-05,23350.0,PE,694590,,7322640,18.65,14.8,24206.4
59,2026-04-29 09:10:00,NIFTY,2026-05-05,23350.0,CE,3835,,5655,19.3,898.6,24206.4
60,2026-04-29 09:10:00,NIFTY,2026-05-12,26150.0,PE,0,,0,93.88,2872.65,24206.4
61,2026-04-29 09:10:00,NIFTY,2026-05-05,23300.0,PE,2477995,,18527340,18.95,12.95,24206.4
62,2026-04-29 09:10:00,NIFTY,2026-05-12,26050.0,PE,0,,0,92.2,2774.55,24206.4
63,2026-04-29 09:10:00,NIFTY,2026-05-05,23300.0,CE,55770,,31200,16.99,938.65,24206.4
64,2026-04-29 09:10:00,NIFTY,2026-05-12,26050.0,CE,29185,,27365,16.46,2.95,24206.4
65,2026-04-29 09:10:00,NIFTY,2026-05-05,23250.0,PE,964925,,7503990,19.29,11.45,24206.4
66,2026-04-29 09:10:00,NIFTY,2026-05-12,26000.0,PE,2015,,130,17.98,1740.0,24206.4
67,2026-04-29 09:10:00,NIFTY,2026-05-05,23250.0,CE,3445,,3445,,978.05,24206.4
68,2026-04-29 09:10:00,NIFTY,2026-05-12,24650.0,PE,3315,,8840,16.76,539.0,24206.4
69,2026-04-29 09:10:00,NIFTY,2026-05-12,26000.0,CE,966745,,1554540,16.18,3.1,24206.4
70,2026-04-29 09:10:00,NIFTY,2026-05-05,23200.0,PE,2983955,,18094960,19.62,10.1,24206.4
71,2026-04-29 09:10:00,NIFTY,2026-05-05,23200.0,CE,19760,,13650,15.9,1034.0,24206.4
72,2026-04-29 09:10:00,NIFTY,2026-05-05,23150.0,PE,772265,,5715255,19.99,9.05,24206.4
73,2026-04-29 09:10:00,NIFTY,2026-05-05,26350.0,PE,520,,0,69.99,2329.15,24206.4
74,2026-04-29 09:10:00,NIFTY,2026-05-12,24550.0,CE,41405,,199355,15.35,161.0,24206.4
75,2026-04-29 09:10:00,NIFTY,2026-05-05,21800.0,CE,0,,0,,1383.9,24206.4
76,2026-04-29 09:10:00,NIFTY,2026-05-12,25950.0,PE,0,,0,90.51,2676.7,24206.4
77,2026-04-29 09:10:00,NIFTY,2026-05-12,24650.0,CE,38285,,149370,15.22,127.75,24206.4
78,2026-04-29 09:10:00,NIFTY,2026-05-12,25950.0,CE,18005,,33410,16.29,3.9,24206.4
79,2026-04-29 09:10:00,NIFTY,2026-05-12,24600.0,PE,29250,,110240,15.9,490.55,24206.4
80,2026-04-29 09:10:00,NIFTY,2026-05-12,25900.0,PE,0,,0,89.66,2627.9,24206.4
81,2026-04-29 09:10:00,NIFTY,2026-05-12,24600.0,CE,626990,,1440985,15.27,143.5,24206.4
82,2026-04-29 09:10:00,NIFTY,2026-05-12,24550.0,PE,6760,,14755,16.3,463.8,24206.4
83,2026-04-29 09:10:00,NIFTY,2026-05-12,25900.0,CE,95095,,285675,16.03,4.15,24206.4
84,2026-04-29 09:10:00,NIFTY,2026-05-12,25850.0,PE,0,,0,88.82,2579.2,24206.4
85,2026-04-29 09:10:00,NIFTY,2026-05-12,25850.0,CE,19435,,44135,16.05,5.0,24206.4
86,2026-04-29 09:10:00,NIFTY,2026-05-12,25800.0,PE,0,,0,87.96,2530.55,24206.4
87,2026-04-29 09:10:00,NIFTY,2026-05-12,25800.0,CE,160420,,493805,15.88,5.55,24206.4
88,2026-04-29 09:10:00,NIFTY,2026-05-05,24650.0,CE,1349595,,27206465,14.83,46.7,24206.4
89,2026-04-29 09:10:00,NIFTY,2026-05-05,24600.0,PE,238550,,2076425,15.29,428.1,24206.4
90,2026-04-29 09:10:00,NIFTY,2026-05-12,25750.0,PE,65,,65,,1425.5,24206.4
91,2026-04-29 09:10:00,NIFTY,2026-05-12,25750.0,CE,40040,,102960,15.8,6.4,24206.4
92,2026-04-29 09:10:00,NIFTY,2026-05-12,25700.0,PE,65,,0,45.14,1750.0,24206.4
93,2026-04-29 09:10:00,NIFTY,2026-05-12,23000.0,PE,1009580,,2529670,19.85,30.55,24206.4
94,2026-04-29 09:10:00,NIFTY,2026-05-12,23000.0,CE,13195,,4485,10.3,1260.0,24206.4
95,2026-04-29 09:10:00,NIFTY,2026-05-12,22950.0,PE,52650,,148915,19.98,27.55,24206.4
96,2026-04-29 09:10:00,NIFTY,2026-05-05,24750.0,PE,31850,,129090,15.63,553.9,24206.4
97,2026-04-29 09:10:00,NIFTY,2026-05-12,22950.0,CE,65,,0,,1251.8,24206.4
98,2026-04-29 09:10:00,NIFTY,2026-05-05,24750.0,CE,1347190,,22952735,14.97,32.1,24206.4
99,2026-04-29 09:10:00,NIFTY,2026-05-12,23100.0,PE,101270,,474565,19.52,36.95,24206.4
100,2026-04-29 09:10:00,NIFTY,2026-05-05,24700.0,PE,225810,,1094925,15.5,510.7,24206.4
101,2026-04-29 09:10:00,NIFTY,2026-05-12,23100.0,CE,845,,455,29.99,1302.2,24206.4
102,2026-04-29 09:10:00,NIFTY,2026-05-05,24700.0,CE,2493270,,40416870,14.89,38.8,24206.4
103,2026-04-29 09:10:00,NIFTY,2026-05-12,23050.0,PE,25480,,119405,19.7,33.65,24206.4
104,2026-04-29 09:10:00,NIFTY,2026-05-12,23050.0,CE,65,,585,,1094.05,24206.4
105,2026-04-29 09:10:00,NIFTY,2026-05-05,24650.0,PE,57850,,307515,15.43,469.05,24206.4
106,2026-04-29 09:10:00,NIFTY,2026-05-12,23150.0,PE,25610,,98020,19.35,40.55,24206.4
107,2026-04-29 09:10:00,NIFTY,2026-05-12,23150.0,CE,130,,130,,1028.3,24206.4
108,2026-04-29 09:10:00,NIFTY,2026-05-05,22500.0,CE,15860,,2925,,1725.85,24206.4
109,2026-04-29 09:10:00,NIFTY,2026-05-05,22450.0,PE,315380,,1341015,26.04,2.95,24206.4
110,2026-04-29 09:10:00,NIFTY,2026-05-05,22450.0,CE,130,,65,,1678.75,24206.4
111,2026-04-29 09:10:00,NIFTY,2026-05-05,22400.0,PE,788515,,5056090,26.47,2.75,24206.4
112,2026-04-29 09:10:00,NIFTY,2026-05-12,22750.0,CE,0,,0,,774.75,24206.4
113,2026-04-29 09:10:00,NIFTY,2026-05-12,22700.0,PE,130715,,432185,20.95,17.6,24206.4
114,2026-04-29 09:10:00,NIFTY,2026-05-12,22700.0,CE,65,,65,,1422.25,24206.4
115,2026-04-29 09:10:00,NIFTY,2026-05-05,23650.0,CE,47255,,102180,14.49,601.5,24206.4
116,2026-04-29 09:10:00,NIFTY,2026-05-05,23600.0,PE,2661100,,23936250,17.34,30.45,24206.4
117,2026-04-29 09:10:00,NIFTY,2026-05-05,24900.0,PE,177970,,151840,16.71,692.6,24206.4
118,2026-04-29 09:10:00,NIFTY,2026-05-05,24900.0,CE,2682485,,28839200,15.34,18.4,24206.4
119,2026-04-29 09:10:00,NIFTY,2026-05-12,22850.0,CE,0,,0,,711.05,24206.4
120,2026-04-29 09:10:00,NIFTY,2026-05-05,23600.0,CE,95745,,246350,15.92,654.0,24206.4
121,2026-04-29 09:10:00,NIFTY,2026-05-05,23550.0,PE,838630,,8727355,17.59,26.3,24206.4
122,2026-04-29 09:10:00,NIFTY,2026-05-12,22800.0,PE,251940,,704340,20.51,20.8,24206.4
123,2026-04-29 09:10:00,NIFTY,2026-05-12,22800.0,CE,4355,,455,,1336.35,24206.4
124,2026-04-29 09:10:00,NIFTY,2026-05-05,23550.0,CE,27105,,43745,15.5,697.55,24206.4
125,2026-04-29 09:10:00,NIFTY,2026-05-05,24850.0,PE,16250,,53690,17.39,652.45,24206.4
126,2026-04-29 09:10:00,NIFTY,2026-05-12,22750.0,PE,18395,,65325,20.78,19.35,24206.4
127,2026-04-29 09:10:00,NIFTY,2026-05-05,24850.0,CE,1241370,,18070000,15.21,22.2,24206.4
128,2026-04-29 09:10:00,NIFTY,2026-05-05,23500.0,PE,3831425,,35641190,17.85,22.75,24206.4
129,2026-04-29 09:10:00,NIFTY,2026-05-05,26500.0,PE,10660,,2600,,2213.05,24206.4
130,2026-04-29 09:10:00,NIFTY,2026-05-05,26550.0,PE,0,,0,,3421.65,24206.4
131,2026-04-29 09:10:00,NIFTY,2026-05-05,26500.0,CE,402480,,1205035,24.65,0.55,24206.4
132,2026-04-29 09:10:00,NIFTY,2026-05-05,23500.0,CE,499980,,594100,16.48,747.95,24206.4
133,2026-04-29 09:10:00,NIFTY,2026-05-05,23450.0,PE,713310,,9187555,18.09,19.6,24206.4
134,2026-04-29 09:10:00,NIFTY,2026-05-05,26550.0,CE,163020,,575445,25.33,0.6,24206.4
135,2026-04-29 09:10:00,NIFTY,2026-05-12,22900.0,PE,156520,,413400,20.17,25.15,24206.4
136,2026-04-29 09:10:00,NIFTY,2026-05-05,23450.0,CE,17420,,26780,15.85,792.3,24206.4
137,2026-04-29 09:10:00,NIFTY,2026-05-12,22900.0,CE,0,,0,,680.35,24206.4
138,2026-04-29 09:10:00,NIFTY,2026-05-05,23400.0,PE,1726010,,16700385,18.35,16.95,24206.4
139,2026-04-29 09:10:00,NIFTY,2026-05-12,22850.0,PE,37180,,117910,20.33,22.85,24206.4
140,2026-04-29 09:10:00,NIFTY,2026-05-05,24800.0,PE,233870,,615160,16.18,600.85,24206.4
141,2026-04-29 09:10:00,NIFTY,2026-05-05,24800.0,CE,3690245,,40326065,15.07,26.6,24206.4
142,2026-04-29 09:10:00,NIFTY,2026-05-12,24450.0,PE,18525,,66300,16.34,401.7,24206.4
143,2026-04-29 09:10:00,NIFTY,2026-05-12,24450.0,CE,49920,,221260,15.35,197.2,24206.4
144,2026-04-29 09:10:00,NIFTY,2026-05-12,22600.0,PE,99515,,327990,21.45,15.15,24206.4
145,2026-04-29 09:10:00,NIFTY,2026-05-05,25150.0,CE,991575,,10425415,16.24,7.6,24206.4
146,2026-04-29 09:10:00,NIFTY,2026-05-12,22600.0,CE,0,,0,,876.1,24206.4
147,2026-04-29 09:10:00,NIFTY,2026-05-05,25100.0,PE,11765,,18135,18.41,884.2,24206.4
148,2026-04-29 09:10:00,NIFTY,2026-05-12,24500.0,PE,230165,,514865,16.43,434.05,24206.4
149,2026-04-29 09:10:00,NIFTY,2026-05-12,24500.0,CE,675675,,2032355,15.43,179.8,24206.4
150,2026-04-29 09:10:00,NIFTY,2026-05-05,25100.0,CE,3201575,,23262720,16.03,9.0,24206.4
151,2026-04-29 09:10:00,NIFTY,2026-05-05,25050.0,PE,2665,,10400,19.2,841.7,24206.4
152,2026-04-29 09:10:00,NIFTY,2026-05-12,22650.0,PE,17355,,52585,21.24,16.5,24206.4
153,2026-04-29 09:10:00,NIFTY,2026-05-05,25050.0,CE,894465,,10720255,15.85,10.75,24206.4
154,2026-04-29 09:10:00,NIFTY,2026-05-12,22650.0,CE,0,,0,,841.6,24206.4
155,2026-04-29 09:10:00,NIFTY,2026-05-05,25000.0,PE,575835,,702130,17.94,789.75,24206.4
156,2026-04-29 09:10:00,NIFTY,2026-05-05,23700.0,CE,182780,,748605,15.6,563.9,24206.4
157,2026-04-29 09:10:00,NIFTY,2026-05-05,25000.0,CE,7347860,,62750805,15.68,12.85,24206.4
158,2026-04-29 09:10:00,NIFTY,2026-05-05,24950.0,PE,4810,,13065,17.95,744.5,24206.4
159,2026-04-29 09:10:00,NIFTY,2026-05-05,23650.0,PE,791830,,11577020,17.15,35.65,24206.4
160,2026-04-29 09:10:00,NIFTY,2026-05-05,24950.0,CE,1152775,,21207810,15.5,15.35,24206.4
161,2026-04-29 09:10:00,NIFTY,2026-05-12,22450.0,CE,0,,0,,985.1,24206.4
162,2026-04-29 09:10:00,NIFTY,2026-05-12,24350.0,PE,59605,,231725,16.49,346.75,24206.4
163,2026-04-29 09:10:00,NIFTY,2026-05-12,22550.0,CE,0,,0,,911.35,24206.4
164,2026-04-29 09:10:00,NIFTY,2026-05-05,23800.0,CE,484120,,1926470,16.15,484.6,24206.4
165,2026-04-29 09:10:00,NIFTY,2026-05-12,22500.0,PE,678860,,1026805,21.98,13.2,24206.4
166,2026-04-29 09:10:00,NIFTY,2026-05-05,25300.0,PE,4810,,3705,23.03,1090.0,24206.4
167,2026-04-29 09:10:00,NIFTY,2026-05-12,24350.0,CE,96070,,396825,15.53,241.95,24206.4
168,2026-04-29 09:10:00,NIFTY,2026-05-05,23750.0,PE,934765,,14457495,16.76,48.4,24206.4
169,2026-04-29 09:10:00,NIFTY,2026-05-05,25850.0,PE,195,,0,40.33,1681.4,24206.4
170,2026-04-29 09:10:00,NIFTY,2026-05-12,22500.0,CE,715,,1365,33.23,1840.0,24206.4
171,2026-04-29 09:10:00,NIFTY,2026-05-12,22450.0,PE,18005,,43030,22.26,12.35,24206.4
172,2026-04-29 09:10:00,NIFTY,2026-05-05,25300.0,CE,3604185,,26138515,16.89,4.65,24206.4
173,2026-04-29 09:10:00,NIFTY,2026-05-12,24400.0,PE,185835,,509080,16.27,370.9,24206.4
174,2026-04-29 09:10:00,NIFTY,2026-05-12,24400.0,CE,278850,,1093040,15.51,220.05,24206.4
175,2026-04-29 09:10:00,NIFTY,2026-05-05,25250.0,PE,2730,,2535,20.04,1031.35,24206.4
176,2026-04-29 09:10:00,NIFTY,2026-05-05,23750.0,CE,68770,,236600,16.05,524.65,24206.4
177,2026-04-29 09:10:00,NIFTY,2026-05-05,25250.0,CE,821275,,9061260,16.66,5.45,24206.4
178,2026-04-29 09:10:00,NIFTY,2026-05-05,22800.0,CE,9035,,780,4.97,1420.1,24206.4
179,2026-04-29 09:10:00,NIFTY,2026-05-12,22550.0,PE,21645,,60385,21.72,14.15,24206.4
180,2026-04-29 09:10:00,NIFTY,2026-05-05,23700.0,PE,2437110,,31529875,16.96,41.6,24206.4
181,2026-04-29 09:10:00,NIFTY,2026-05-05,25200.0,PE,73775,,37830,18.38,978.35,24206.4
182,2026-04-29 09:10:00,NIFTY,2026-05-05,22750.0,PE,399360,,1947010,23.2,4.25,24206.4
183,2026-04-29 09:10:00,NIFTY,2026-05-05,25200.0,CE,3468790,,22573720,16.46,6.45,24206.4
184,2026-04-29 09:10:00,NIFTY,2026-05-05,25150.0,PE,390,,390,21.06,942.45,24206.4
185,2026-04-29 09:10:00,NIFTY,2026-05-12,25650.0,PE,0,,0,85.39,2385.25,24206.4
186,2026-04-29 09:10:00,NIFTY,2026-05-05,21900.0,PE,305630,,1143415,32.0,2.1,24206.4
187,2026-04-29 09:10:00,NIFTY,2026-05-12,25650.0,CE,39065,,92820,15.57,8.25,24206.4
188,2026-04-29 09:10:00,NIFTY,2026-05-05,22550.0,PE,175370,,1133600,25.03,3.25,24206.4
189,2026-04-29 09:10:00,NIFTY,2026-05-12,24250.0,CE,111670,,417300,15.63,291.0,24206.4
190,2026-04-29 09:10:00,NIFTY,2026-05-05,21900.0,CE,0,,0,,1300.85,24206.4
191,2026-04-29 09:10:00,NIFTY,2026-05-12,22350.0,CE,0,,0,,1059.6,24206.4
192,2026-04-29 09:10:00,NIFTY,2026-05-05,21850.0,PE,42770,,165685,32.46,2.0,24206.4
193,2026-04-29 09:10:00,NIFTY,2026-05-12,22300.0,PE,199615,,369265,23.11,10.25,24206.4
194,2026-04-29 09:10:00,NIFTY,2026-05-05,25550.0,PE,650,,260,,1181.75,24206.4
195,2026-04-29 09:10:00,NIFTY,2026-05-05,21850.0,CE,0,,0,,1342.1,24206.4
196,2026-04-29 09:10:00,NIFTY,2026-05-12,22300.0,CE,0,,0,,1098.3,24206.4
197,2026-04-29 09:10:00,NIFTY,2026-05-05,25550.0,CE,609960,,3967730,17.79,1.95,24206.4
198,2026-04-29 09:10:00,NIFTY,2026-05-05,26000.0,PE,176930,,29705,28.51,1775.3,24206.4
199,2026-04-29 09:10:00,NIFTY,2026-05-05,22550.0,CE,130,,260,52.71,1796.5,24206.4
200,2026-04-29 09:10:00,NIFTY,2026-05-05,22500.0,PE,4155775,,12965355,25.54,3.1,24206.4
201,2026-04-29 09:10:00,NIFTY,2026-05-12,24300.0,CE,424840,,1454245,15.61,266.4,24206.4
202,2026-04-29 09:10:00,NIFTY,2026-05-05,25500.0,PE,317850,,57005,22.33,1277.0,24206.4
203,2026-04-29 09:10:00,NIFTY,2026-05-12,22400.0,PE,102245,,169780,22.48,11.4,24206.4
204,2026-04-29 09:10:00,NIFTY,2026-05-05,26000.0,CE,5162560,,12902695,20.5,0.75,24206.4
205,2026-04-29 09:10:00,NIFTY,2026-05-12,22400.0,CE,0,,0,,1021.6,24206.4
206,2026-04-29 09:10:00,NIFTY,2026-05-12,25700.0,CE,137735,,333255,15.67,7.2,24206.4
207,2026-04-29 09:10:00,NIFTY,2026-05-12,24250.0,PE,116025,,414245,16.47,293.8,24206.4
208,2026-04-29 09:10:00,NIFTY,2026-05-05,23950.0,CE,157950,,2985320,15.65,365.55,24206.4
209,2026-04-29 09:10:00,NIFTY,2026-05-05,25500.0,CE,4863235,,24786125,17.64,2.35,24206.4
210,2026-04-29 09:10:00,NIFTY,2026-05-05,25950.0,PE,0,,0,144.51,2832.5,24206.4
211,2026-04-29 09:10:00,NIFTY,2026-05-05,23900.0,PE,3063060,,41153645,16.26,76.3,24206.4
212,2026-04-29 09:10:00,NIFTY,2026-05-05,25450.0,PE,975,,130,23.8,1233.75,24206.4
213,2026-04-29 09:10:00,NIFTY,2026-05-12,22350.0,PE,9490,,20605,22.85,10.95,24206.4
214,2026-04-29 09:10:00,NIFTY,2026-05-05,25950.0,CE,315250,,867815,20.14,0.8,24206.4
215,2026-04-29 09:10:00,NIFTY,2026-05-05,23900.0,CE,591045,,4878770,15.78,403.55,24206.4
216,2026-04-29 09:10:00,NIFTY,2026-05-05,25450.0,CE,779740,,7090070,17.51,2.85,24206.4
217,2026-04-29 09:10:00,NIFTY,2026-05-05,25900.0,PE,455,,0,40.95,1730.0,24206.4
218,2026-04-29 09:10:00,NIFTY,2026-05-05,25400.0,PE,3250,,1560,23.38,1185.0,24206.4
219,2026-04-29 09:10:00,NIFTY,2026-05-05,23850.0,PE,1116050,,19050785,16.4,65.55,24206.4
220,2026-04-29 09:10:00,NIFTY,2026-05-05,23850.0,CE,90155,,712270,15.88,442.6,24206.4
221,2026-04-29 09:10:00,NIFTY,2026-05-05,25400.0,CE,2424110,,18347290,17.3,3.35,24206.4
222,2026-04-29 09:10:00,NIFTY,2026-05-05,23800.0,PE,3418480,,42039595,16.57,56.3,24206.4
223,2026-04-29 09:10:00,NIFTY,2026-05-05,25350.0,PE,1105,,4030,,1113.8,24206.4
224,2026-04-29 09:10:00,NIFTY,2026-05-12,24300.0,PE,423475,,1285050,16.41,318.35,24206.4
225,2026-04-29 09:10:00,NIFTY,2026-05-05,25350.0,CE,847535,,8107190,17.13,4.0,24206.4
226,2026-04-29 09:10:00,NIFTY,2026-05-05,25900.0,CE,1325350,,2329015,19.76,0.85,24206.4
227,2026-04-29 09:10:00,NIFTY,2026-05-05,21800.0,PE,574405,,1343030,33.2,2.05,24206.4
228,2026-04-29 09:10:00,NIFTY,2026-05-05,22100.0,PE,375635,,1711320,29.68,2.25,24206.4
229,2026-04-29 09:10:00,NIFTY,2026-05-12,25500.0,CE,559650,,2025530,15.43,12.95,24206.4
230,2026-04-29 09:10:00,NIFTY,2026-05-05,22100.0,CE,715,,0,,2077.3,24206.4
231,2026-04-29 09:10:00,NIFTY,2026-05-05,22050.0,PE,33995,,64285,30.33,2.25,24206.4
232,2026-04-29 09:10:00,NIFTY,2026-05-05,22050.0,CE,0,,0,,1180.2,24206.4
233,2026-04-29 09:10:00,NIFTY,2026-05-12,22100.0,PE,78000,,147225,24.24,8.05,24206.4
234,2026-04-29 09:10:00,NIFTY,2026-05-05,22000.0,PE,3839615,,7818980,30.89,2.2,24206.4
235,2026-04-29 09:10:00,NIFTY,2026-05-12,24200.0,PE,540930,,1774240,16.57,271.45,24206.4
236,2026-04-29 09:10:00,NIFTY,2026-05-12,25500.0,PE,22620,,21190,17.12,1256.1,24206.4
237,2026-04-29 09:10:00,NIFTY,2026-05-05,22000.0,CE,27235,,5525,6.89,2220.0,24206.4
238,2026-04-29 09:10:00,NIFTY,2026-05-12,24200.0,CE,908960,,1692340,15.84,320.55,24206.4
239,2026-04-29 09:10:00,NIFTY,2026-05-12,22100.0,CE,0,,0,,1259.0,24206.4
240,2026-04-29 09:10:00,NIFTY,2026-05-12,22050.0,PE,18265,,31200,24.65,7.85,24206.4
241,2026-04-29 09:10:00,NIFTY,2026-05-12,24150.0,PE,90415,,386750,16.67,250.2,24206.4
242,2026-04-29 09:10:00,NIFTY,2026-05-05,25700.0,CE,1526525,,6566365,18.48,1.25,24206.4
243,2026-04-29 09:10:00,NIFTY,2026-05-12,24150.0,CE,51740,,250575,15.75,346.05,24206.4
244,2026-04-29 09:10:00,NIFTY,2026-05-05,21950.0,PE,14950,,82030,31.45,2.15,24206.4
245,2026-04-29 09:10:00,NIFTY,2026-05-05,26050.0,PE,0,,0,147.01,2930.2,24206.4
246,2026-04-29 09:10:00,NIFTY,2026-05-12,22200.0,PE,46410,,93210,23.71,9.15,24206.4
247,2026-04-29 09:10:00,NIFTY,2026-05-12,25600.0,CE,181285,,540280,15.55,9.7,24206.4
248,2026-04-29 09:10:00,NIFTY,2026-05-05,22600.0,PE,1043640,,4888910,24.56,3.45,24206.4
249,2026-04-29 09:10:00,NIFTY,2026-05-05,24000.0,CE,2490475,,34646690,15.59,330.0,24206.4
250,2026-04-29 09:10:00,NIFTY,2026-05-05,22600.0,CE,650,,0,,1519.95,24206.4
251,2026-04-29 09:10:00,NIFTY,2026-05-05,23950.0,PE,1276795,,19549075,16.07,88.0,24206.4
252,2026-04-29 09:10:00,NIFTY,2026-05-12,22200.0,CE,0,,0,,1177.45,24206.4
253,2026-04-29 09:10:00,NIFTY,2026-05-12,25550.0,PE,0,,0,83.68,2289.0,24206.4
254,2026-04-29 09:10:00,NIFTY,2026-05-12,22150.0,PE,16315,,14690,24.01,8.65,24206.4
255,2026-04-29 09:10:00,NIFTY,2026-05-12,25550.0,CE,44330,,113295,15.44,11.0,24206.4
256,2026-04-29 09:10:00,NIFTY,2026-05-05,25650.0,PE,1560,,780,30.07,1446.0,24206.4
257,2026-04-29 09:10:00,NIFTY,2026-05-12,22150.0,CE,0,,0,,1217.95,24206.4
258,2026-04-29 09:10:00,NIFTY,2026-05-12,22250.0,PE,8450,,6890,23.28,9.35,24206.4
259,2026-04-29 09:10:00,NIFTY,2026-05-05,22850.0,CE,260,,65,,1233.95,24206.4
260,2026-04-29 09:10:00,NIFTY,2026-05-05,25650.0,CE,424515,,1719575,18.25,1.45,24206.4
261,2026-04-29 09:10:00,NIFTY,2026-05-05,22800.0,PE,2898545,,11807120,22.74,4.55,24206.4
262,2026-04-29 09:10:00,NIFTY,2026-05-12,25600.0,PE,0,,65,,1200.0,24206.4
263,2026-04-29 09:10:00,NIFTY,2026-05-05,25600.0,PE,4745,,3185,22.88,1374.95,24206.4
264,2026-04-29 09:10:00,NIFTY,2026-05-12,22250.0,CE,0,,0,,1137.6,24206.4
265,2026-04-29 09:10:00,NIFTY,2026-05-05,25600.0,CE,2388815,,8822580,18.11,1.75,24206.4
266,2026-04-29 09:10:00,NIFTY,2026-05-05,26050.0,CE,584350,,715065,20.7,0.65,24206.4
267,2026-04-29 09:10:00,NIFTY,2026-05-05,21950.0,CE,0,,0,,1260.05,24206.4
268,2026-04-29 09:10:00,NIFTY,2026-05-05,22250.0,CE,1300,,0,,1784.75,24206.4
269,2026-04-29 09:10:00,NIFTY,2026-05-05,22200.0,PE,720265,,2658240,28.61,2.4,24206.4
270,2026-04-29 09:10:00,NIFTY,2026-05-05,22700.0,CE,5135,,1235,46.15,1625.0,24206.4
271,2026-04-29 09:10:00,NIFTY,2026-05-05,22200.0,CE,1040,,130,32.25,2036.0,24206.4
272,2026-04-29 09:10:00,NIFTY,2026-05-05,22650.0,PE,275535,,1646515,24.11,3.7,24206.4
273,2026-04-29 09:10:00,NIFTY,2026-05-05,22150.0,PE,145600,,615940,29.04,2.25,24206.4
274,2026-04-29 09:10:00,NIFTY,2026-05-12,21900.0,CE,0,,0,,1428.35,24206.4
275,2026-04-29 09:10:00,NIFTY,2026-05-12,21850.0,PE,8840,,8775,25.06,5.1,24206.4
276,2026-04-29 09:10:00,NIFTY,2026-05-12,25450.0,PE,0,,0,81.96,2193.3,24206.4
277,2026-04-29 09:10:00,NIFTY,2026-05-05,22650.0,CE,260,,0,,1343.85,24206.4
278,2026-04-29 09:10:00,NIFTY,2026-05-12,25450.0,CE,39130,,117520,15.36,14.9,24206.4
279,2026-04-29 09:10:00,NIFTY,2026-05-05,25750.0,PE,0,,0,139.47,2638.0,24206.4
280,2026-04-29 09:10:00,NIFTY,2026-05-12,24050.0,CE,36465,,200265,16.05,409.35,24206.4
281,2026-04-29 09:10:00,NIFTY,2026-05-12,24000.0,PE,1033500,,2851420,16.91,193.25,24206.4
282,2026-04-29 09:10:00,NIFTY,2026-05-05,24100.0,CE,2287870,,76710400,15.36,263.05,24206.4
283,2026-04-29 09:10:00,NIFTY,2026-05-05,26150.0,PE,0,,0,149.49,3028.15,24206.4
284,2026-04-29 09:10:00,NIFTY,2026-05-05,24050.0,PE,2025010,,36471955,15.8,117.2,24206.4
285,2026-04-29 09:10:00,NIFTY,2026-05-12,24000.0,CE,283595,,982150,16.21,443.1,24206.4
286,2026-04-29 09:10:00,NIFTY,2026-05-12,21950.0,CE,0,,0,,1385.3,24206.4
287,2026-04-29 09:10:00,NIFTY,2026-05-05,26150.0,CE,126750,,405860,21.51,0.6,24206.4
288,2026-04-29 09:10:00,NIFTY,2026-05-12,21900.0,PE,28080,,38935,25.33,6.3,24206.4
289,2026-04-29 09:10:00,NIFTY,2026-05-05,24050.0,CE,608075,,16081520,15.38,294.45,24206.4
290,2026-04-29 09:10:00,NIFTY,2026-05-12,22050.0,CE,0,,0,,1300.6,24206.4
291,2026-04-29 09:10:00,NIFTY,2026-05-05,24000.0,PE,7927660,,93614950,15.95,101.95,24206.4
292,2026-04-29 09:10:00,NIFTY,2026-05-12,24100.0,PE,272155,,1387295,16.76,230.25,24206.4
293,2026-04-29 09:10:00,NIFTY,2026-05-12,22000.0,PE,400205,,895505,24.78,7.1,24206.4
294,2026-04-29 09:10:00,NIFTY,2026-05-12,22000.0,CE,1300,,1300,37.6,2320.0,24206.4
295,2026-04-29 09:10:00,NIFTY,2026-05-12,24100.0,CE,295880,,1021735,15.88,376.8,24206.4
296,2026-04-29 09:10:00,NIFTY,2026-05-12,21950.0,PE,14170,,16055,25.14,6.85,24206.4
297,2026-04-29 09:10:00,NIFTY,2026-05-12,24050.0,PE,62075,,377195,16.88,211.8,24206.4
298,2026-04-29 09:10:00,NIFTY,2026-05-05,25750.0,CE,485160,,1943825,18.83,1.15,24206.4
299,2026-04-29 09:10:00,NIFTY,2026-05-05,26100.0,PE,715,,0,63.91,2070.0,24206.4
300,2026-04-29 09:10:00,NIFTY,2026-05-05,26100.0,CE,1675440,,2866760,21.19,0.65,24206.4
301,2026-04-29 09:10:00,NIFTY,2026-05-05,25700.0,PE,1755,,1625,,1410.0,24206.4
302,2026-04-29 09:10:00,NIFTY,2026-05-12,21850.0,CE,0,,0,,1471.9,24206.4
303,2026-04-29 09:10:00,NIFTY,2026-05-05,22150.0,CE,65,,0,,1975.2,24206.4
304,2026-04-29 09:10:00,NIFTY,2026-05-12,25300.0,CE,257465,,650585,15.17,22.6,24206.4
305,2026-04-29 09:10:00,NIFTY,2026-05-12,23750.0,PE,50895,,194740,17.57,124.6,24206.4
306,2026-04-29 09:10:00,NIFTY,2026-05-12,23750.0,CE,455,,1755,22.53,712.05,24206.4
307,2026-04-29 09:10:00,NIFTY,2026-05-12,25250.0,PE,0,,0,78.53,2003.95,24206.4
308,2026-04-29 09:10:00,NIFTY,2026-05-05,22400.0,CE,1300,,195,53.57,1930.6,24206.4
309,2026-04-29 09:10:00,NIFTY,2026-05-12,25250.0,CE,97240,,244920,15.17,26.3,24206.4
310,2026-04-29 09:10:00,NIFTY,2026-05-05,22350.0,PE,168415,,1019395,27.0,2.65,24206.4
311,2026-04-29 09:10:00,NIFTY,2026-05-12,26550.0,PE,0,,0,100.47,3267.0,24206.4
312,2026-04-29 09:10:00,NIFTY,2026-05-05,22350.0,CE,65,,130,50.28,1955.35,24206.4
313,2026-04-29 09:10:00,NIFTY,2026-05-12,25400.0,CE,228605,,729690,15.23,16.8,24206.4
314,2026-04-29 09:10:00,NIFTY,2026-05-05,24250.0,CE,2487095,,64786605,15.02,177.35,24206.4
315,2026-04-29 09:10:00,NIFTY,2026-05-12,23850.0,PE,77935,,249340,17.31,149.1,24206.4
316,2026-04-29 09:10:00,NIFTY,2026-05-05,22300.0,PE,778765,,3282890,27.45,2.5,24206.4
317,2026-04-29 09:10:00,NIFTY,2026-05-05,22750.0,CE,1495,,0,,1407.95,24206.4
318,2026-04-29 09:10:00,NIFTY,2026-05-05,22700.0,PE,1339130,,6964360,23.61,3.9,24206.4
319,2026-04-29 09:10:00,NIFTY,2026-05-12,23850.0,CE,4225,,8125,16.24,544.0,24206.4
320,2026-04-29 09:10:00,NIFTY,2026-05-05,22300.0,CE,195,,0,,1840.0,24206.4
321,2026-04-29 09:10:00,NIFTY,2026-05-05,25850.0,CE,329550,,1336790,19.48,0.95,24206.4
322,2026-04-29 09:10:00,NIFTY,2026-05-12,25350.0,PE,0,,0,80.24,2098.25,24206.4
323,2026-04-29 09:10:00,NIFTY,2026-05-05,24200.0,PE,6921005,,104537355,15.48,175.8,24206.4
324,2026-04-29 09:10:00,NIFTY,2026-05-12,25350.0,CE,45305,,134615,15.25,19.8,24206.4
325,2026-04-29 09:10:00,NIFTY,2026-05-12,23800.0,PE,258050,,904150,17.41,136.0,24206.4
326,2026-04-29 09:10:00,NIFTY,2026-05-05,24200.0,CE,5383625,,101809630,15.14,203.9,24206.4
327,2026-04-29 09:10:00,NIFTY,2026-05-05,25800.0,PE,1235,,0,55.5,1750.8,24206.4
328,2026-04-29 09:10:00,NIFTY,2026-05-05,24150.0,PE,2380820,,47701810,15.56,154.0,24206.4
329,2026-04-29 09:10:00,NIFTY,2026-05-12,23800.0,CE,72995,,77090,16.12,578.0,24206.4
330,2026-04-29 09:10:00,NIFTY,2026-05-12,25300.0,PE,260,,520,,924.0,24206.4
331,2026-04-29 09:10:00,NIFTY,2026-05-05,24150.0,CE,1153945,,44161975,15.24,232.25,24206.4
332,2026-04-29 09:10:00,NIFTY,2026-05-12,23950.0,PE,49465,,156455,17.17,179.5,24206.4
333,2026-04-29 09:10:00,NIFTY,2026-05-12,21800.0,PE,19955,,7865,26.12,6.0,24206.4
334,2026-04-29 09:10:00,NIFTY,2026-05-12,23950.0,CE,12415,,46150,16.07,473.0,24206.4
335,2026-04-29 09:10:00,NIFTY,2026-05-05,24100.0,PE,5394220,,100200230,15.7,134.85,24206.4
336,2026-04-29 09:10:00,NIFTY,2026-05-12,25400.0,PE,3575,,780,15.63,1153.8,24206.4
337,2026-04-29 09:10:00,NIFTY,2026-05-12,23900.0,PE,151255,,589940,17.19,163.0,24206.4
338,2026-04-29 09:10:00,NIFTY,2026-05-12,23900.0,CE,66170,,121095,16.05,506.25,24206.4
339,2026-04-29 09:10:00,NIFTY,2026-05-12,21800.0,CE,0,,0,,1515.85,24206.4
340,2026-04-29 09:10:00,NIFTY,2026-05-05,25800.0,CE,3163030,,11936665,18.96,0.95,24206.4
341,2026-04-29 09:10:00,NIFTY,2026-05-12,23700.0,PE,561730,,1106105,17.71,113.9,24206.4
342,2026-04-29 09:10:00,NIFTY,2026-05-05,22250.0,PE,115375,,564460,28.04,2.45,24206.4
343,2026-04-29 09:10:00,NIFTY,2026-05-12,23550.0,CE,715,,2340,24.25,880.0,24206.4
344,2026-04-29 09:10:00,NIFTY,2026-05-12,23600.0,CE,6695,,9880,17.02,743.45,24206.4
345,2026-04-29 09:10:00,NIFTY,2026-05-12,25200.0,CE,284700,,894270,15.18,30.6,24206.4
346,2026-04-29 09:10:00,NIFTY,2026-05-05,24450.0,CE,1538680,,31149950,14.8,95.45,24206.4
347,2026-04-29 09:10:00,NIFTY,2026-05-12,26500.0,CE,124605,,109980,18.26,1.45,24206.4
348,2026-04-29 09:10:00,NIFTY,2026-05-12,25150.0,PE,65,,0,,695.05,24206.4
349,2026-04-29 09:10:00,NIFTY,2026-05-05,24400.0,PE,1646710,,25273820,15.21,284.4,24206.4
350,2026-04-29 09:10:00,NIFTY,2026-05-12,23550.0,PE,30160,,128635,18.24,87.7,24206.4
351,2026-04-29 09:10:00,NIFTY,2026-05-12,25150.0,CE,81640,,366080,15.04,34.25,24206.4
352,2026-04-29 09:10:00,NIFTY,2026-05-12,23700.0,CE,12675,,52650,16.25,655.0,24206.4
353,2026-04-29 09:10:00,NIFTY,2026-05-12,25200.0,PE,2470,,2275,17.91,990.15,24206.4
354,2026-04-29 09:10:00,NIFTY,2026-05-12,23650.0,PE,34840,,107770,17.91,104.7,24206.4
355,2026-04-29 09:10:00,NIFTY,2026-05-12,26550.0,CE,57525,,81770,18.46,1.35,24206.4
356,2026-04-29 09:10:00,NIFTY,2026-05-05,24400.0,CE,4653805,,71942975,14.81,112.2,24206.4
357,2026-04-29 09:10:00,NIFTY,2026-05-12,23650.0,CE,1235,,2535,22.15,776.45,24206.4
358,2026-04-29 09:10:00,NIFTY,2026-05-05,24350.0,PE,965120,,28032160,15.26,254.0,24206.4
359,2026-04-29 09:10:00,NIFTY,2026-05-12,26500.0,PE,0,,0,99.66,3217.6,24206.4
360,2026-04-29 09:10:00,NIFTY,2026-05-12,23600.0,PE,214565,,637195,18.09,96.15,24206.4
361,2026-04-29 09:10:00,NIFTY,2026-05-05,24350.0,CE,2251080,,56076085,14.89,131.9,24206.4
362,2026-04-29 09:10:00,NIFTY,2026-05-05,24300.0,PE,4299425,,107447210,15.27,225.05,24206.4
363,2026-04-29 09:10:00,NIFTY,2026-05-05,24300.0,CE,6936085,,123951620,14.94,153.35,24206.4
364,2026-04-29 09:10:00,NIFTY,2026-05-05,24250.0,PE,1992250,,63847030,15.42,200.0,24206.4
365,2026-04-29 09:10:00,NIFTY,2026-05-12,23500.0,PE,622830,,1885715,18.28,78.75,24206.4
366,2026-04-29 09:10:00,NIFTY,2026-05-12,25100.0,PE,1560,,1300,,741.7,24206.4
367,2026-04-29 09:10:00,NIFTY,2026-05-12,26400.0,PE,0,,0,98.03,3118.85,24206.4
368,2026-04-29 09:10:00,NIFTY,2026-05-12,26400.0,CE,17550,,14625,17.94,1.75,24206.4
369,2026-04-29 09:10:00,NIFTY,2026-05-12,23400.0,PE,215540,,660270,18.6,65.45,24206.4
370,2026-04-29 09:10:00,NIFTY,2026-05-12,23400.0,CE,1690,,1625,17.51,914.95,24206.4
371,2026-04-29 09:10:00,NIFTY,2026-05-12,26450.0,PE,0,,0,98.85,3168.2,24206.4
372,2026-04-29 09:10:00,NIFTY,2026-05-12,26450.0,CE,1625,,5070,17.77,1.35,24206.4
373,2026-04-29 09:10:00,NIFTY,2026-05-12,25100.0,CE,321360,,1245205,15.1,40.1,24206.4
374,2026-04-29 09:10:00,NIFTY,2026-05-12,23500.0,CE,48490,,33540,16.91,824.0,24206.4
375,2026-04-29 09:10:00,NIFTY,2026-05-12,25050.0,PE,65,,0,,635.55,24206.4
376,2026-04-29 09:10:00,NIFTY,2026-05-12,23450.0,PE,28925,,94380,18.46,72.0,24206.4
377,2026-04-29 09:10:00,NIFTY,2026-05-12,25050.0,CE,49205,,328120,15.06,45.75,24206.4
378,2026-04-29 09:10:00,NIFTY,2026-05-05,24550.0,CE,1537315,,31931120,14.78,67.4,24206.4
379,2026-04-29 09:10:00,NIFTY,2026-05-12,23450.0,CE,780,,325,26.22,982.15,24206.4
380,2026-04-29 09:10:00,NIFTY,2026-05-05,24500.0,PE,1229995,,14696045,15.11,351.25,24206.4
381,2026-04-29 09:10:00,NIFTY,2026-05-05,24500.0,CE,7847320,,99591830,14.76,80.2,24206.4
382,2026-04-29 09:10:00,NIFTY,2026-05-12,26350.0,PE,0,,0,97.21,3069.55,24206.4
383,2026-04-29 09:10:00,NIFTY,2026-05-12,23350.0,PE,47580,,127660,18.82,60.3,24206.4
384,2026-04-29 09:10:00,NIFTY,2026-05-05,24450.0,PE,246480,,4208230,15.17,317.0,24206.4
385,2026-04-29 09:15:00,NIFTY,2026-05-12,23300.0,CE,2275,0,1625,1.72,980.9,24230.7
386,2026-04-29 09:15:00,NIFTY,2026-05-12,25000.0,PE,147420,975,80080,16.68,786.5,24230.7
387,2026-04-29 09:15:00,NIFTY,2026-05-12,25000.0,CE,823615,-19370,2809300,15.11,56.8,24230.7
388,2026-04-29 09:15:00,NIFTY,2026-05-12,23250.0,PE,57070,-1820,171275,19.2,47.75,24230.7
389,2026-04-29 09:15:00,NIFTY,2026-05-12,23250.0,CE,585,0,260,27.29,1169.35,24230.7
390,2026-04-29 09:15:00,NIFTY,2026-05-12,24950.0,PE,65,0,455,9.91,677.0,24230.7
391,2026-04-29 09:15:00,NIFTY,2026-05-05,23000.0,PE,5644990,8190,25162670,21.39,6.45,24230.7
392,2026-04-29 09:15:00,NIFTY,2026-05-12,24950.0,CE,42835,585,159900,15.13,65.0,24230.7
393,2026-04-29 09:15:00,NIFTY,2026-05-05,24600.0,CE,2866695,-30225,50403145,14.7,60.75,24230.7
394,2026-04-29 09:15:00,NIFTY,2026-05-12,23350.0,CE,65,0,0,12.23,944.6,24230.7
395,2026-04-29 09:15:00,NIFTY,2026-05-05,24550.0,PE,124215,520,1549730,15.86,377.9,24230.7
396,2026-04-29 09:15:00,NIFTY,2026-05-12,26350.0,CE,6760,0,6565,17.57,1.9,24230.7
397,2026-04-29 09:15:00,NIFTY,2026-05-05,23000.0,CE,203320,0,90545,,1242.0,24230.7
398,2026-04-29 09:15:00,NIFTY,2026-05-05,22950.0,PE,460005,2405,3004885,21.81,5.9,24230.7
399,2026-04-29 09:15:00,NIFTY,2026-05-12,26300.0,PE,65,0,0,36.03,2110.45,24230.7
400,2026-04-29 09:15:00,NIFTY,2026-05-12,26300.0,CE,18265,0,21645,17.1,1.8,24230.7
401,2026-04-29 09:15:00,NIFTY,2026-05-12,23300.0,PE,167505,455,546715,19.09,52.95,24230.7
402,2026-04-29 09:15:00,NIFTY,2026-05-05,22950.0,CE,1755,0,325,,1276.5,24230.7
403,2026-04-29 09:15:00,NIFTY,2026-05-05,22900.0,PE,2070640,-64090,9889750,22.22,5.4,24230.7
404,2026-04-29 09:15:00,NIFTY,2026-05-12,23200.0,PE,245180,-1820,575250,19.4,43.85,24230.7
405,2026-04-29 09:15:00,NIFTY,2026-05-05,22900.0,CE,6435,0,2665,,1289.0,24230.7
406,2026-04-29 09:15:00,NIFTY,2026-05-12,24900.0,PE,10465,0,8190,17.17,712.6,24230.7
407,2026-04-29 09:15:00,NIFTY,2026-05-05,22850.0,PE,1972750,-13520,5630170,22.74,5.1,24230.7
408,2026-04-29 09:15:00,NIFTY,2026-05-12,24900.0,CE,597415,130,1210690,15.15,74.1,24230.7
409,2026-04-29 09:15:00,NIFTY,2026-05-12,24850.0,PE,195,0,520,12.27,610.0,24230.7
410,2026-04-29 09:15:00,NIFTY,2026-05-05,26350.0,CE,48555,0,81835,23.18,0.6,24230.7
411,2026-04-29 09:15:00,NIFTY,2026-05-05,26300.0,PE,65,0,0,53.88,2144.95,24230.7
412,2026-04-29 09:15:00,NIFTY,2026-05-05,26300.0,CE,198965,0,620880,22.7,0.6,24230.7
413,2026-04-29 09:15:00,NIFTY,2026-05-05,26250.0,PE,0,0,0,153.22,3126.3,24230.7
414,2026-04-29 09:15:00,NIFTY,2026-05-05,26250.0,CE,89310,0,167310,22.22,0.6,24230.7
415,2026-04-29 09:15:00,NIFTY,2026-05-05,26200.0,PE,325,0,0,45.08,2003.0,24230.7
416,2026-04-29 09:15:00,NIFTY,2026-05-05,26200.0,CE,317850,-9555,460525,21.74,0.6,24230.7
417,2026-04-29 09:15:00,NIFTY,2026-05-12,23200.0,CE,2470,0,2405,,1077.4,24230.7
418,2026-04-29 09:15:00,NIFTY,2026-05-05,23150.0,CE,4095,0,2795,,1072.9,24230.7
419,2026-04-29 09:15:00,NIFTY,2026-05-05,23100.0,PE,1916980,-50765,11420240,20.64,7.95,24230.7
420,2026-04-29 09:15:00,NIFTY,2026-05-12,24850.0,CE,67145,130,158080,15.14,83.8,24230.7
421,2026-04-29 09:15:00,NIFTY,2026-05-12,24800.0,PE,27235,0,31850,17.49,641.0,24230.7
422,2026-04-29 09:15:00,NIFTY,2026-05-05,23100.0,CE,10335,0,7475,,1115.55,24230.7
423,2026-04-29 09:15:00,NIFTY,2026-05-12,26250.0,PE,0,0,0,96.44,2971.0,24230.7
424,2026-04-29 09:15:00,NIFTY,2026-05-12,24800.0,CE,269425,7020,1026740,15.16,95.0,24230.7
425,2026-04-29 09:15:00,NIFTY,2026-05-12,26250.0,CE,18460,-65,13390,17.14,2.2,24230.7
426,2026-04-29 09:15:00,NIFTY,2026-05-05,23050.0,PE,436150,-2925,3780660,21.04,7.2,24230.7
427,2026-04-29 09:15:00,NIFTY,2026-05-12,24750.0,PE,3185,130,5070,16.55,590.0,24230.7
428,2026-04-29 09:15:00,NIFTY,2026-05-12,26200.0,PE,0,0,0,95.61,2921.8,24230.7
429,2026-04-29 09:15:00,NIFTY,2026-05-12,24750.0,CE,71175,-130,188760,15.15,106.75,24230.7
430,2026-04-29 09:15:00,NIFTY,2026-05-12,26200.0,CE,54535,585,90545,16.58,2.0,24230.7
431,2026-04-29 09:15:00,NIFTY,2026-05-05,23050.0,CE,910,0,260,,1184.8,24230.7
432,2026-04-29 09:15:00,NIFTY,2026-05-05,26450.0,PE,0,0,0,,3323.05,24230.7
433,2026-04-29 09:15:00,NIFTY,2026-05-05,26450.0,CE,63050,0,160745,24.13,0.6,24230.7
434,2026-04-29 09:15:00,NIFTY,2026-05-12,26150.0,CE,11440,0,27365,16.63,2.45,24230.7
435,2026-04-29 09:15:00,NIFTY,2026-05-05,26400.0,PE,65,0,0,70.65,2356.65,24230.7
436,2026-04-29 09:15:00,NIFTY,2026-05-12,26100.0,PE,260,0,0,38.19,1960.0,24230.7
437,2026-04-29 09:15:00,NIFTY,2026-05-05,26400.0,CE,206180,0,549445,23.84,0.65,24230.7
438,2026-04-29 09:15:00,NIFTY,2026-05-12,26100.0,CE,69225,0,92885,16.12,2.3,24230.7
439,2026-04-29 09:15:00,NIFTY,2026-05-05,23400.0,CE,42705,325,52585,14.78,860.7,24230.7
440,2026-04-29 09:15:00,NIFTY,2026-05-12,24700.0,PE,34645,0,60580,16.99,560.9,24230.7
441,2026-04-29 09:15:00,NIFTY,2026-05-12,24700.0,CE,281060,-3250,779610,15.2,120.6,24230.7
442,2026-04-29 09:15:00,NIFTY,2026-05-05,23350.0,PE,682240,-12350,7370025,19.03,14.75,24230.7
443,2026-04-29 09:15:00,NIFTY,2026-05-05,23350.0,CE,3835,0,6175,12.36,906.65,24230.7
444,2026-04-29 09:15:00,NIFTY,2026-05-12,26150.0,PE,0,0,0,94.77,2872.65,24230.7
445,2026-04-29 09:15:00,NIFTY,2026-05-05,23300.0,PE,2448485,-29510,18656430,19.33,12.95,24230.7
446,2026-04-29 09:15:00,NIFTY,2026-05-12,26050.0,PE,0,0,0,93.08,2774.55,24230.7
447,2026-04-29 09:15:00,NIFTY,2026-05-05,23300.0,CE,56290,520,31395,,952.85,24230.7
448,2026-04-29 09:15:00,NIFTY,2026-05-12,26050.0,CE,29185,0,27365,16.26,2.95,24230.7
449,2026-04-29 09:15:00,NIFTY,2026-05-05,23250.0,PE,927745,-37180,7606300,19.65,11.4,24230.7
450,2026-04-29 09:15:00,NIFTY,2026-05-12,26000.0,PE,2015,0,130,23.65,1740.0,24230.7
451,2026-04-29 09:15:00,NIFTY,2026-05-05,23250.0,CE,3575,130,3575,,1001.7,24230.7
452,2026-04-29 09:15:00,NIFTY,2026-05-12,24650.0,PE,3315,0,8840,17.76,539.0,24230.7
453,2026-04-29 09:15:00,NIFTY,2026-05-12,26000.0,CE,963950,-2795,1559025,15.97,3.1,24230.7
454,2026-04-29 09:15:00,NIFTY,2026-05-05,23200.0,PE,2960815,-23140,18215145,19.96,10.05,24230.7
455,2026-04-29 09:15:00,NIFTY,2026-05-05,23200.0,CE,19760,0,13715,,1043.0,24230.7
456,2026-04-29 09:15:00,NIFTY,2026-05-05,23150.0,PE,746655,-25610,5826600,20.33,9.0,24230.7
457,2026-04-29 09:15:00,NIFTY,2026-05-05,26350.0,PE,520,0,0,72.3,2329.15,24230.7
458,2026-04-29 09:15:00,NIFTY,2026-05-12,24550.0,CE,41340,-65,199875,15.35,169.6,24230.7
459,2026-04-29 09:15:00,NIFTY,2026-05-05,21800.0,CE,0,0,0,,1383.9,24230.7
460,2026-04-29 09:15:00,NIFTY,2026-05-12,25950.0,PE,0,0,0,91.38,2676.7,24230.7
461,2026-04-29 09:15:00,NIFTY,2026-05-12,24650.0,CE,38285,0,149760,15.06,132.5,24230.7
462,2026-04-29 09:15:00,NIFTY,2026-05-12,25950.0,CE,18330,325,34255,16.02,3.8,24230.7
463,2026-04-29 09:15:00,NIFTY,2026-05-12,24600.0,PE,29445,195,110500,16.5,484.5,24230.7
464,2026-04-29 09:15:00,NIFTY,2026-05-12,25900.0,PE,0,0,0,90.52,2627.9,24230.7
465,2026-04-29 09:15:00,NIFTY,2026-05-12,24600.0,CE,626275,-715,1452165,15.23,150.75,24230.7
466,2026-04-29 09:15:00,NIFTY,2026-05-12,24550.0,PE,6760,0,14885,16.75,456.15,24230.7
467,2026-04-29 09:15:00,NIFTY,2026-05-12,25900.0,CE,96330,1235,289055,15.82,4.15,24230.7
468,2026-04-29 09:15:00,NIFTY,2026-05-12,25850.0,PE,0,0,0,89.67,2579.2,24230.7
469,2026-04-29 09:15:00,NIFTY,2026-05-12,25850.0,CE,19435,0,44135,15.83,5.0,24230.7
470,2026-04-29 09:15:00,NIFTY,2026-05-12,25800.0,PE,0,0,0,88.81,2530.55,24230.7
471,2026-04-29 09:15:00,NIFTY,2026-05-12,25800.0,CE,160680,260,496990,15.75,5.75,24230.7
472,2026-04-29 09:15:00,NIFTY,2026-05-05,24650.0,CE,1382030,32435,27549730,14.74,50.65,24230.7
473,2026-04-29 09:15:00,NIFTY,2026-05-05,24600.0,PE,243100,4550,2107430,15.89,415.3,24230.7
474,2026-04-29 09:15:00,NIFTY,2026-05-12,25750.0,PE,65,0,65,4.01,1425.5,24230.7
475,2026-04-29 09:15:00,NIFTY,2026-05-12,25750.0,CE,40105,65,103480,15.71,6.75,24230.7
476,2026-04-29 09:15:00,NIFTY,2026-05-12,25700.0,PE,65,0,0,46.32,1750.0,24230.7
477,2026-04-29 09:15:00,NIFTY,2026-05-12,23000.0,PE,1011010,1430,2539615,20.07,30.15,24230.7
478,2026-04-29 09:15:00,NIFTY,2026-05-12,23000.0,CE,13390,195,4550,,1275.3,24230.7
479,2026-04-29 09:15:00,NIFTY,2026-05-12,22950.0,PE,51545,-1105,149435,20.18,27.1,24230.7
480,2026-04-29 09:15:00,NIFTY,2026-05-05,24750.0,PE,31135,-715,132860,16.18,537.55,24230.7
481,2026-04-29 09:15:00,NIFTY,2026-05-12,22950.0,CE,65,0,0,,1251.8,24230.7
482,2026-04-29 09:15:00,NIFTY,2026-05-05,24750.0,CE,1331265,-15925,23357815,14.84,34.7,24230.7
483,2026-04-29 09:15:00,NIFTY,2026-05-12,23100.0,PE,97760,-3510,487500,19.7,36.1,24230.7
484,2026-04-29 09:15:00,NIFTY,2026-05-05,24700.0,PE,218400,-7410,1123395,16.15,496.15,24230.7
485,2026-04-29 09:15:00,NIFTY,2026-05-12,23100.0,CE,845,0,455,28.3,1302.2,24230.7
486,2026-04-29 09:15:00,NIFTY,2026-05-05,24700.0,CE,2498340,5070,41033200,14.79,42.0,24230.7
487,2026-04-29 09:15:00,NIFTY,2026-05-12,23050.0,PE,25675,195,121290,19.81,32.5,24230.7
488,2026-04-29 09:15:00,NIFTY,2026-05-12,23050.0,CE,65,0,585,,1094.05,24230.7
489,2026-04-29 09:15:00,NIFTY,2026-05-05,24650.0,PE,57200,-650,313560,16.2,456.75,24230.7
490,2026-04-29 09:15:00,NIFTY,2026-05-12,23150.0,PE,25415,-195,98280,19.58,40.0,24230.7
491,2026-04-29 09:15:00,NIFTY,2026-05-12,23150.0,CE,130,0,130,,1028.3,24230.7
492,2026-04-29 09:15:00,NIFTY,2026-05-05,22500.0,CE,15860,0,3120,,1738.2,24230.7
493,2026-04-29 09:15:00,NIFTY,2026-05-05,22450.0,PE,314665,-715,1345630,26.4,3.0,24230.7
494,2026-04-29 09:15:00,NIFTY,2026-05-05,22450.0,CE,130,0,65,,1678.75,24230.7
495,2026-04-29 09:15:00,NIFTY,2026-05-05,22400.0,PE,783835,-4680,5078125,26.82,2.8,24230.7
496,2026-04-29 09:15:00,NIFTY,2026-05-12,22750.0,CE,0,0,0,,774.75,24230.7
497,2026-04-29 09:15:00,NIFTY,2026-05-12,22700.0,PE,130975,260,436345,21.12,17.25,24230.7
498,2026-04-29 09:15:00,NIFTY,2026-05-12,22700.0,CE,65,0,65,2.67,1422.25,24230.7
499,2026-04-29 09:15:00,NIFTY,2026-05-05,23650.0,CE,47385,130,102765,15.73,630.1,24230.7
500,2026-04-29 09:15:00,NIFTY,2026-05-05,23600.0,PE,2598700,-62400,24403795,17.83,30.65,24230.7
501,2026-04-29 09:15:00,NIFTY,2026-05-05,24900.0,PE,177840,-130,152620,18.04,679.25,24230.7
502,2026-04-29 09:15:00,NIFTY,2026-05-05,24900.0,CE,2693535,11050,29229980,15.17,19.7,24230.7
503,2026-04-29 09:15:00,NIFTY,2026-05-12,22850.0,CE,0,0,0,,711.05,24230.7
504,2026-04-29 09:15:00,NIFTY,2026-05-05,23600.0,CE,95160,-585,247910,15.19,672.65,24230.7
505,2026-04-29 09:15:00,NIFTY,2026-05-05,23550.0,PE,823030,-15600,8841820,18.03,26.25,24230.7
506,2026-04-29 09:15:00,NIFTY,2026-05-12,22800.0,PE,303940,52000,738140,20.7,20.45,24230.7
507,2026-04-29 09:15:00,NIFTY,2026-05-12,22800.0,CE,4355,0,455,,1336.35,24230.7
508,2026-04-29 09:15:00,NIFTY,2026-05-05,23550.0,CE,27365,260,44200,14.17,715.3,24230.7
509,2026-04-29 09:15:00,NIFTY,2026-05-05,24850.0,PE,16315,65,54015,18.02,635.95,24230.7
510,2026-04-29 09:15:00,NIFTY,2026-05-12,22750.0,PE,18980,585,67145,20.9,18.75,24230.7
511,2026-04-29 09:15:00,NIFTY,2026-05-05,24850.0,CE,1250145,8775,18331040,15.05,23.8,24230.7
512,2026-04-29 09:15:00,NIFTY,2026-05-05,23500.0,PE,3801200,-30225,36070190,18.27,22.7,24230.7
513,2026-04-29 09:15:00,NIFTY,2026-05-05,26500.0,PE,10660,0,2600,,2213.05,24230.7
514,2026-04-29 09:15:00,NIFTY,2026-05-05,26550.0,PE,0,0,0,,3421.65,24230.7
515,2026-04-29 09:15:00,NIFTY,2026-05-05,26500.0,CE,402480,0,1205490,24.4,0.55,24230.7
516,2026-04-29 09:15:00,NIFTY,2026-05-05,23500.0,CE,499980,0,606255,15.35,766.45,24230.7
517,2026-04-29 09:15:00,NIFTY,2026-05-05,23450.0,PE,711035,-2275,9255155,18.51,19.6,24230.7
518,2026-04-29 09:15:00,NIFTY,2026-05-05,26550.0,CE,163020,0,582920,24.87,0.55,24230.7
519,2026-04-29 09:15:00,NIFTY,2026-05-12,22900.0,PE,156650,130,419315,20.35,24.65,24230.7
520,2026-04-29 09:15:00,NIFTY,2026-05-05,23450.0,CE,17615,195,26910,,802.7,24230.7
521,2026-04-29 09:15:00,NIFTY,2026-05-12,22900.0,CE,0,0,0,,680.35,24230.7
522,2026-04-29 09:15:00,NIFTY,2026-05-05,23400.0,PE,1687660,-38350,16909750,18.77,17.0,24230.7
523,2026-04-29 09:15:00,NIFTY,2026-05-12,22850.0,PE,37765,585,119535,20.53,22.5,24230.7
524,2026-04-29 09:15:00,NIFTY,2026-05-05,24800.0,PE,228670,-5200,625365,16.94,585.45,24230.7
525,2026-04-29 09:15:00,NIFTY,2026-05-05,24800.0,CE,3659695,-30550,41030730,14.95,28.8,24230.7
526,2026-04-29 09:15:00,NIFTY,2026-05-12,24450.0,PE,18460,-65,67015,16.44,389.25,24230.7
527,2026-04-29 09:15:00,NIFTY,2026-05-12,24450.0,CE,49855,-65,223080,15.48,209.4,24230.7
528,2026-04-29 09:15:00,NIFTY,2026-05-12,22600.0,PE,100035,520,343460,21.62,14.9,24230.7
529,2026-04-29 09:15:00,NIFTY,2026-05-05,25150.0,CE,1021085,29510,10510565,15.97,7.85,24230.7
530,2026-04-29 09:15:00,NIFTY,2026-05-12,22600.0,CE,0,0,0,,876.1,24230.7
531,2026-04-29 09:15:00,NIFTY,2026-05-05,25100.0,PE,11700,-65,18200,19.13,865.0,24230.7
532,2026-04-29 09:15:00,NIFTY,2026-05-12,24500.0,PE,229970,-195,518700,16.45,419.65,24230.7
533,2026-04-29 09:15:00,NIFTY,2026-05-12,24500.0,CE,686010,10335,2063555,15.39,188.3,24230.7
534,2026-04-29 09:15:00,NIFTY,2026-05-05,25100.0,CE,3206255,4680,23468575,15.79,9.4,24230.7
535,2026-04-29 09:15:00,NIFTY,2026-05-05,25050.0,PE,2600,-65,10465,18.43,815.75,24230.7
536,2026-04-29 09:15:00,NIFTY,2026-05-12,22650.0,PE,17355,0,52715,21.39,16.1,24230.7
537,2026-04-29 09:15:00,NIFTY,2026-05-05,25050.0,CE,872950,-21515,10860850,15.61,11.25,24230.7
538,2026-04-29 09:15:00,NIFTY,2026-05-12,22650.0,CE,0,0,0,,841.6,24230.7
539,2026-04-29 09:15:00,NIFTY,2026-05-05,25000.0,PE,570180,-5655,711295,17.34,764.6,24230.7
540,2026-04-29 09:15:00,NIFTY,2026-05-05,23700.0,CE,173875,-8905,777270,15.98,587.55,24230.7
541,2026-04-29 09:15:00,NIFTY,2026-05-05,25000.0,CE,7215910,-131950,63799190,15.45,13.5,24230.7
542,2026-04-29 09:15:00,NIFTY,2026-05-05,24950.0,PE,4680,-130,13455,18.6,726.8,24230.7
543,2026-04-29 09:15:00,NIFTY,2026-05-05,23650.0,PE,765830,-26000,11698570,17.62,35.6,24230.7
544,2026-04-29 09:15:00,NIFTY,2026-05-05,24950.0,CE,1144910,-7865,21588905,15.3,16.3,24230.7
545,2026-04-29 09:15:00,NIFTY,2026-05-12,22450.0,CE,0,0,0,,985.1,24230.7
546,2026-04-29 09:15:00,NIFTY,2026-05-12,24350.0,PE,58565,-1040,232765,16.57,335.25,24230.7
547,2026-04-29 09:15:00,NIFTY,2026-05-12,22550.0,CE,0,0,0,,911.35,24230.7
548,2026-04-29 09:15:00,NIFTY,2026-05-05,23800.0,CE,475215,-8905,1957670,15.44,498.8,24230.7
549,2026-04-29 09:15:00,NIFTY,2026-05-12,22500.0,PE,680420,1560,1032980,22.18,13.05,24230.7
550,2026-04-29 09:15:00,NIFTY,2026-05-05,25300.0,PE,4810,0,3770,21.52,1061.1,24230.7
551,2026-04-29 09:15:00,NIFTY,2026-05-12,24350.0,CE,95940,-130,399555,15.62,255.0,24230.7
552,2026-04-29 09:15:00,NIFTY,2026-05-05,23750.0,PE,938665,3900,14626690,17.23,48.0,24230.7
553,2026-04-29 09:15:00,NIFTY,2026-05-05,25850.0,PE,195,0,0,43.72,1681.4,24230.7
554,2026-04-29 09:15:00,NIFTY,2026-05-12,22500.0,CE,715,0,1365,30.46,1840.0,24230.7
555,2026-04-29 09:15:00,NIFTY,2026-05-12,22450.0,PE,17420,-585,44265,22.43,12.15,24230.7
556,2026-04-29 09:15:00,NIFTY,2026-05-05,25300.0,CE,3573115,-31070,26305435,16.58,4.7,24230.7
557,2026-04-29 09:15:00,NIFTY,2026-05-12,24400.0,PE,186615,780,511615,16.56,362.65,24230.7
558,2026-04-29 09:15:00,NIFTY,2026-05-12,24400.0,CE,279890,1040,1103115,15.53,231.15,24230.7
559,2026-04-29 09:15:00,NIFTY,2026-05-05,25250.0,PE,2730,0,2535,24.85,1031.35,24230.7
560,2026-04-29 09:15:00,NIFTY,2026-05-05,23750.0,CE,67080,-1690,239655,15.58,541.85,24230.7
561,2026-04-29 09:15:00,NIFTY,2026-05-05,25250.0,CE,823160,1885,9134840,16.34,5.5,24230.7
562,2026-04-29 09:15:00,NIFTY,2026-05-05,22800.0,CE,8905,-130,845,,1447.6,24230.7
563,2026-04-29 09:15:00,NIFTY,2026-05-12,22550.0,PE,21645,0,60515,21.96,14.15,24230.7
564,2026-04-29 09:15:00,NIFTY,2026-05-05,23700.0,PE,2416440,-20670,31819125,17.4,41.15,24230.7
565,2026-04-29 09:15:00,NIFTY,2026-05-05,25200.0,PE,73710,-65,37960,21.05,966.1,24230.7
566,2026-04-29 09:15:00,NIFTY,2026-05-05,22750.0,PE,397540,-1820,1967810,23.52,4.25,24230.7
567,2026-04-29 09:15:00,NIFTY,2026-05-05,25200.0,CE,3480880,12090,22775610,16.13,6.5,24230.7
568,2026-04-29 09:15:00,NIFTY,2026-05-05,25150.0,PE,390,0,390,24.81,942.45,24230.7
569,2026-04-29 09:15:00,NIFTY,2026-05-12,25650.0,PE,0,0,0,86.22,2385.25,24230.7
570,2026-04-29 09:15:00,NIFTY,2026-05-05,21900.0,PE,305630,0,1144130,32.37,2.15,24230.7
571,2026-04-29 09:15:00,NIFTY,2026-05-12,25650.0,CE,39520,455,93795,15.51,8.8,24230.7
572,2026-04-29 09:15:00,NIFTY,2026-05-05,22550.0,PE,176605,1235,1142505,25.39,3.3,24230.7
573,2026-04-29 09:15:00,NIFTY,2026-05-12,24250.0,CE,111865,195,430495,15.7,305.0,24230.7
574,2026-04-29 09:15:00,NIFTY,2026-05-05,21900.0,CE,0,0,0,,1300.85,24230.7
575,2026-04-29 09:15:00,NIFTY,2026-05-12,22350.0,CE,0,0,0,,1059.6,24230.7
576,2026-04-29 09:15:00,NIFTY,2026-05-05,21850.0,PE,42705,-65,165815,32.74,2.0,24230.7
577,2026-04-29 09:15:00,NIFTY,2026-05-12,22300.0,PE,212810,13195,389610,23.29,10.1,24230.7
578,2026-04-29 09:15:00,NIFTY,2026-05-05,25550.0,PE,650,0,260,,1181.75,24230.7
579,2026-04-29 09:15:00,NIFTY,2026-05-05,21850.0,CE,0,0,0,,1342.1,24230.7
580,2026-04-29 09:15:00,NIFTY,2026-05-12,22300.0,CE,0,0,0,,1098.3,24230.7
581,2026-04-29 09:15:00,NIFTY,2026-05-05,25550.0,CE,611520,1560,3986775,17.44,1.9,24230.7
582,2026-04-29 09:15:00,NIFTY,2026-05-05,26000.0,PE,176930,0,30680,28.29,1751.25,24230.7
583,2026-04-29 09:15:00,NIFTY,2026-05-05,22550.0,CE,130,0,260,49.43,1796.5,24230.7
584,2026-04-29 09:15:00,NIFTY,2026-05-05,22500.0,PE,4170465,14690,13009035,25.84,3.1,24230.7
585,2026-04-29 09:15:00,NIFTY,2026-05-12,24300.0,CE,424580,-260,1466595,15.61,278.3,24230.7
586,2026-04-29 09:15:00,NIFTY,2026-05-05,25500.0,PE,317525,-325,57135,22.79,1255.0,24230.7
587,2026-04-29 09:15:00,NIFTY,2026-05-12,22400.0,PE,102115,-130,177385,22.73,11.45,24230.7
588,2026-04-29 09:15:00,NIFTY,2026-05-05,26000.0,CE,5163470,910,12927200,20.24,0.75,24230.7
589,2026-04-29 09:15:00,NIFTY,2026-05-12,22400.0,CE,0,0,0,,1021.6,24230.7
590,2026-04-29 09:15:00,NIFTY,2026-05-12,25700.0,CE,140595,2860,336505,15.56,7.55,24230.7
591,2026-04-29 09:15:00,NIFTY,2026-05-12,24250.0,PE,116285,260,418860,16.75,287.35,24230.7
592,2026-04-29 09:15:00,NIFTY,2026-05-05,23950.0,CE,157625,-325,3018535,15.52,382.0,24230.7
593,2026-04-29 09:15:00,NIFTY,2026-05-05,25500.0,CE,4943380,80145,25009725,17.34,2.35,24230.7
594,2026-04-29 09:15:00,NIFTY,2026-05-05,25950.0,PE,0,0,0,145.75,2832.5,24230.7
595,2026-04-29 09:15:00,NIFTY,2026-05-05,23900.0,PE,3059225,-3835,41735330,16.75,75.1,24230.7
596,2026-04-29 09:15:00,NIFTY,2026-05-05,25450.0,PE,975,0,130,28.79,1233.75,24230.7
597,2026-04-29 09:15:00,NIFTY,2026-05-12,22350.0,PE,9555,65,21125,23.06,10.9,24230.7
598,2026-04-29 09:15:00,NIFTY,2026-05-05,25950.0,CE,315900,650,868595,19.74,0.75,24230.7
599,2026-04-29 09:15:00,NIFTY,2026-05-05,23900.0,CE,571610,-19435,4970680,15.46,419.1,24230.7
600,2026-04-29 09:15:00,NIFTY,2026-05-05,25450.0,CE,758810,-20930,7149675,17.2,2.85,24230.7
601,2026-04-29 09:15:00,NIFTY,2026-05-05,25900.0,PE,455,0,0,44.42,1730.0,24230.7
602,2026-04-29 09:15:00,NIFTY,2026-05-05,25400.0,PE,3250,0,1560,28.15,1185.0,24230.7
603,2026-04-29 09:15:00,NIFTY,2026-05-05,23850.0,PE,1111240,-4810,19277570,16.9,64.8,24230.7
604,2026-04-29 09:15:00,NIFTY,2026-05-05,23850.0,CE,92625,2470,724750,15.4,457.8,24230.7
605,2026-04-29 09:15:00,NIFTY,2026-05-05,25400.0,CE,2399475,-24635,18507385,16.99,3.35,24230.7
606,2026-04-29 09:15:00,NIFTY,2026-05-05,23800.0,PE,3338725,-79755,42555695,17.05,55.7,24230.7
607,2026-04-29 09:15:00,NIFTY,2026-05-05,25350.0,PE,1105,0,4030,22.98,1113.8,24230.7
608,2026-04-29 09:15:00,NIFTY,2026-05-12,24300.0,PE,421915,-1560,1294605,16.68,310.9,24230.7
609,2026-04-29 09:15:00,NIFTY,2026-05-05,25350.0,CE,838240,-9295,8164650,16.77,3.95,24230.7
610,2026-04-29 09:15:00,NIFTY,2026-05-05,25900.0,CE,1325610,260,2333630,19.37,0.8,24230.7
611,2026-04-29 09:15:00,NIFTY,2026-05-05,21800.0,PE,574405,0,1344850,33.47,2.05,24230.7
612,2026-04-29 09:15:00,NIFTY,2026-05-05,22100.0,PE,375635,0,1711515,29.96,2.25,24230.7
613,2026-04-29 09:15:00,NIFTY,2026-05-12,25500.0,CE,560430,780,2039635,15.35,13.7,24230.7
614,2026-04-29 09:15:00,NIFTY,2026-05-05,22100.0,CE,715,0,0,,2077.3,24230.7
615,2026-04-29 09:15:00,NIFTY,2026-05-05,22050.0,PE,33995,0,64285,30.61,2.25,24230.7
616,2026-04-29 09:15:00,NIFTY,2026-05-05,22050.0,CE,0,0,0,,1180.2,24230.7
617,2026-04-29 09:15:00,NIFTY,2026-05-12,22100.0,PE,78260,260,147875,24.42,7.95,24230.7
618,2026-04-29 09:15:00,NIFTY,2026-05-05,22000.0,PE,3841890,2275,7859865,31.09,2.15,24230.7
619,2026-04-29 09:15:00,NIFTY,2026-05-12,24200.0,PE,546065,5135,1786200,16.88,265.95,24230.7
620,2026-04-29 09:15:00,NIFTY,2026-05-12,25500.0,PE,22620,0,21190,20.28,1256.1,24230.7
621,2026-04-29 09:15:00,NIFTY,2026-05-05,22000.0,CE,27235,0,5525,,2220.0,24230.7
622,2026-04-29 09:15:00,NIFTY,2026-05-12,24200.0,CE,904540,-4420,1725165,15.75,332.3,24230.7
623,2026-04-29 09:15:00,NIFTY,2026-05-12,22100.0,CE,0,0,0,,1259.0,24230.7
624,2026-04-29 09:15:00,NIFTY,2026-05-12,22050.0,PE,18395,130,31330,24.68,7.45,24230.7
625,2026-04-29 09:15:00,NIFTY,2026-05-12,24150.0,PE,89505,-910,390195,16.85,243.0,24230.7
626,2026-04-29 09:15:00,NIFTY,2026-05-05,25700.0,CE,1500395,-26130,6621485,18.2,1.25,24230.7
627,2026-04-29 09:15:00,NIFTY,2026-05-12,24150.0,CE,51350,-390,251355,15.81,361.0,24230.7
628,2026-04-29 09:15:00,NIFTY,2026-05-05,21950.0,PE,14950,0,82030,31.73,2.15,24230.7
629,2026-04-29 09:15:00,NIFTY,2026-05-05,26050.0,PE,0,0,0,148.26,2930.2,24230.7
630,2026-04-29 09:15:00,NIFTY,2026-05-12,22200.0,PE,46800,390,94185,23.83,8.9,24230.7
631,2026-04-29 09:15:00,NIFTY,2026-05-12,25600.0,CE,180505,-780,543205,15.42,10.1,24230.7
632,2026-04-29 09:15:00,NIFTY,2026-05-05,22600.0,PE,1045655,2015,4909840,24.86,3.45,24230.7
633,2026-04-29 09:15:00,NIFTY,2026-05-05,24000.0,CE,2434185,-56290,35042085,15.31,343.9,24230.7
634,2026-04-29 09:15:00,NIFTY,2026-05-05,22600.0,CE,650,0,195,,1632.1,24230.7
635,2026-04-29 09:15:00,NIFTY,2026-05-05,23950.0,PE,1314690,37895,19894875,16.59,86.65,24230.7
636,2026-04-29 09:15:00,NIFTY,2026-05-12,22200.0,CE,0,0,0,,1177.45,24230.7
637,2026-04-29 09:15:00,NIFTY,2026-05-12,25550.0,PE,0,0,0,84.5,2289.0,24230.7
638,2026-04-29 09:15:00,NIFTY,2026-05-12,22150.0,PE,16315,0,14820,24.12,8.4,24230.7
639,2026-04-29 09:15:00,NIFTY,2026-05-12,25550.0,CE,44330,0,114205,15.34,11.6,24230.7
640,2026-04-29 09:15:00,NIFTY,2026-05-05,25650.0,PE,1560,0,780,34.47,1446.0,24230.7
641,2026-04-29 09:15:00,NIFTY,2026-05-12,22150.0,CE,0,0,0,,1217.95,24230.7
642,2026-04-29 09:15:00,NIFTY,2026-05-12,22250.0,PE,8450,0,7410,23.65,9.7,24230.7
643,2026-04-29 09:15:00,NIFTY,2026-05-05,22850.0,CE,260,0,65,,1233.95,24230.7
644,2026-04-29 09:15:00,NIFTY,2026-05-05,25650.0,CE,424320,-195,1731015,17.97,1.45,24230.7
645,2026-04-29 09:15:00,NIFTY,2026-05-05,22800.0,PE,2640170,-258375,12214410,23.05,4.55,24230.7
646,2026-04-29 09:15:00,NIFTY,2026-05-12,25600.0,PE,0,0,65,,1200.0,24230.7
647,2026-04-29 09:15:00,NIFTY,2026-05-05,25600.0,PE,4745,0,3185,29.57,1374.95,24230.7
648,2026-04-29 09:15:00,NIFTY,2026-05-12,22250.0,CE,0,0,0,,1137.6,24230.7
649,2026-04-29 09:15:00,NIFTY,2026-05-05,25600.0,CE,2373280,-15535,8887320,17.76,1.7,24230.7
650,2026-04-29 09:15:00,NIFTY,2026-05-05,26050.0,CE,583765,-585,716170,20.44,0.65,24230.7
651,2026-04-29 09:15:00,NIFTY,2026-05-05,21950.0,CE,0,0,0,,1260.05,24230.7
652,2026-04-29 09:15:00,NIFTY,2026-05-05,22250.0,CE,1300,0,520,8.23,1987.5,24230.7
653,2026-04-29 09:15:00,NIFTY,2026-05-05,22200.0,PE,717145,-3120,2665910,28.9,2.4,24230.7
654,2026-04-29 09:15:00,NIFTY,2026-05-05,22700.0,CE,5135,0,1235,42.66,1625.0,24230.7
655,2026-04-29 09:15:00,NIFTY,2026-05-05,22200.0,CE,1040,0,130,4.09,2036.0,24230.7
656,2026-04-29 09:15:00,NIFTY,2026-05-05,22650.0,PE,275860,325,1657240,24.47,3.75,24230.7
657,2026-04-29 09:15:00,NIFTY,2026-05-05,22150.0,PE,145600,0,615940,29.32,2.25,24230.7
658,2026-04-29 09:15:00,NIFTY,2026-05-12,21900.0,CE,0,0,0,,1428.35,24230.7
659,2026-04-29 09:15:00,NIFTY,2026-05-12,21850.0,PE,8775,-65,8970,25.69,5.75,24230.7
660,2026-04-29 09:15:00,NIFTY,2026-05-12,25450.0,PE,0,0,0,82.76,2193.3,24230.7
661,2026-04-29 09:15:00,NIFTY,2026-05-05,22650.0,CE,260,0,65,,1586.4,24230.7
662,2026-04-29 09:15:00,NIFTY,2026-05-12,25450.0,CE,39325,195,118170,15.26,15.65,24230.7
663,2026-04-29 09:15:00,NIFTY,2026-05-05,25750.0,PE,0,0,0,140.68,2638.0,24230.7
664,2026-04-29 09:15:00,NIFTY,2026-05-12,24050.0,CE,36335,-130,200785,15.89,421.95,24230.7
665,2026-04-29 09:15:00,NIFTY,2026-05-12,24000.0,PE,1033825,325,2872415,17.18,189.2,24230.7
666,2026-04-29 09:15:00,NIFTY,2026-05-05,24100.0,CE,2203370,-84500,77571910,15.25,276.8,24230.7
667,2026-04-29 09:15:00,NIFTY,2026-05-05,26150.0,PE,0,0,0,150.75,3028.15,24230.7
668,2026-04-29 09:15:00,NIFTY,2026-05-05,24050.0,PE,1999270,-25740,36994815,16.3,114.6,24230.7
669,2026-04-29 09:15:00,NIFTY,2026-05-12,24000.0,CE,283335,-260,984685,15.97,454.9,24230.7
670,2026-04-29 09:15:00,NIFTY,2026-05-12,21950.0,CE,0,0,0,,1385.3,24230.7
671,2026-04-29 09:15:00,NIFTY,2026-05-05,26150.0,CE,128310,1560,406965,21.42,0.65,24230.7
672,2026-04-29 09:15:00,NIFTY,2026-05-12,21900.0,PE,28080,0,39130,25.62,6.45,24230.7
673,2026-04-29 09:15:00,NIFTY,2026-05-05,24050.0,CE,602550,-5525,16214120,15.17,308.25,24230.7
674,2026-04-29 09:15:00,NIFTY,2026-05-12,22050.0,CE,0,0,0,,1300.6,24230.7
675,2026-04-29 09:15:00,NIFTY,2026-05-05,24000.0,PE,7875920,-51740,94926780,16.44,99.8,24230.7
676,2026-04-29 09:15:00,NIFTY,2026-05-12,24100.0,PE,272220,65,1396265,17.02,224.95,24230.7
677,2026-04-29 09:15:00,NIFTY,2026-05-12,22000.0,PE,405340,5135,906295,24.97,7.05,24230.7
678,2026-04-29 09:15:00,NIFTY,2026-05-12,22000.0,CE,1300,0,1300,33.81,2320.0,24230.7
679,2026-04-29 09:15:00,NIFTY,2026-05-12,24100.0,CE,295620,-260,1026480,15.94,392.3,24230.7
680,2026-04-29 09:15:00,NIFTY,2026-05-12,21950.0,PE,14170,0,16185,25.35,6.85,24230.7
681,2026-04-29 09:15:00,NIFTY,2026-05-12,24050.0,PE,61945,-130,377845,17.02,205.15,24230.7
682,2026-04-29 09:15:00,NIFTY,2026-05-05,25750.0,CE,488280,3120,1955460,18.46,1.1,24230.7
683,2026-04-29 09:15:00,NIFTY,2026-05-05,26100.0,PE,715,0,0,66.15,2070.0,24230.7
684,2026-04-29 09:15:00,NIFTY,2026-05-05,26100.0,CE,1674270,-1170,2867930,20.77,0.6,24230.7
685,2026-04-29 09:15:00,NIFTY,2026-05-05,25700.0,PE,1755,0,1625,,1410.0,24230.7
686,2026-04-29 09:15:00,NIFTY,2026-05-12,21850.0,CE,0,0,0,,1471.9,24230.7
687,2026-04-29 09:15:00,NIFTY,2026-05-05,22150.0,CE,65,0,0,,1975.2,24230.7
688,2026-04-29 09:15:00,NIFTY,2026-05-12,25300.0,CE,258895,1430,653055,15.17,24.4,24230.7
689,2026-04-29 09:15:00,NIFTY,2026-05-12,23750.0,PE,51090,195,195585,17.83,122.3,24230.7
690,2026-04-29 09:15:00,NIFTY,2026-05-12,23750.0,CE,455,0,1755,21.43,712.05,24230.7
691,2026-04-29 09:15:00,NIFTY,2026-05-12,25250.0,PE,0,0,0,79.31,2003.95,24230.7
692,2026-04-29 09:15:00,NIFTY,2026-05-05,22400.0,CE,1300,0,195,49.86,1930.6,24230.7
693,2026-04-29 09:15:00,NIFTY,2026-05-12,25250.0,CE,99190,1950,248690,15.16,28.35,24230.7
694,2026-04-29 09:15:00,NIFTY,2026-05-05,22350.0,PE,168415,0,1025115,27.35,2.7,24230.7
695,2026-04-29 09:15:00,NIFTY,2026-05-12,26550.0,PE,0,0,0,101.4,3267.0,24230.7
696,2026-04-29 09:15:00,NIFTY,2026-05-05,22350.0,CE,65,0,130,45.81,1955.35,24230.7
697,2026-04-29 09:15:00,NIFTY,2026-05-12,25400.0,CE,228410,-195,734045,15.23,18.2,24230.7
698,2026-04-29 09:15:00,NIFTY,2026-05-05,24250.0,CE,2419950,-67145,66567410,14.96,188.65,24230.7
699,2026-04-29 09:15:00,NIFTY,2026-05-12,23850.0,PE,77610,-325,250250,17.53,145.55,24230.7
700,2026-04-29 09:15:00,NIFTY,2026-05-05,22300.0,PE,849875,71110,3337165,27.81,2.55,24230.7
701,2026-04-29 09:15:00,NIFTY,2026-05-05,22750.0,CE,1495,0,845,,1487.55,24230.7
702,2026-04-29 09:15:00,NIFTY,2026-05-05,22700.0,PE,1366560,27430,7028970,23.96,3.95,24230.7
703,2026-04-29 09:15:00,NIFTY,2026-05-12,23850.0,CE,4225,0,8125,15.07,544.0,24230.7
704,2026-04-29 09:15:00,NIFTY,2026-05-05,22300.0,CE,195,0,0,,1840.0,24230.7
705,2026-04-29 09:15:00,NIFTY,2026-05-05,25850.0,CE,324415,-5135,1343355,19.09,0.9,24230.7
706,2026-04-29 09:15:00,NIFTY,2026-05-12,25350.0,PE,0,0,0,81.03,2098.25,24230.7
707,2026-04-29 09:15:00,NIFTY,2026-05-05,24200.0,PE,6795490,-125515,106538900,16.03,171.4,24230.7
708,2026-04-29 09:15:00,NIFTY,2026-05-12,25350.0,CE,45110,-195,135265,15.1,20.5,24230.7
709,2026-04-29 09:15:00,NIFTY,2026-05-12,23800.0,PE,256230,-1820,926315,17.65,133.0,24230.7
710,2026-04-29 09:15:00,NIFTY,2026-05-05,24200.0,CE,5043480,-340145,104940420,15.07,216.2,24230.7
711,2026-04-29 09:15:00,NIFTY,2026-05-05,25800.0,PE,1235,0,0,57.68,1750.8,24230.7
712,2026-04-29 09:15:00,NIFTY,2026-05-05,24150.0,PE,2275715,-105105,48596535,16.12,150.65,24230.7
713,2026-04-29 09:15:00,NIFTY,2026-05-12,23800.0,CE,74165,1170,77480,16.3,598.85,24230.7
714,2026-04-29 09:15:00,NIFTY,2026-05-12,25300.0,PE,260,0,520,,924.0,24230.7
715,2026-04-29 09:15:00,NIFTY,2026-05-05,24150.0,CE,1083225,-70720,44785455,15.04,244.05,24230.7
716,2026-04-29 09:15:00,NIFTY,2026-05-12,23950.0,PE,49660,195,157170,17.37,174.7,24230.7
717,2026-04-29 09:15:00,NIFTY,2026-05-12,21800.0,PE,19890,-65,7995,26.21,5.8,24230.7
718,2026-04-29 09:15:00,NIFTY,2026-05-12,23950.0,CE,12675,260,46280,16.1,490.0,24230.7
719,2026-04-29 09:15:00,NIFTY,2026-05-05,24100.0,PE,5235555,-158665,101269350,16.22,131.8,24230.7
720,2026-04-29 09:15:00,NIFTY,2026-05-12,25400.0,PE,3575,0,780,18.8,1153.8,24230.7
721,2026-04-29 09:15:00,NIFTY,2026-05-12,23900.0,PE,151840,585,591695,17.39,158.7,24230.7
722,2026-04-29 09:15:00,NIFTY,2026-05-12,23900.0,CE,76050,9880,134095,16.1,524.05,24230.7
723,2026-04-29 09:15:00,NIFTY,2026-05-12,21800.0,CE,0,0,0,,1515.85,24230.7
724,2026-04-29 09:15:00,NIFTY,2026-05-05,25800.0,CE,3146455,-16575,12038845,18.58,0.9,24230.7
725,2026-04-29 09:15:00,NIFTY,2026-05-12,23700.0,PE,561730,0,1109875,17.93,111.25,24230.7
726,2026-04-29 09:15:00,NIFTY,2026-05-05,22250.0,PE,116025,650,565630,28.25,2.4,24230.7
727,2026-04-29 09:15:00,NIFTY,2026-05-12,23550.0,CE,715,0,2340,22.95,880.0,24230.7
728,2026-04-29 09:15:00,NIFTY,2026-05-12,23600.0,CE,6630,-65,10010,15.47,745.3,24230.7
729,2026-04-29 09:15:00,NIFTY,2026-05-12,25200.0,CE,285415,715,901030,15.12,32.5,24230.7
730,2026-04-29 09:15:00,NIFTY,2026-05-05,24450.0,CE,1558830,20150,31920070,14.77,103.1,24230.7
731,2026-04-29 09:15:00,NIFTY,2026-05-12,26500.0,CE,124605,0,109980,18.08,1.45,24230.7
732,2026-04-29 09:15:00,NIFTY,2026-05-12,25150.0,PE,65,0,0,,695.05,24230.7
733,2026-04-29 09:15:00,NIFTY,2026-05-05,24400.0,PE,1638520,-8190,25537135,15.87,277.1,24230.7
734,2026-04-29 09:15:00,NIFTY,2026-05-12,23550.0,PE,30225,65,128765,18.34,84.4,24230.7
735,2026-04-29 09:15:00,NIFTY,2026-05-12,25150.0,CE,81640,0,366080,14.73,34.25,24230.7
736,2026-04-29 09:15:00,NIFTY,2026-05-12,23700.0,CE,12675,0,52650,14.74,655.0,24230.7
737,2026-04-29 09:15:00,NIFTY,2026-05-12,25200.0,PE,2470,0,2275,19.84,990.15,24230.7
738,2026-04-29 09:15:00,NIFTY,2026-05-12,23650.0,PE,34970,130,109005,18.1,102.0,24230.7
739,2026-04-29 09:15:00,NIFTY,2026-05-12,26550.0,CE,57525,0,81770,18.28,1.35,24230.7
740,2026-04-29 09:15:00,NIFTY,2026-05-05,24400.0,CE,4539015,-114790,73394490,14.75,120.6,24230.7
741,2026-04-29 09:15:00,NIFTY,2026-05-12,23650.0,CE,1235,0,2535,20.92,776.45,24230.7
742,2026-04-29 09:15:00,NIFTY,2026-05-05,24350.0,PE,933010,-32110,28256345,15.83,246.75,24230.7
743,2026-04-29 09:15:00,NIFTY,2026-05-12,26500.0,PE,0,0,0,100.58,3217.6,24230.7
744,2026-04-29 09:15:00,NIFTY,2026-05-12,23600.0,PE,213265,-1300,645255,18.19,92.5,24230.7
745,2026-04-29 09:15:00,NIFTY,2026-05-05,24350.0,CE,2171195,-79885,57006365,14.78,140.7,24230.7
746,2026-04-29 09:15:00,NIFTY,2026-05-05,24300.0,PE,4195750,-103675,108500665,15.87,219.35,24230.7
747,2026-04-29 09:15:00,NIFTY,2026-05-05,24300.0,CE,6616805,-319280,126340695,14.88,163.7,24230.7
748,2026-04-29 09:15:00,NIFTY,2026-05-05,24250.0,PE,1961440,-30810,64654395,15.97,194.6,24230.7
749,2026-04-29 09:15:00,NIFTY,2026-05-12,23500.0,PE,619515,-3315,1897025,18.52,77.4,24230.7
750,2026-04-29 09:15:00,NIFTY,2026-05-12,25100.0,PE,1560,0,1300,,741.7,24230.7
751,2026-04-29 09:15:00,NIFTY,2026-05-12,26400.0,PE,0,0,0,98.94,3118.85,24230.7
752,2026-04-29 09:15:00,NIFTY,2026-05-12,26400.0,CE,17550,0,14625,17.75,1.75,24230.7
753,2026-04-29 09:15:00,NIFTY,2026-05-12,23400.0,PE,217815,2275,666900,18.78,63.8,24230.7
754,2026-04-29 09:15:00,NIFTY,2026-05-12,23400.0,CE,1690,0,1625,15.05,914.95,24230.7
755,2026-04-29 09:15:00,NIFTY,2026-05-12,26450.0,PE,0,0,0,99.76,3168.2,24230.7
756,2026-04-29 09:15:00,NIFTY,2026-05-12,26450.0,CE,1625,0,5070,17.59,1.35,24230.7
757,2026-04-29 09:15:00,NIFTY,2026-05-12,25100.0,CE,329810,8450,1282775,15.13,43.4,24230.7
758,2026-04-29 09:15:00,NIFTY,2026-05-12,23500.0,CE,48490,0,33540,14.8,824.0,24230.7
759,2026-04-29 09:15:00,NIFTY,2026-05-12,25050.0,PE,65,0,0,,635.55,24230.7
760,2026-04-29 09:15:00,NIFTY,2026-05-12,23450.0,PE,28925,0,94575,18.64,70.15,24230.7
761,2026-04-29 09:15:00,NIFTY,2026-05-12,25050.0,CE,49205,0,331110,15.1,49.5,24230.7
762,2026-04-29 09:15:00,NIFTY,2026-05-05,24550.0,CE,1510405,-26910,32481475,14.72,73.0,24230.7
763,2026-04-29 09:15:00,NIFTY,2026-05-12,23450.0,CE,780,0,325,24.86,982.15,24230.7
764,2026-04-29 09:15:00,NIFTY,2026-05-05,24500.0,PE,1193920,-36075,14943175,15.77,341.5,24230.7
765,2026-04-29 09:15:00,NIFTY,2026-05-05,24500.0,CE,7755475,-91845,101661885,14.67,86.3,24230.7
766,2026-04-29 09:15:00,NIFTY,2026-05-12,26350.0,PE,0,0,0,98.11,3069.55,24230.7
767,2026-04-29 09:15:00,NIFTY,2026-05-12,23350.0,PE,47645,65,129155,18.83,57.1,24230.7
768,2026-04-29 09:15:00,NIFTY,2026-05-05,24450.0,PE,250770,4290,4251000,15.76,307.7,24230.7
769,2026-04-29 09:20:00,NIFTY,2026-05-12,23300.0,CE,2275,0,1625,14.36,980.9,24208.0
770,2026-04-29 09:20:00,NIFTY,2026-05-12,25000.0,PE,147420,0,80665,16.45,802.45,24208.0
771,2026-04-29 09:20:00,NIFTY,2026-05-12,25000.0,CE,823160,-455,2834780,15.27,55.0,24208.0
772,2026-04-29 09:20:00,NIFTY,2026-05-12,23250.0,PE,56680,-390,172055,19.06,49.1,24208.0
773,2026-04-29 09:20:00,NIFTY,2026-05-12,23250.0,CE,585,0,260,28.71,1169.35,24208.0
774,2026-04-29 09:20:00,NIFTY,2026-05-12,24950.0,PE,65,0,455,,677.0,24208.0
775,2026-04-29 09:20:00,NIFTY,2026-05-05,23000.0,PE,5445765,-199225,25668500,21.08,6.45,24208.0
776,2026-04-29 09:20:00,NIFTY,2026-05-12,24950.0,CE,42705,-130,160355,15.23,62.25,24208.0
777,2026-04-29 09:20:00,NIFTY,2026-05-05,24600.0,CE,2840500,-26195,51003290,14.93,57.8,24208.0
778,2026-04-29 09:20:00,NIFTY,2026-05-12,23350.0,CE,65,0,0,15.74,944.6,24208.0
779,2026-04-29 09:20:00,NIFTY,2026-05-05,24550.0,PE,123760,-455,1555255,15.15,387.2,24208.0
780,2026-04-29 09:20:00,NIFTY,2026-05-12,26350.0,CE,6760,0,6695,17.8,1.95,24208.0
781,2026-04-29 09:20:00,NIFTY,2026-05-05,23000.0,CE,203320,0,90545,22.5,1242.0,24208.0
782,2026-04-29 09:20:00,NIFTY,2026-05-05,22950.0,PE,463450,3445,3035890,21.47,5.85,24208.0
783,2026-04-29 09:20:00,NIFTY,2026-05-12,26300.0,PE,65,0,0,33.82,2110.45,24208.0
784,2026-04-29 09:20:00,NIFTY,2026-05-12,26300.0,CE,18265,0,21645,17.28,1.8,24208.0
785,2026-04-29 09:20:00,NIFTY,2026-05-12,23300.0,PE,167570,65,549835,18.86,53.6,24208.0
786,2026-04-29 09:20:00,NIFTY,2026-05-05,22950.0,CE,1755,0,325,,1276.5,24208.0
787,2026-04-29 09:20:00,NIFTY,2026-05-05,22900.0,PE,2056925,-13715,9977110,21.92,5.4,24208.0
788,2026-04-29 09:20:00,NIFTY,2026-05-12,23200.0,PE,244010,-1170,583115,19.2,44.55,24208.0
789,2026-04-29 09:20:00,NIFTY,2026-05-05,22900.0,CE,6435,0,2665,,1289.0,24208.0
790,2026-04-29 09:20:00,NIFTY,2026-05-12,24900.0,PE,10465,0,8255,15.77,712.0,24208.0
791,2026-04-29 09:20:00,NIFTY,2026-05-05,22850.0,PE,1959620,-13130,5726110,22.4,5.05,24208.0
792,2026-04-29 09:20:00,NIFTY,2026-05-12,24900.0,CE,597675,260,1213355,15.32,71.95,24208.0
793,2026-04-29 09:20:00,NIFTY,2026-05-12,24850.0,PE,195,0,520,10.32,610.0,24208.0
794,2026-04-29 09:20:00,NIFTY,2026-05-05,26350.0,CE,48555,0,81835,23.42,0.6,24208.0
795,2026-04-29 09:20:00,NIFTY,2026-05-05,26300.0,PE,65,0,0,50.64,2144.95,24208.0
796,2026-04-29 09:20:00,NIFTY,2026-05-05,26300.0,CE,198965,0,621010,22.75,0.55,24208.0
797,2026-04-29 09:20:00,NIFTY,2026-05-05,26250.0,PE,0,0,0,152.03,3126.3,24208.0
798,2026-04-29 09:20:00,NIFTY,2026-05-05,26250.0,CE,89310,0,167635,22.46,0.6,24208.0
799,2026-04-29 09:20:00,NIFTY,2026-05-05,26200.0,PE,325,0,0,40.71,2003.0,24208.0
800,2026-04-29 09:20:00,NIFTY,2026-05-05,26200.0,CE,317785,-65,461435,21.98,0.6,24208.0
801,2026-04-29 09:20:00,NIFTY,2026-05-12,23200.0,CE,2470,0,2405,14.92,1077.4,24208.0
802,2026-04-29 09:20:00,NIFTY,2026-05-05,23150.0,CE,4095,0,2795,,1072.9,24208.0
803,2026-04-29 09:20:00,NIFTY,2026-05-05,23100.0,PE,1823835,-93145,11718655,20.27,7.85,24208.0
804,2026-04-29 09:20:00,NIFTY,2026-05-12,24850.0,CE,66040,-1105,160810,15.3,81.2,24208.0
805,2026-04-29 09:20:00,NIFTY,2026-05-12,24800.0,PE,27235,0,31850,16.34,641.0,24208.0
806,2026-04-29 09:20:00,NIFTY,2026-05-05,23100.0,CE,10335,0,7475,4.98,1115.55,24208.0
807,2026-04-29 09:20:00,NIFTY,2026-05-12,26250.0,PE,0,0,0,95.61,2971.0,24208.0
808,2026-04-29 09:20:00,NIFTY,2026-05-12,24800.0,CE,267865,-1560,1035710,15.32,91.95,24208.0
809,2026-04-29 09:20:00,NIFTY,2026-05-12,26250.0,CE,18460,0,13390,17.33,2.2,24208.0
810,2026-04-29 09:20:00,NIFTY,2026-05-05,23050.0,PE,390780,-45370,3855410,20.7,7.15,24208.0
811,2026-04-29 09:20:00,NIFTY,2026-05-12,24750.0,PE,3185,0,5070,15.44,590.0,24208.0
812,2026-04-29 09:20:00,NIFTY,2026-05-12,26200.0,PE,0,0,0,94.78,2921.8,24208.0
813,2026-04-29 09:20:00,NIFTY,2026-05-12,24750.0,CE,70070,-1105,190255,15.31,103.3,24208.0
814,2026-04-29 09:20:00,NIFTY,2026-05-12,26200.0,CE,54535,0,90545,16.76,2.0,24208.0
815,2026-04-29 09:20:00,NIFTY,2026-05-05,23050.0,CE,910,0,260,17.32,1184.8,24208.0
816,2026-04-29 09:20:00,NIFTY,2026-05-05,26450.0,PE,0,0,0,,3323.05,24208.0
817,2026-04-29 09:20:00,NIFTY,2026-05-05,26450.0,CE,63050,0,160875,24.37,0.6,24208.0
818,2026-04-29 09:20:00,NIFTY,2026-05-12,26150.0,CE,11440,0,27365,16.81,2.45,24208.0
819,2026-04-29 09:20:00,NIFTY,2026-05-05,26400.0,PE,65,0,0,68.38,2356.65,24208.0
820,2026-04-29 09:20:00,NIFTY,2026-05-12,26100.0,PE,260,0,0,36.48,1960.0,24208.0
821,2026-04-29 09:20:00,NIFTY,2026-05-05,26400.0,CE,206180,0,549445,24.08,0.65,24208.0
822,2026-04-29 09:20:00,NIFTY,2026-05-12,26100.0,CE,69225,0,92885,16.31,2.3,24208.0
823,2026-04-29 09:20:00,NIFTY,2026-05-05,23400.0,CE,42445,-260,54665,17.72,847.4,24208.0
824,2026-04-29 09:20:00,NIFTY,2026-05-12,24700.0,PE,34515,-130,61360,15.26,550.0,24208.0
825,2026-04-29 09:20:00,NIFTY,2026-05-12,24700.0,CE,281515,455,785070,15.33,116.25,24208.0
826,2026-04-29 09:20:00,NIFTY,2026-05-05,23350.0,PE,689780,7540,7449910,18.7,14.9,24208.0
827,2026-04-29 09:20:00,NIFTY,2026-05-05,23350.0,CE,4485,650,7735,17.63,894.2,24208.0
828,2026-04-29 09:20:00,NIFTY,2026-05-12,26150.0,PE,0,0,0,93.94,2872.65,24208.0
829,2026-04-29 09:20:00,NIFTY,2026-05-05,23300.0,PE,2454205,5720,18837260,18.96,12.9,24208.0
830,2026-04-29 09:20:00,NIFTY,2026-05-12,26050.0,PE,0,0,0,92.26,2774.55,24208.0
831,2026-04-29 09:20:00,NIFTY,2026-05-05,23300.0,CE,57200,910,33280,18.06,943.0,24208.0
832,2026-04-29 09:20:00,NIFTY,2026-05-12,26050.0,CE,29185,0,27365,16.45,2.95,24208.0
833,2026-04-29 09:20:00,NIFTY,2026-05-05,23250.0,PE,937365,9620,7675135,19.32,11.45,24208.0
834,2026-04-29 09:20:00,NIFTY,2026-05-12,26000.0,PE,2015,0,130,18.6,1740.0,24208.0
835,2026-04-29 09:20:00,NIFTY,2026-05-05,23250.0,CE,3575,0,3575,21.47,1001.7,24208.0
836,2026-04-29 09:20:00,NIFTY,2026-05-12,24650.0,PE,3315,0,8840,16.83,539.0,24208.0
837,2026-04-29 09:20:00,NIFTY,2026-05-12,26000.0,CE,963625,-325,1581125,16.13,3.05,24208.0
838,2026-04-29 09:20:00,NIFTY,2026-05-05,23200.0,PE,2943200,-17615,18380050,19.6,10.0,24208.0
839,2026-04-29 09:20:00,NIFTY,2026-05-05,23200.0,CE,19760,0,13715,19.69,1043.0,24208.0
840,2026-04-29 09:20:00,NIFTY,2026-05-05,23150.0,PE,673335,-73320,6005090,20.0,9.0,24208.0
841,2026-04-29 09:20:00,NIFTY,2026-05-05,26350.0,PE,520,0,0,70.15,2329.15,24208.0
842,2026-04-29 09:20:00,NIFTY,2026-05-12,24550.0,CE,40690,-650,201175,15.54,164.7,24208.0
843,2026-04-29 09:20:00,NIFTY,2026-05-05,21800.0,CE,0,0,0,,1383.9,24208.0
844,2026-04-29 09:20:00,NIFTY,2026-05-12,25950.0,PE,0,0,0,90.57,2676.7,24208.0
845,2026-04-29 09:20:00,NIFTY,2026-05-12,24650.0,CE,38025,-260,151320,15.49,132.6,24208.0
846,2026-04-29 09:20:00,NIFTY,2026-05-12,25950.0,CE,18265,-65,34385,16.19,3.75,24208.0
847,2026-04-29 09:20:00,NIFTY,2026-05-12,24600.0,PE,29380,-65,110825,16.05,492.0,24208.0
848,2026-04-29 09:20:00,NIFTY,2026-05-12,25900.0,PE,0,0,0,89.72,2627.9,24208.0
849,2026-04-29 09:20:00,NIFTY,2026-05-12,24600.0,CE,625885,-390,1466660,15.45,147.0,24208.0
850,2026-04-29 09:20:00,NIFTY,2026-05-12,24550.0,PE,6565,-195,14950,16.26,462.15,24208.0
851,2026-04-29 09:20:00,NIFTY,2026-05-12,25900.0,CE,96135,-195,293280,16.04,4.2,24208.0
852,2026-04-29 09:20:00,NIFTY,2026-05-12,25850.0,PE,0,0,0,88.87,2579.2,24208.0
853,2026-04-29 09:20:00,NIFTY,2026-05-12,25850.0,CE,19435,0,44265,15.94,4.8,24208.0
854,2026-04-29 09:20:00,NIFTY,2026-05-12,25800.0,PE,0,0,0,88.02,2530.55,24208.0
855,2026-04-29 09:20:00,NIFTY,2026-05-12,25800.0,CE,158925,-1755,500630,15.93,5.7,24208.0
856,2026-04-29 09:20:00,NIFTY,2026-05-05,24650.0,CE,1374230,-7800,27800695,14.98,48.25,24208.0
857,2026-04-29 09:20:00,NIFTY,2026-05-05,24600.0,PE,244270,1170,2125890,15.11,425.15,24208.0
858,2026-04-29 09:20:00,NIFTY,2026-05-12,25750.0,PE,65,0,65,,1425.5,24208.0
859,2026-04-29 09:20:00,NIFTY,2026-05-12,25750.0,CE,40105,0,103805,15.87,6.6,24208.0
860,2026-04-29 09:20:00,NIFTY,2026-05-12,25700.0,PE,65,0,0,45.22,1750.0,24208.0
861,2026-04-29 09:20:00,NIFTY,2026-05-12,23000.0,PE,1011920,910,2550730,19.89,30.65,24208.0
862,2026-04-29 09:20:00,NIFTY,2026-05-12,23000.0,CE,13390,0,4550,16.81,1275.3,24208.0
863,2026-04-29 09:20:00,NIFTY,2026-05-12,22950.0,PE,51545,0,150085,19.98,27.4,24208.0
864,2026-04-29 09:20:00,NIFTY,2026-05-05,24750.0,PE,31330,195,134355,15.41,550.95,24208.0
865,2026-04-29 09:20:00,NIFTY,2026-05-12,22950.0,CE,65,0,0,,1251.8,24208.0
866,2026-04-29 09:20:00,NIFTY,2026-05-05,24750.0,CE,1321515,-9750,23622040,15.07,33.05,24208.0
867,2026-04-29 09:20:00,NIFTY,2026-05-12,23100.0,PE,97305,-455,488475,19.62,37.5,24208.0
868,2026-04-29 09:20:00,NIFTY,2026-05-05,24700.0,PE,217165,-1235,1171365,15.25,507.4,24208.0
869,2026-04-29 09:20:00,NIFTY,2026-05-12,23100.0,CE,845,0,455,29.88,1302.2,24208.0
870,2026-04-29 09:20:00,NIFTY,2026-05-05,24700.0,CE,2495220,-3120,41437110,15.01,39.95,24208.0
871,2026-04-29 09:20:00,NIFTY,2026-05-12,23050.0,PE,24895,-780,121875,19.69,33.5,24208.0
872,2026-04-29 09:20:00,NIFTY,2026-05-12,23050.0,CE,65,0,585,,1094.05,24208.0
873,2026-04-29 09:20:00,NIFTY,2026-05-05,24650.0,PE,57785,585,317525,15.23,466.1,24208.0
874,2026-04-29 09:20:00,NIFTY,2026-05-12,23150.0,PE,25480,65,98410,19.42,40.95,24208.0
875,2026-04-29 09:20:00,NIFTY,2026-05-12,23150.0,CE,130,0,130,,1028.3,24208.0
876,2026-04-29 09:20:00,NIFTY,2026-05-05,22500.0,CE,15860,0,3120,28.18,1738.2,24208.0
877,2026-04-29 09:20:00,NIFTY,2026-05-05,22450.0,PE,317135,2470,1443325,26.0,2.9,24208.0
878,2026-04-29 09:20:00,NIFTY,2026-05-05,22450.0,CE,130,0,65,,1678.75,24208.0
879,2026-04-29 09:20:00,NIFTY,2026-05-05,22400.0,PE,793910,10075,5114590,26.42,2.7,24208.0
880,2026-04-29 09:20:00,NIFTY,2026-05-12,22750.0,CE,0,0,0,,774.75,24208.0
881,2026-04-29 09:20:00,NIFTY,2026-05-12,22700.0,PE,131755,780,438555,20.96,17.6,24208.0
882,2026-04-29 09:20:00,NIFTY,2026-05-12,22700.0,CE,65,0,65,,1422.25,24208.0
883,2026-04-29 09:20:00,NIFTY,2026-05-05,23650.0,CE,47840,455,103415,16.78,616.3,24208.0
884,2026-04-29 09:20:00,NIFTY,2026-05-05,23600.0,PE,2684565,85865,24722880,17.43,30.8,24208.0
885,2026-04-29 09:20:00,NIFTY,2026-05-05,24900.0,PE,177840,0,154050,15.69,685.7,24208.0
886,2026-04-29 09:20:00,NIFTY,2026-05-05,24900.0,CE,2671370,-22165,29511885,15.37,18.7,24208.0
887,2026-04-29 09:20:00,NIFTY,2026-05-12,22850.0,CE,0,0,0,,711.05,24208.0
888,2026-04-29 09:20:00,NIFTY,2026-05-05,23600.0,CE,94380,-780,249730,15.83,655.0,24208.0
889,2026-04-29 09:20:00,NIFTY,2026-05-05,23550.0,PE,824980,1950,8937500,17.65,26.45,24208.0
890,2026-04-29 09:20:00,NIFTY,2026-05-12,22800.0,PE,309985,6045,753025,20.49,20.6,24208.0
891,2026-04-29 09:20:00,NIFTY,2026-05-12,22800.0,CE,4355,0,455,,1336.35,24208.0
892,2026-04-29 09:20:00,NIFTY,2026-05-05,23550.0,CE,27560,195,44330,19.22,718.8,24208.0
893,2026-04-29 09:20:00,NIFTY,2026-05-05,24850.0,PE,16770,455,54730,15.53,639.6,24208.0
894,2026-04-29 09:20:00,NIFTY,2026-05-12,22750.0,PE,18980,0,67145,20.66,18.75,24208.0
895,2026-04-29 09:20:00,NIFTY,2026-05-05,24850.0,CE,1285245,35100,18503810,15.29,22.8,24208.0
896,2026-04-29 09:20:00,NIFTY,2026-05-05,23500.0,PE,3770455,-30745,36442965,17.89,22.8,24208.0
897,2026-04-29 09:20:00,NIFTY,2026-05-05,26500.0,PE,10660,0,2600,,2213.05,24208.0
898,2026-04-29 09:20:00,NIFTY,2026-05-05,26550.0,PE,0,0,0,,3421.65,24208.0
899,2026-04-29 09:20:00,NIFTY,2026-05-05,26500.0,CE,397085,-5395,1212575,24.42,0.5,24208.0
900,2026-04-29 09:20:00,NIFTY,2026-05-05,23500.0,CE,500760,780,620230,17.27,752.95,24208.0
901,2026-04-29 09:20:00,NIFTY,2026-05-05,23450.0,PE,714155,3120,9328150,18.14,19.7,24208.0
902,2026-04-29 09:20:00,NIFTY,2026-05-05,26550.0,CE,165360,2340,588770,25.1,0.55,24208.0
903,2026-04-29 09:20:00,NIFTY,2026-05-12,22900.0,PE,157625,975,424450,20.2,25.25,24208.0
904,2026-04-29 09:20:00,NIFTY,2026-05-05,23450.0,CE,17745,130,27235,16.7,796.8,24208.0
905,2026-04-29 09:20:00,NIFTY,2026-05-12,22900.0,CE,0,0,0,,680.35,24208.0
906,2026-04-29 09:20:00,NIFTY,2026-05-05,23400.0,PE,1684020,-3640,17103710,18.39,17.0,24208.0
907,2026-04-29 09:20:00,NIFTY,2026-05-12,22850.0,PE,37765,0,120055,20.32,22.7,24208.0
908,2026-04-29 09:20:00,NIFTY,2026-05-05,24800.0,PE,228410,-260,633360,15.43,594.55,24208.0
909,2026-04-29 09:20:00,NIFTY,2026-05-05,24800.0,CE,3621670,-38025,41436590,15.17,27.4,24208.0
910,2026-04-29 09:20:00,NIFTY,2026-05-12,24450.0,PE,18525,65,67535,16.28,399.65,24208.0
911,2026-04-29 09:20:00,NIFTY,2026-05-12,24450.0,CE,49985,130,224835,15.67,203.4,24208.0
912,2026-04-29 09:20:00,NIFTY,2026-05-12,22600.0,PE,101530,1495,352170,21.52,15.35,24208.0
913,2026-04-29 09:20:00,NIFTY,2026-05-05,25150.0,CE,1024140,3055,10550020,16.21,7.6,24208.0
914,2026-04-29 09:20:00,NIFTY,2026-05-12,22600.0,CE,0,0,0,,876.1,24208.0
915,2026-04-29 09:20:00,NIFTY,2026-05-05,25100.0,PE,11700,0,18200,,865.0,24208.0
916,2026-04-29 09:20:00,NIFTY,2026-05-12,24500.0,PE,229060,-910,526175,16.05,426.5,24208.0
917,2026-04-29 09:20:00,NIFTY,2026-05-12,24500.0,CE,685295,-715,2085785,15.62,183.6,24208.0
918,2026-04-29 09:20:00,NIFTY,2026-05-05,25100.0,CE,3195270,-10985,23649340,16.02,9.05,24208.0
919,2026-04-29 09:20:00,NIFTY,2026-05-05,25050.0,PE,2600,0,10595,16.12,827.0,24208.0
920,2026-04-29 09:20:00,NIFTY,2026-05-12,22650.0,PE,17355,0,53105,21.23,16.4,24208.0
921,2026-04-29 09:20:00,NIFTY,2026-05-05,25050.0,CE,894335,21385,10967645,15.86,10.85,24208.0
922,2026-04-29 09:20:00,NIFTY,2026-05-12,22650.0,CE,0,0,0,,841.6,24208.0
923,2026-04-29 09:20:00,NIFTY,2026-05-05,25000.0,PE,569660,-520,716235,16.05,779.7,24208.0
924,2026-04-29 09:20:00,NIFTY,2026-05-05,23700.0,CE,176865,2990,810095,16.62,572.25,24208.0
925,2026-04-29 09:20:00,NIFTY,2026-05-05,25000.0,CE,7192770,-23140,64416170,15.7,13.05,24208.0
926,2026-04-29 09:20:00,NIFTY,2026-05-05,24950.0,PE,4680,0,13715,17.32,739.6,24208.0
927,2026-04-29 09:20:00,NIFTY,2026-05-05,23650.0,PE,762255,-3575,11796005,17.21,35.85,24208.0
928,2026-04-29 09:20:00,NIFTY,2026-05-05,24950.0,CE,1048840,-96070,22010950,15.53,15.6,24208.0
929,2026-04-29 09:20:00,NIFTY,2026-05-12,22450.0,CE,0,0,0,,985.1,24208.0
930,2026-04-29 09:20:00,NIFTY,2026-05-12,24350.0,PE,58045,-520,234065,16.27,341.9,24208.0
931,2026-04-29 09:20:00,NIFTY,2026-05-12,22550.0,CE,0,0,0,,911.35,24208.0
932,2026-04-29 09:20:00,NIFTY,2026-05-05,23800.0,CE,466245,-8970,1980745,16.34,487.5,24208.0
933,2026-04-29 09:20:00,NIFTY,2026-05-12,22500.0,PE,681070,650,1045135,22.0,13.2,24208.0
934,2026-04-29 09:20:00,NIFTY,2026-05-05,25300.0,PE,4810,0,3835,18.9,1074.05,24208.0
935,2026-04-29 09:20:00,NIFTY,2026-05-12,24350.0,CE,96915,975,402350,15.82,247.95,24208.0
936,2026-04-29 09:20:00,NIFTY,2026-05-05,23750.0,PE,911885,-26780,14818765,16.8,48.5,24208.0
937,2026-04-29 09:20:00,NIFTY,2026-05-05,25850.0,PE,195,0,0,40.57,1681.4,24208.0
938,2026-04-29 09:20:00,NIFTY,2026-05-12,22500.0,CE,715,0,1365,33.06,1840.0,24208.0
939,2026-04-29 09:20:00,NIFTY,2026-05-12,22450.0,PE,17550,130,44590,22.27,12.35,24208.0
940,2026-04-29 09:20:00,NIFTY,2026-05-05,25300.0,CE,3535610,-37505,26480610,16.81,4.55,24208.0
941,2026-04-29 09:20:00,NIFTY,2026-05-12,24400.0,PE,186680,65,518895,16.21,369.05,24208.0
942,2026-04-29 09:20:00,NIFTY,2026-05-12,24400.0,CE,281645,1755,1142960,15.74,225.0,24208.0
943,2026-04-29 09:20:00,NIFTY,2026-05-05,25250.0,PE,2730,0,2665,18.23,1024.2,24208.0
944,2026-04-29 09:20:00,NIFTY,2026-05-05,23750.0,CE,66820,-260,241735,16.63,530.5,24208.0
945,2026-04-29 09:20:00,NIFTY,2026-05-05,25250.0,CE,776945,-46215,9217130,16.64,5.45,24208.0
946,2026-04-29 09:20:00,NIFTY,2026-05-05,22800.0,CE,8905,0,845,27.93,1447.6,24208.0
947,2026-04-29 09:20:00,NIFTY,2026-05-12,22550.0,PE,21255,-390,60710,21.72,14.1,24208.0
948,2026-04-29 09:20:00,NIFTY,2026-05-05,23700.0,PE,2419885,3445,32115200,17.0,41.65,24208.0
949,2026-04-29 09:20:00,NIFTY,2026-05-05,25200.0,PE,73710,0,37960,12.59,966.1,24208.0
950,2026-04-29 09:20:00,NIFTY,2026-05-05,22750.0,PE,397995,455,1981070,23.18,4.2,24208.0
951,2026-04-29 09:20:00,NIFTY,2026-05-05,25200.0,CE,3434535,-46345,22979515,16.39,6.35,24208.0
952,2026-04-29 09:20:00,NIFTY,2026-05-05,25150.0,PE,390,0,390,21.36,942.45,24208.0
953,2026-04-29 09:20:00,NIFTY,2026-05-12,25650.0,PE,0,0,0,85.45,2385.25,24208.0
954,2026-04-29 09:20:00,NIFTY,2026-05-05,21900.0,PE,305630,0,1146340,32.02,2.1,24208.0
955,2026-04-29 09:20:00,NIFTY,2026-05-12,25650.0,CE,39325,-195,94185,15.7,8.7,24208.0
956,2026-04-29 09:20:00,NIFTY,2026-05-05,22550.0,PE,176605,0,1154465,25.0,3.2,24208.0
957,2026-04-29 09:20:00,NIFTY,2026-05-12,24250.0,CE,111930,65,438815,15.96,297.85,24208.0
958,2026-04-29 09:20:00,NIFTY,2026-05-05,21900.0,CE,0,0,0,,1300.85,24208.0
959,2026-04-29 09:20:00,NIFTY,2026-05-12,22350.0,CE,0,0,0,,1059.6,24208.0
960,2026-04-29 09:20:00,NIFTY,2026-05-05,21850.0,PE,42835,130,166140,32.57,2.05,24208.0
961,2026-04-29 09:20:00,NIFTY,2026-05-12,22300.0,PE,214760,1950,398320,23.18,10.4,24208.0
962,2026-04-29 09:20:00,NIFTY,2026-05-05,25550.0,PE,650,0,260,,1181.75,24208.0
963,2026-04-29 09:20:00,NIFTY,2026-05-05,21850.0,CE,0,0,0,,1342.1,24208.0
964,2026-04-29 09:20:00,NIFTY,2026-05-12,22300.0,CE,0,0,0,,1098.3,24208.0
965,2026-04-29 09:20:00,NIFTY,2026-05-05,25550.0,CE,614835,3315,4006275,17.71,1.9,24208.0
966,2026-04-29 09:20:00,NIFTY,2026-05-05,26000.0,PE,176930,0,30680,,1751.25,24208.0
967,2026-04-29 09:20:00,NIFTY,2026-05-05,22550.0,CE,130,0,260,52.5,1796.5,24208.0
968,2026-04-29 09:20:00,NIFTY,2026-05-05,22500.0,PE,4172350,1885,13036660,25.56,3.1,24208.0
969,2026-04-29 09:20:00,NIFTY,2026-05-12,24300.0,CE,425165,585,1476410,15.87,271.95,24208.0
970,2026-04-29 09:20:00,NIFTY,2026-05-05,25500.0,PE,317525,0,57135,,1255.0,24208.0
971,2026-04-29 09:20:00,NIFTY,2026-05-12,22400.0,PE,97500,-4615,180180,22.53,11.5,24208.0
972,2026-04-29 09:20:00,NIFTY,2026-05-05,26000.0,CE,5169970,6500,12937795,20.49,0.75,24208.0
973,2026-04-29 09:20:00,NIFTY,2026-05-12,22400.0,CE,0,0,0,,1021.6,24208.0
974,2026-04-29 09:20:00,NIFTY,2026-05-12,25700.0,CE,141570,975,341380,15.76,7.5,24208.0
975,2026-04-29 09:20:00,NIFTY,2026-05-12,24250.0,PE,116285,0,428025,16.4,291.9,24208.0
976,2026-04-29 09:20:00,NIFTY,2026-05-05,23950.0,CE,157105,-520,3032185,15.91,369.4,24208.0
977,2026-04-29 09:20:00,NIFTY,2026-05-05,25500.0,CE,4909775,-33605,25208755,17.62,2.35,24208.0
978,2026-04-29 09:20:00,NIFTY,2026-05-05,25950.0,PE,0,0,0,144.59,2832.5,24208.0
979,2026-04-29 09:20:00,NIFTY,2026-05-05,23900.0,PE,2911610,-147615,42272295,16.32,76.45,24208.0
980,2026-04-29 09:20:00,NIFTY,2026-05-05,25450.0,PE,975,0,130,24.23,1233.75,24208.0
981,2026-04-29 09:20:00,NIFTY,2026-05-12,22350.0,PE,9555,0,21125,22.84,10.9,24208.0
982,2026-04-29 09:20:00,NIFTY,2026-05-05,25950.0,CE,315900,0,868920,19.99,0.75,24208.0
983,2026-04-29 09:20:00,NIFTY,2026-05-05,23900.0,CE,561210,-10400,4997070,16.12,408.0,24208.0
984,2026-04-29 09:20:00,NIFTY,2026-05-05,25450.0,CE,766090,7280,7194655,17.45,2.8,24208.0
985,2026-04-29 09:20:00,NIFTY,2026-05-05,25900.0,PE,455,0,0,41.2,1730.0,24208.0
986,2026-04-29 09:20:00,NIFTY,2026-05-05,25400.0,PE,3250,0,1560,23.78,1185.0,24208.0
987,2026-04-29 09:20:00,NIFTY,2026-05-05,23850.0,PE,1086345,-24895,19490770,16.44,65.5,24208.0
988,2026-04-29 09:20:00,NIFTY,2026-05-05,23850.0,CE,91910,-715,729170,16.27,447.45,24208.0
989,2026-04-29 09:20:00,NIFTY,2026-05-05,25400.0,CE,2341625,-57850,18662605,17.28,3.35,24208.0
990,2026-04-29 09:20:00,NIFTY,2026-05-05,23800.0,PE,3333915,-4810,43087330,16.61,56.35,24208.0
991,2026-04-29 09:20:00,NIFTY,2026-05-05,25350.0,PE,1105,0,4030,,1113.8,24208.0
992,2026-04-29 09:20:00,NIFTY,2026-05-12,24300.0,PE,421850,-65,1303965,16.36,316.55,24208.0
993,2026-04-29 09:20:00,NIFTY,2026-05-05,25350.0,CE,820235,-18005,8298225,17.08,3.95,24208.0
994,2026-04-29 09:20:00,NIFTY,2026-05-05,25900.0,CE,1325610,0,2335450,19.61,0.8,24208.0
995,2026-04-29 09:20:00,NIFTY,2026-05-05,21800.0,PE,569140,-5265,1381445,33.12,2.0,24208.0
996,2026-04-29 09:20:00,NIFTY,2026-05-05,22100.0,PE,374660,-975,1714700,29.7,2.25,24208.0
997,2026-04-29 09:20:00,NIFTY,2026-05-12,25500.0,CE,555230,-5200,2059265,15.48,13.25,24208.0
998,2026-04-29 09:20:00,NIFTY,2026-05-05,22100.0,CE,715,0,0,,2077.3,24208.0
999,2026-04-29 09:20:00,NIFTY,2026-05-05,22050.0,PE,33995,0,64285,30.35,2.25,24208.0
1000,2026-04-29 09:20:00,NIFTY,2026-05-05,22050.0,CE,0,0,0,,1180.2,24208.0
1001,2026-04-29 09:20:00,NIFTY,2026-05-12,22100.0,PE,79170,910,150540,24.28,8.1,24208.0
1002,2026-04-29 09:20:00,NIFTY,2026-05-05,22000.0,PE,3846180,4290,7981480,30.83,2.15,24208.0
1003,2026-04-29 09:20:00,NIFTY,2026-05-12,24200.0,PE,547690,1625,1807975,16.53,270.0,24208.0
1004,2026-04-29 09:20:00,NIFTY,2026-05-12,25500.0,PE,22620,0,21190,17.38,1256.1,24208.0
1005,2026-04-29 09:20:00,NIFTY,2026-05-05,22000.0,CE,27235,0,5525,3.61,2220.0,24208.0
1006,2026-04-29 09:20:00,NIFTY,2026-05-12,24200.0,CE,905970,1430,1748890,16.09,326.0,24208.0
1007,2026-04-29 09:20:00,NIFTY,2026-05-12,22100.0,CE,0,0,0,,1259.0,24208.0
1008,2026-04-29 09:20:00,NIFTY,2026-05-12,22050.0,PE,18395,0,31720,24.57,7.65,24208.0
1009,2026-04-29 09:20:00,NIFTY,2026-05-12,24150.0,PE,89895,390,392860,16.6,248.4,24208.0
1010,2026-04-29 09:20:00,NIFTY,2026-05-05,25700.0,CE,1529060,28665,6664125,18.46,1.25,24208.0
1011,2026-04-29 09:20:00,NIFTY,2026-05-12,24150.0,CE,51350,0,253045,16.13,353.65,24208.0
1012,2026-04-29 09:20:00,NIFTY,2026-05-05,21950.0,PE,14950,0,82030,31.47,2.15,24208.0
1013,2026-04-29 09:20:00,NIFTY,2026-05-05,26050.0,PE,0,0,0,147.09,2930.2,24208.0
1014,2026-04-29 09:20:00,NIFTY,2026-05-12,22200.0,PE,46995,195,96005,23.69,9.05,24208.0
1015,2026-04-29 09:20:00,NIFTY,2026-05-12,25600.0,CE,181220,715,548860,15.63,10.05,24208.0
1016,2026-04-29 09:20:00,NIFTY,2026-05-05,22600.0,PE,1051830,6175,4930120,24.53,3.4,24208.0
1017,2026-04-29 09:20:00,NIFTY,2026-05-05,24000.0,CE,2412930,-21255,35306700,15.83,333.75,24208.0
1018,2026-04-29 09:20:00,NIFTY,2026-05-05,22600.0,CE,650,0,195,,1632.1,24208.0
1019,2026-04-29 09:20:00,NIFTY,2026-05-05,23950.0,PE,1250210,-64480,20182760,16.12,88.05,24208.0
1020,2026-04-29 09:20:00,NIFTY,2026-05-12,22200.0,CE,0,0,0,,1177.45,24208.0
1021,2026-04-29 09:20:00,NIFTY,2026-05-12,25550.0,PE,0,0,0,83.73,2289.0,24208.0
1022,2026-04-29 09:20:00,NIFTY,2026-05-12,22150.0,PE,16185,-130,14885,24.05,8.7,24208.0
1023,2026-04-29 09:20:00,NIFTY,2026-05-12,25550.0,CE,44330,0,115180,15.55,11.5,24208.0
1024,2026-04-29 09:20:00,NIFTY,2026-05-05,25650.0,PE,1560,0,780,30.41,1446.0,24208.0
1025,2026-04-29 09:20:00,NIFTY,2026-05-12,22150.0,CE,0,0,0,,1217.95,24208.0
1026,2026-04-29 09:20:00,NIFTY,2026-05-12,22250.0,PE,8450,0,7410,23.44,9.7,24208.0
1027,2026-04-29 09:20:00,NIFTY,2026-05-05,22850.0,CE,260,0,65,,1233.95,24208.0
1028,2026-04-29 09:20:00,NIFTY,2026-05-05,25650.0,CE,424320,0,1744795,18.23,1.45,24208.0
1029,2026-04-29 09:20:00,NIFTY,2026-05-05,22800.0,PE,2635555,-4615,12324780,22.72,4.5,24208.0
1030,2026-04-29 09:20:00,NIFTY,2026-05-12,25600.0,PE,0,0,65,,1200.0,24208.0
1031,2026-04-29 09:20:00,NIFTY,2026-05-05,25600.0,PE,4745,0,3250,,1361.8,24208.0
1032,2026-04-29 09:20:00,NIFTY,2026-05-12,22250.0,CE,0,0,0,,1137.6,24208.0
1033,2026-04-29 09:20:00,NIFTY,2026-05-05,25600.0,CE,2367885,-5395,8894145,17.96,1.65,24208.0
1034,2026-04-29 09:20:00,NIFTY,2026-05-05,26050.0,CE,582335,-1430,717795,20.84,0.7,24208.0
1035,2026-04-29 09:20:00,NIFTY,2026-05-05,21950.0,CE,0,0,0,,1260.05,24208.0
1036,2026-04-29 09:20:00,NIFTY,2026-05-05,22250.0,CE,1300,0,520,31.44,1987.5,24208.0
1037,2026-04-29 09:20:00,NIFTY,2026-05-05,22200.0,PE,717145,0,2672605,28.48,2.3,24208.0
1038,2026-04-29 09:20:00,NIFTY,2026-05-05,22700.0,CE,5070,-65,1300,3.93,1523.2,24208.0
1039,2026-04-29 09:20:00,NIFTY,2026-05-05,22200.0,CE,1040,0,130,30.87,2036.0,24208.0
1040,2026-04-29 09:20:00,NIFTY,2026-05-05,22650.0,PE,278135,2275,1678625,24.04,3.6,24208.0
1041,2026-04-29 09:20:00,NIFTY,2026-05-05,22150.0,PE,145600,0,616135,29.05,2.25,24208.0
1042,2026-04-29 09:20:00,NIFTY,2026-05-12,21900.0,CE,0,0,0,,1428.35,24208.0
1043,2026-04-29 09:20:00,NIFTY,2026-05-12,21850.0,PE,8775,0,8970,25.5,5.75,24208.0
1044,2026-04-29 09:20:00,NIFTY,2026-05-12,25450.0,PE,0,0,0,82.01,2193.3,24208.0
1045,2026-04-29 09:20:00,NIFTY,2026-05-05,22650.0,CE,260,0,65,24.58,1586.4,24208.0
1046,2026-04-29 09:20:00,NIFTY,2026-05-12,25450.0,CE,38545,-780,119405,15.42,15.25,24208.0
1047,2026-04-29 09:20:00,NIFTY,2026-05-05,25750.0,PE,0,0,0,139.55,2638.0,24208.0
1048,2026-04-29 09:20:00,NIFTY,2026-05-12,24050.0,CE,36075,-260,201110,16.19,412.85,24208.0
1049,2026-04-29 09:20:00,NIFTY,2026-05-12,24000.0,PE,1035320,1495,2893865,16.91,192.6,24208.0
1050,2026-04-29 09:20:00,NIFTY,2026-05-05,24100.0,CE,2196090,-7280,78215540,15.54,266.1,24208.0
1051,2026-04-29 09:20:00,NIFTY,2026-05-05,26150.0,PE,0,0,0,149.57,3028.15,24208.0
1052,2026-04-29 09:20:00,NIFTY,2026-05-05,24050.0,PE,1950585,-48685,37460215,15.85,117.25,24208.0
1053,2026-04-29 09:20:00,NIFTY,2026-05-12,24000.0,CE,288470,5135,998920,16.39,447.25,24208.0
1054,2026-04-29 09:20:00,NIFTY,2026-05-12,21950.0,CE,0,0,0,,1385.3,24208.0
1055,2026-04-29 09:20:00,NIFTY,2026-05-05,26150.0,CE,127465,-845,407030,21.66,0.65,24208.0
1056,2026-04-29 09:20:00,NIFTY,2026-05-12,21900.0,PE,27820,-260,39325,25.45,6.5,24208.0
1057,2026-04-29 09:20:00,NIFTY,2026-05-05,24050.0,CE,590200,-12350,16301220,15.8,300.3,24208.0
1058,2026-04-29 09:20:00,NIFTY,2026-05-12,22050.0,CE,0,0,0,,1300.6,24208.0
1059,2026-04-29 09:20:00,NIFTY,2026-05-05,24000.0,PE,7856225,-19695,96103735,16.0,102.0,24208.0
1060,2026-04-29 09:20:00,NIFTY,2026-05-12,24100.0,PE,271830,-390,1408030,16.73,229.05,24208.0
1061,2026-04-29 09:20:00,NIFTY,2026-05-12,22000.0,PE,406575,1235,924625,24.84,7.2,24208.0
1062,2026-04-29 09:20:00,NIFTY,2026-05-12,22000.0,CE,1300,0,1300,37.38,2320.0,24208.0
1063,2026-04-29 09:20:00,NIFTY,2026-05-12,24100.0,CE,296985,1365,1034735,16.31,385.2,24208.0
1064,2026-04-29 09:20:00,NIFTY,2026-05-12,21950.0,PE,14170,0,16185,25.15,6.85,24208.0
1065,2026-04-29 09:20:00,NIFTY,2026-05-12,24050.0,PE,61685,-260,378365,16.83,210.45,24208.0
1066,2026-04-29 09:20:00,NIFTY,2026-05-05,25750.0,CE,470275,-18005,1982370,18.72,1.1,24208.0
1067,2026-04-29 09:20:00,NIFTY,2026-05-05,26100.0,PE,715,0,0,64.06,2070.0,24208.0
1068,2026-04-29 09:20:00,NIFTY,2026-05-05,26100.0,CE,1674270,0,2869360,21.18,0.65,24208.0
1069,2026-04-29 09:20:00,NIFTY,2026-05-05,25700.0,PE,1755,0,1625,,1410.0,24208.0
1070,2026-04-29 09:20:00,NIFTY,2026-05-12,21850.0,CE,0,0,0,,1471.9,24208.0
1071,2026-04-29 09:20:00,NIFTY,2026-05-05,22150.0,CE,65,0,0,,1975.2,24208.0
1072,2026-04-29 09:20:00,NIFTY,2026-05-12,25300.0,CE,258700,-195,657345,15.23,23.1,24208.0
1073,2026-04-29 09:20:00,NIFTY,2026-05-12,23750.0,PE,50960,-130,197405,17.57,124.3,24208.0
1074,2026-04-29 09:20:00,NIFTY,2026-05-12,23750.0,CE,455,0,1755,22.46,712.05,24208.0
1075,2026-04-29 09:20:00,NIFTY,2026-05-12,25250.0,PE,0,0,0,78.58,2003.95,24208.0
1076,2026-04-29 09:20:00,NIFTY,2026-05-05,22400.0,CE,1300,0,195,53.34,1930.6,24208.0
1077,2026-04-29 09:20:00,NIFTY,2026-05-12,25250.0,CE,101595,2405,254215,15.28,27.2,24208.0
1078,2026-04-29 09:20:00,NIFTY,2026-05-05,22350.0,PE,167050,-1365,1029145,26.95,2.6,24208.0
1079,2026-04-29 09:20:00,NIFTY,2026-05-12,26550.0,PE,0,0,0,100.53,3267.0,24208.0
1080,2026-04-29 09:20:00,NIFTY,2026-05-05,22350.0,CE,65,0,130,50.01,1955.35,24208.0
1081,2026-04-29 09:20:00,NIFTY,2026-05-12,25400.0,CE,227890,-520,736060,15.37,17.6,24208.0
1082,2026-04-29 09:20:00,NIFTY,2026-05-05,24250.0,CE,2333955,-85995,67808455,15.25,180.95,24208.0
1083,2026-04-29 09:20:00,NIFTY,2026-05-12,23850.0,PE,78260,650,252005,17.29,148.4,24208.0
1084,2026-04-29 09:20:00,NIFTY,2026-05-05,22300.0,PE,849550,-325,3363425,27.4,2.45,24208.0
1085,2026-04-29 09:20:00,NIFTY,2026-05-05,22750.0,CE,1495,0,845,23.97,1487.55,24208.0
1086,2026-04-29 09:20:00,NIFTY,2026-05-05,22700.0,PE,1372410,5850,7071220,23.58,3.85,24208.0
1087,2026-04-29 09:20:00,NIFTY,2026-05-12,23850.0,CE,4420,195,8255,17.08,558.2,24208.0
1088,2026-04-29 09:20:00,NIFTY,2026-05-05,22300.0,CE,195,0,0,,1840.0,24208.0
1089,2026-04-29 09:20:00,NIFTY,2026-05-05,25850.0,CE,323830,-585,1378260,19.35,0.9,24208.0
1090,2026-04-29 09:20:00,NIFTY,2026-05-12,25350.0,PE,0,0,0,80.29,2098.25,24208.0
1091,2026-04-29 09:20:00,NIFTY,2026-05-05,24200.0,PE,6761300,-34190,108745390,15.51,175.5,24208.0
1092,2026-04-29 09:20:00,NIFTY,2026-05-12,25350.0,CE,45110,0,135265,15.35,20.5,24208.0
1093,2026-04-29 09:20:00,NIFTY,2026-05-12,23800.0,PE,256750,520,936455,17.43,135.85,24208.0
1094,2026-04-29 09:20:00,NIFTY,2026-05-05,24200.0,CE,4909710,-133770,106938390,15.4,207.9,24208.0
1095,2026-04-29 09:20:00,NIFTY,2026-05-05,25800.0,PE,1235,0,0,55.65,1750.8,24208.0
1096,2026-04-29 09:20:00,NIFTY,2026-05-05,24150.0,PE,2170870,-104845,49319140,15.57,153.5,24208.0
1097,2026-04-29 09:20:00,NIFTY,2026-05-12,23800.0,CE,74490,325,78455,16.51,585.0,24208.0
1098,2026-04-29 09:20:00,NIFTY,2026-05-12,25300.0,PE,390,130,585,14.77,1053.7,24208.0
1099,2026-04-29 09:20:00,NIFTY,2026-05-05,24150.0,CE,1052870,-30355,45213740,15.51,236.5,24208.0
1100,2026-04-29 09:20:00,NIFTY,2026-05-12,23950.0,PE,49465,-195,157755,17.06,177.15,24208.0
1101,2026-04-29 09:20:00,NIFTY,2026-05-12,21800.0,PE,19890,0,7995,26.01,5.8,24208.0
1102,2026-04-29 09:20:00,NIFTY,2026-05-12,23950.0,CE,12675,0,46280,17.03,490.0,24208.0
1103,2026-04-29 09:20:00,NIFTY,2026-05-05,24100.0,PE,5249530,13975,102355370,15.74,134.75,24208.0
1104,2026-04-29 09:20:00,NIFTY,2026-05-12,25400.0,PE,3575,0,910,16.88,1160.0,24208.0
1105,2026-04-29 09:20:00,NIFTY,2026-05-12,23900.0,PE,151775,-65,595790,17.18,162.3,24208.0
1106,2026-04-29 09:20:00,NIFTY,2026-05-12,23900.0,CE,78065,2015,136500,16.55,515.45,24208.0
1107,2026-04-29 09:20:00,NIFTY,2026-05-12,21800.0,CE,0,0,0,,1515.85,24208.0
1108,2026-04-29 09:20:00,NIFTY,2026-05-05,25800.0,CE,3144635,-1820,12072125,18.83,0.9,24208.0
1109,2026-04-29 09:20:00,NIFTY,2026-05-12,23700.0,PE,561405,-325,1114620,17.81,114.85,24208.0
1110,2026-04-29 09:20:00,NIFTY,2026-05-05,22250.0,PE,117000,975,569855,27.98,2.4,24208.0
1111,2026-04-29 09:20:00,NIFTY,2026-05-12,23550.0,CE,715,0,2340,24.16,880.0,24208.0
1112,2026-04-29 09:20:00,NIFTY,2026-05-12,23600.0,CE,6630,0,10010,17.06,745.3,24208.0
1113,2026-04-29 09:20:00,NIFTY,2026-05-12,25200.0,CE,285090,-325,906035,15.25,31.3,24208.0
1114,2026-04-29 09:20:00,NIFTY,2026-05-05,24450.0,CE,1450085,-108745,32461910,14.99,98.0,24208.0
1115,2026-04-29 09:20:00,NIFTY,2026-05-12,26500.0,CE,124605,0,109980,18.25,1.45,24208.0
1116,2026-04-29 09:20:00,NIFTY,2026-05-12,25150.0,PE,65,0,0,,695.05,24208.0
1117,2026-04-29 09:20:00,NIFTY,2026-05-05,24400.0,PE,1645410,6890,25792520,15.17,283.0,24208.0
1118,2026-04-29 09:20:00,NIFTY,2026-05-12,23550.0,PE,30225,0,129025,18.22,87.2,24208.0
1119,2026-04-29 09:20:00,NIFTY,2026-05-12,25150.0,CE,81640,0,366275,15.27,36.35,24208.0
1120,2026-04-29 09:20:00,NIFTY,2026-05-12,23700.0,CE,12610,-65,52845,16.78,663.4,24208.0
1121,2026-04-29 09:20:00,NIFTY,2026-05-12,25200.0,PE,2470,0,2275,18.05,990.15,24208.0
1122,2026-04-29 09:20:00,NIFTY,2026-05-12,23650.0,PE,35230,260,110825,17.92,104.5,24208.0
1123,2026-04-29 09:20:00,NIFTY,2026-05-12,26550.0,CE,57525,0,81770,18.45,1.35,24208.0
1124,2026-04-29 09:20:00,NIFTY,2026-05-05,24400.0,CE,4417725,-121290,74441250,15.02,115.3,24208.0
1125,2026-04-29 09:20:00,NIFTY,2026-05-12,23650.0,CE,1235,0,2535,22.07,776.45,24208.0
1126,2026-04-29 09:20:00,NIFTY,2026-05-05,24350.0,PE,879580,-53430,28501395,15.22,252.6,24208.0
1127,2026-04-29 09:20:00,NIFTY,2026-05-12,26500.0,PE,0,0,0,99.72,3217.6,24208.0
1128,2026-04-29 09:20:00,NIFTY,2026-05-12,23600.0,PE,213525,260,650845,18.0,94.55,24208.0
1129,2026-04-29 09:20:00,NIFTY,2026-05-05,24350.0,CE,2126670,-44525,57681585,15.09,135.0,24208.0
1130,2026-04-29 09:20:00,NIFTY,2026-05-05,24300.0,PE,4098965,-96785,109651295,15.3,224.55,24208.0
1131,2026-04-29 09:20:00,NIFTY,2026-05-05,24300.0,CE,6361290,-255515,127943140,15.18,157.0,24208.0
1132,2026-04-29 09:20:00,NIFTY,2026-05-05,24250.0,PE,1982370,20930,65662285,15.41,199.0,24208.0
1133,2026-04-29 09:20:00,NIFTY,2026-05-12,23500.0,PE,619320,-195,1907100,18.29,78.6,24208.0
1134,2026-04-29 09:20:00,NIFTY,2026-05-12,25100.0,PE,1560,0,1300,,741.7,24208.0
1135,2026-04-29 09:20:00,NIFTY,2026-05-12,26400.0,PE,0,0,0,98.09,3118.85,24208.0
1136,2026-04-29 09:20:00,NIFTY,2026-05-12,26400.0,CE,17550,0,14625,17.93,1.75,24208.0
1137,2026-04-29 09:20:00,NIFTY,2026-05-12,23400.0,PE,217880,65,667810,18.6,65.25,24208.0
1138,2026-04-29 09:20:00,NIFTY,2026-05-12,23400.0,CE,1690,0,1625,17.37,914.95,24208.0
1139,2026-04-29 09:20:00,NIFTY,2026-05-12,26450.0,PE,0,0,0,98.91,3168.2,24208.0
1140,2026-04-29 09:20:00,NIFTY,2026-05-12,26450.0,CE,1625,0,5070,17.76,1.35,24208.0
1141,2026-04-29 09:20:00,NIFTY,2026-05-12,25100.0,CE,334425,4615,1297205,15.28,41.95,24208.0
1142,2026-04-29 09:20:00,NIFTY,2026-05-12,23500.0,CE,48555,65,33995,18.38,842.0,24208.0
1143,2026-04-29 09:20:00,NIFTY,2026-05-12,25050.0,PE,65,0,0,,635.55,24208.0
1144,2026-04-29 09:20:00,NIFTY,2026-05-12,23450.0,PE,29185,260,94900,18.44,71.55,24208.0
1145,2026-04-29 09:20:00,NIFTY,2026-05-12,25050.0,CE,49335,130,333580,15.26,48.0,24208.0
1146,2026-04-29 09:20:00,NIFTY,2026-05-05,24550.0,CE,1458470,-51935,32973460,14.98,69.75,24208.0
1147,2026-04-29 09:20:00,NIFTY,2026-05-12,23450.0,CE,780,0,325,26.13,982.15,24208.0
1148,2026-04-29 09:20:00,NIFTY,2026-05-05,24500.0,PE,1172080,-21840,15075060,15.09,350.0,24208.0
1149,2026-04-29 09:20:00,NIFTY,2026-05-05,24500.0,CE,7718945,-36530,103240995,14.96,82.75,24208.0
1150,2026-04-29 09:20:00,NIFTY,2026-05-12,26350.0,PE,0,0,0,97.27,3069.55,24208.0
1151,2026-04-29 09:20:00,NIFTY,2026-05-12,23350.0,PE,47580,-65,129220,18.69,58.8,24208.0
1152,2026-04-29 09:20:00,NIFTY,2026-05-05,24450.0,PE,247715,-3055,4306185,15.09,315.05,24208.0
1153,2026-04-29 09:25:00,NIFTY,2026-05-12,23300.0,CE,2275,0,1625,14.34,980.9,24208.15
1154,2026-04-29 09:25:00,NIFTY,2026-05-12,25000.0,PE,147485,65,80990,16.31,800.65,24208.15
1155,2026-04-29 09:25:00,NIFTY,2026-05-12,25000.0,CE,826930,3770,2853175,15.21,54.3,24208.15
1156,2026-04-29 09:25:00,NIFTY,2026-05-12,23250.0,PE,58630,1950,174265,19.05,49.05,24208.15
1157,2026-04-29 09:25:00,NIFTY,2026-05-12,23250.0,CE,585,0,260,28.7,1169.35,24208.15
1158,2026-04-29 09:25:00,NIFTY,2026-05-12,24950.0,PE,65,0,455,,677.0,24208.15
1159,2026-04-29 09:25:00,NIFTY,2026-05-05,23000.0,PE,5423015,-22750,25946375,21.03,6.35,24208.15
1160,2026-04-29 09:25:00,NIFTY,2026-05-12,24950.0,CE,42770,65,160615,15.18,61.65,24208.15
1161,2026-04-29 09:25:00,NIFTY,2026-05-05,24600.0,CE,2815735,-24765,51378535,14.82,56.85,24208.15
1162,2026-04-29 09:25:00,NIFTY,2026-05-12,23350.0,CE,65,0,0,15.72,944.6,24208.15
1163,2026-04-29 09:25:00,NIFTY,2026-05-05,24550.0,PE,103675,-20085,1589640,15.52,390.85,24208.15
1164,2026-04-29 09:25:00,NIFTY,2026-05-12,26350.0,CE,6760,0,6695,17.8,1.95,24208.15
1165,2026-04-29 09:25:00,NIFTY,2026-05-05,23000.0,CE,203385,65,91390,,1227.8,24208.15
1166,2026-04-29 09:25:00,NIFTY,2026-05-05,22950.0,PE,460265,-3185,3055130,21.41,5.75,24208.15
1167,2026-04-29 09:25:00,NIFTY,2026-05-12,26300.0,PE,65,0,0,33.83,2110.45,24208.15
1168,2026-04-29 09:25:00,NIFTY,2026-05-12,26300.0,CE,18265,0,21645,17.28,1.8,24208.15
1169,2026-04-29 09:25:00,NIFTY,2026-05-12,23300.0,PE,166660,-910,552045,18.97,54.6,24208.15
1170,2026-04-29 09:25:00,NIFTY,2026-05-05,22950.0,CE,1755,0,325,,1276.5,24208.15
1171,2026-04-29 09:25:00,NIFTY,2026-05-05,22900.0,PE,2031640,-25285,10066940,21.86,5.3,24208.15
1172,2026-04-29 09:25:00,NIFTY,2026-05-12,23200.0,PE,241670,-2340,589355,19.27,45.1,24208.15
1173,2026-04-29 09:25:00,NIFTY,2026-05-05,22900.0,CE,6435,0,2665,,1289.0,24208.15
1174,2026-04-29 09:25:00,NIFTY,2026-05-12,24900.0,PE,10465,0,8255,15.78,712.0,24208.15
1175,2026-04-29 09:25:00,NIFTY,2026-05-05,22850.0,PE,1921530,-38090,5743205,22.34,4.95,24208.15
1176,2026-04-29 09:25:00,NIFTY,2026-05-12,24900.0,CE,597545,-130,1217385,15.21,70.5,24208.15
1177,2026-04-29 09:25:00,NIFTY,2026-05-12,24850.0,PE,195,0,520,10.34,610.0,24208.15
1178,2026-04-29 09:25:00,NIFTY,2026-05-05,26350.0,CE,48555,0,81900,23.42,0.6,24208.15
1179,2026-04-29 09:25:00,NIFTY,2026-05-05,26300.0,PE,65,0,0,50.66,2144.95,24208.15
1180,2026-04-29 09:25:00,NIFTY,2026-05-05,26300.0,CE,198965,0,621530,22.94,0.6,24208.15
1181,2026-04-29 09:25:00,NIFTY,2026-05-05,26250.0,PE,0,0,0,152.04,3126.3,24208.15
1182,2026-04-29 09:25:00,NIFTY,2026-05-05,26250.0,CE,89310,0,167635,22.46,0.6,24208.15
1183,2026-04-29 09:25:00,NIFTY,2026-05-05,26200.0,PE,325,0,0,40.74,2003.0,24208.15
1184,2026-04-29 09:25:00,NIFTY,2026-05-05,26200.0,CE,317785,0,465075,21.79,0.55,24208.15
1185,2026-04-29 09:25:00,NIFTY,2026-05-12,23200.0,CE,2470,0,2405,14.89,1077.4,24208.15
1186,2026-04-29 09:25:00,NIFTY,2026-05-05,23150.0,CE,4095,0,2795,,1072.9,24208.15
1187,2026-04-29 09:25:00,NIFTY,2026-05-05,23100.0,PE,1754610,-69225,12027535,20.23,7.75,24208.15
1188,2026-04-29 09:25:00,NIFTY,2026-05-12,24850.0,CE,65065,-975,161720,15.21,79.95,24208.15
1189,2026-04-29 09:25:00,NIFTY,2026-05-12,24800.0,PE,27235,0,31850,16.35,641.0,24208.15
1190,2026-04-29 09:25:00,NIFTY,2026-05-05,23100.0,CE,10335,0,7475,4.8,1115.55,24208.15
1191,2026-04-29 09:25:00,NIFTY,2026-05-12,26250.0,PE,0,0,0,95.61,2971.0,24208.15
1192,2026-04-29 09:25:00,NIFTY,2026-05-12,24800.0,CE,269685,1820,1040910,15.22,90.55,24208.15
1193,2026-04-29 09:25:00,NIFTY,2026-05-12,26250.0,CE,18460,0,13390,17.32,2.2,24208.15
1194,2026-04-29 09:25:00,NIFTY,2026-05-05,23050.0,PE,392925,2145,3878875,20.65,7.05,24208.15
1195,2026-04-29 09:25:00,NIFTY,2026-05-12,24750.0,PE,3185,0,5070,15.45,590.0,24208.15
1196,2026-04-29 09:25:00,NIFTY,2026-05-12,26200.0,PE,0,0,0,94.78,2921.8,24208.15
1197,2026-04-29 09:25:00,NIFTY,2026-05-12,24750.0,CE,70005,-65,190775,15.29,103.05,24208.15
1198,2026-04-29 09:25:00,NIFTY,2026-05-12,26200.0,CE,54535,0,91650,16.86,2.1,24208.15
1199,2026-04-29 09:25:00,NIFTY,2026-05-05,23050.0,CE,910,0,260,17.16,1184.8,24208.15
1200,2026-04-29 09:25:00,NIFTY,2026-05-05,26450.0,PE,0,0,0,,3323.05,24208.15
1201,2026-04-29 09:25:00,NIFTY,2026-05-05,26450.0,CE,63050,0,160940,24.37,0.6,24208.15
1202,2026-04-29 09:25:00,NIFTY,2026-05-12,26150.0,CE,11440,0,27365,16.81,2.45,24208.15
1203,2026-04-29 09:25:00,NIFTY,2026-05-05,26400.0,PE,65,0,0,68.4,2356.65,24208.15
1204,2026-04-29 09:25:00,NIFTY,2026-05-12,26100.0,PE,260,0,0,36.49,1960.0,24208.15
1205,2026-04-29 09:25:00,NIFTY,2026-05-05,26400.0,CE,206180,0,549445,24.08,0.65,24208.15
1206,2026-04-29 09:25:00,NIFTY,2026-05-12,26100.0,CE,69225,0,92885,16.31,2.3,24208.15
1207,2026-04-29 09:25:00,NIFTY,2026-05-05,23400.0,CE,42120,-325,54925,15.98,841.85,24208.15
1208,2026-04-29 09:25:00,NIFTY,2026-05-12,24700.0,PE,34060,-455,61750,15.95,560.45,24208.15
1209,2026-04-29 09:25:00,NIFTY,2026-05-12,24700.0,CE,281125,-390,788450,15.27,115.4,24208.15
1210,2026-04-29 09:25:00,NIFTY,2026-05-05,23350.0,PE,692770,2990,7535190,18.62,14.6,24208.15
1211,2026-04-29 09:25:00,NIFTY,2026-05-05,23350.0,CE,8125,3640,11830,15.06,887.85,24208.15
1212,2026-04-29 09:25:00,NIFTY,2026-05-12,26150.0,PE,0,0,0,93.95,2872.65,24208.15
1213,2026-04-29 09:25:00,NIFTY,2026-05-05,23300.0,PE,2434120,-20085,18961930,18.9,12.7,24208.15
1214,2026-04-29 09:25:00,NIFTY,2026-05-12,26050.0,PE,0,0,0,92.27,2774.55,24208.15
1215,2026-04-29 09:25:00,NIFTY,2026-05-05,23300.0,CE,58175,975,34515,11.0,933.3,24208.15
1216,2026-04-29 09:25:00,NIFTY,2026-05-12,26050.0,CE,29185,0,27365,16.44,2.95,24208.15
1217,2026-04-29 09:25:00,NIFTY,2026-05-05,23250.0,PE,923195,-14170,7774520,19.25,11.25,24208.15
1218,2026-04-29 09:25:00,NIFTY,2026-05-12,26000.0,PE,2015,0,130,18.65,1740.0,24208.15
1219,2026-04-29 09:25:00,NIFTY,2026-05-05,23250.0,CE,3575,0,3575,21.43,1001.7,24208.15
1220,2026-04-29 09:25:00,NIFTY,2026-05-12,24650.0,PE,3315,0,8840,16.83,539.0,24208.15
1221,2026-04-29 09:25:00,NIFTY,2026-05-12,26000.0,CE,965510,1885,1589770,16.2,3.15,24208.15
1222,2026-04-29 09:25:00,NIFTY,2026-05-05,23200.0,PE,2909725,-33475,18588115,19.53,9.8,24208.15
1223,2026-04-29 09:25:00,NIFTY,2026-05-05,23200.0,CE,19760,0,13715,19.63,1043.0,24208.15
1224,2026-04-29 09:25:00,NIFTY,2026-05-05,23150.0,PE,635830,-37505,6051695,19.9,8.75,24208.15
1225,2026-04-29 09:25:00,NIFTY,2026-05-05,26350.0,PE,520,0,0,70.16,2329.15,24208.15
1226,2026-04-29 09:25:00,NIFTY,2026-05-12,24550.0,CE,40690,0,201695,15.45,163.15,24208.15
1227,2026-04-29 09:25:00,NIFTY,2026-05-05,21800.0,CE,0,0,0,,1383.9,24208.15
1228,2026-04-29 09:25:00,NIFTY,2026-05-12,25950.0,PE,0,0,0,90.58,2676.7,24208.15
1229,2026-04-29 09:25:00,NIFTY,2026-05-12,24650.0,CE,38350,325,151970,15.35,130.3,24208.15
1230,2026-04-29 09:25:00,NIFTY,2026-05-12,25950.0,CE,18265,0,34385,16.19,3.75,24208.15
1231,2026-04-29 09:25:00,NIFTY,2026-05-12,24600.0,PE,29380,0,111410,16.31,496.1,24208.15
1232,2026-04-29 09:25:00,NIFTY,2026-05-12,25900.0,PE,0,0,0,89.73,2627.9,24208.15
1233,2026-04-29 09:25:00,NIFTY,2026-05-12,24600.0,CE,628680,2795,1470430,15.31,144.65,24208.15
1234,2026-04-29 09:25:00,NIFTY,2026-05-12,24550.0,PE,6500,-65,15015,16.24,461.8,24208.15
1235,2026-04-29 09:25:00,NIFTY,2026-05-12,25900.0,CE,96135,0,294125,16.01,4.15,24208.15
1236,2026-04-29 09:25:00,NIFTY,2026-05-12,25850.0,PE,0,0,0,88.88,2579.2,24208.15
1237,2026-04-29 09:25:00,NIFTY,2026-05-12,25850.0,CE,19435,0,44265,15.94,4.8,24208.15
1238,2026-04-29 09:25:00,NIFTY,2026-05-12,25800.0,PE,0,0,0,88.02,2530.55,24208.15
1239,2026-04-29 09:25:00,NIFTY,2026-05-12,25800.0,CE,160095,1170,501020,15.91,5.65,24208.15
1240,2026-04-29 09:25:00,NIFTY,2026-05-05,24650.0,CE,1342185,-32045,27939795,14.88,47.5,24208.15
1241,2026-04-29 09:25:00,NIFTY,2026-05-05,24600.0,PE,247780,3510,2145715,15.64,430.0,24208.15
1242,2026-04-29 09:25:00,NIFTY,2026-05-12,25750.0,PE,65,0,65,,1425.5,24208.15
1243,2026-04-29 09:25:00,NIFTY,2026-05-12,25750.0,CE,40235,130,103935,15.85,6.55,24208.15
1244,2026-04-29 09:25:00,NIFTY,2026-05-12,25700.0,PE,65,0,0,45.23,1750.0,24208.15
1245,2026-04-29 09:25:00,NIFTY,2026-05-12,23000.0,PE,1013740,1820,2559895,19.92,30.85,24208.15
1246,2026-04-29 09:25:00,NIFTY,2026-05-12,23000.0,CE,13390,0,4550,16.77,1275.3,24208.15
1247,2026-04-29 09:25:00,NIFTY,2026-05-12,22950.0,PE,51480,-65,150410,20.08,28.0,24208.15
1248,2026-04-29 09:25:00,NIFTY,2026-05-05,24750.0,PE,31590,260,135200,16.38,558.0,24208.15
1249,2026-04-29 09:25:00,NIFTY,2026-05-12,22950.0,CE,65,0,0,,1251.8,24208.15
1250,2026-04-29 09:25:00,NIFTY,2026-05-05,24750.0,CE,1330420,8905,23839270,15.0,32.6,24208.15
1251,2026-04-29 09:25:00,NIFTY,2026-05-12,23100.0,PE,97305,0,489060,19.6,37.35,24208.15
1252,2026-04-29 09:25:00,NIFTY,2026-05-05,24700.0,PE,214240,-2925,1179815,16.17,514.65,24208.15
1253,2026-04-29 09:25:00,NIFTY,2026-05-12,23100.0,CE,845,0,455,29.87,1302.2,24208.15
1254,2026-04-29 09:25:00,NIFTY,2026-05-05,24700.0,CE,2488005,-7215,41764515,14.95,39.5,24208.15
1255,2026-04-29 09:25:00,NIFTY,2026-05-12,23050.0,PE,24895,0,121940,19.79,34.15,24208.15
1256,2026-04-29 09:25:00,NIFTY,2026-05-12,23050.0,CE,65,0,585,,1094.05,24208.15
1257,2026-04-29 09:25:00,NIFTY,2026-05-05,24650.0,PE,57395,-390,319735,15.92,471.9,24208.15
1258,2026-04-29 09:25:00,NIFTY,2026-05-12,23150.0,PE,25480,0,98410,19.42,40.95,24208.15
1259,2026-04-29 09:25:00,NIFTY,2026-05-12,23150.0,CE,130,0,130,,1028.3,24208.15
1260,2026-04-29 09:25:00,NIFTY,2026-05-05,22500.0,CE,15860,0,3120,28.08,1738.2,24208.15
1261,2026-04-29 09:25:00,NIFTY,2026-05-05,22450.0,PE,248625,-68510,1450150,25.95,2.85,24208.15
1262,2026-04-29 09:25:00,NIFTY,2026-05-05,22450.0,CE,130,0,65,,1678.75,24208.15
1263,2026-04-29 09:25:00,NIFTY,2026-05-05,22400.0,PE,793390,-520,5128695,26.43,2.7,24208.15
1264,2026-04-29 09:25:00,NIFTY,2026-05-12,22750.0,CE,0,0,0,,774.75,24208.15
1265,2026-04-29 09:25:00,NIFTY,2026-05-12,22700.0,PE,131625,-130,441155,21.01,17.8,24208.15
1266,2026-04-29 09:25:00,NIFTY,2026-05-12,22700.0,CE,65,0,65,,1422.25,24208.15
1267,2026-04-29 09:25:00,NIFTY,2026-05-05,23650.0,CE,47840,0,103610,16.13,612.35,24208.15
1268,2026-04-29 09:25:00,NIFTY,2026-05-05,23600.0,PE,2613780,-70785,24983660,17.4,30.6,24208.15
1269,2026-04-29 09:25:00,NIFTY,2026-05-05,24900.0,PE,177775,-65,154440,16.65,690.65,24208.15
1270,2026-04-29 09:25:00,NIFTY,2026-05-05,24900.0,CE,2664025,-7345,29677700,15.35,18.6,24208.15
1271,2026-04-29 09:25:00,NIFTY,2026-05-12,22850.0,CE,0,0,0,,711.05,24208.15
1272,2026-04-29 09:25:00,NIFTY,2026-05-05,23600.0,CE,94510,130,250185,15.82,655.1,24208.15
1273,2026-04-29 09:25:00,NIFTY,2026-05-05,23550.0,PE,811460,-13520,9038640,17.6,26.2,24208.15
1274,2026-04-29 09:25:00,NIFTY,2026-05-12,22800.0,PE,311090,1105,757120,20.58,21.05,24208.15
1275,2026-04-29 09:25:00,NIFTY,2026-05-12,22800.0,CE,4355,0,455,,1336.35,24208.15
1276,2026-04-29 09:25:00,NIFTY,2026-05-05,23550.0,CE,27820,260,44590,16.3,702.85,24208.15
1277,2026-04-29 09:25:00,NIFTY,2026-05-05,24850.0,PE,16770,0,55055,15.55,639.6,24208.15
1278,2026-04-29 09:25:00,NIFTY,2026-05-12,22750.0,PE,18980,0,67145,20.66,18.75,24208.15
1279,2026-04-29 09:25:00,NIFTY,2026-05-05,24850.0,CE,1284270,-975,18662410,15.23,22.5,24208.15
1280,2026-04-29 09:25:00,NIFTY,2026-05-05,23500.0,PE,3794700,24245,36735205,17.85,22.6,24208.15
1281,2026-04-29 09:25:00,NIFTY,2026-05-05,26500.0,PE,10660,0,2600,,2213.05,24208.15
1282,2026-04-29 09:25:00,NIFTY,2026-05-05,26550.0,PE,0,0,0,,3421.65,24208.15
1283,2026-04-29 09:25:00,NIFTY,2026-05-05,26500.0,CE,405860,8775,1225510,24.42,0.5,24208.15
1284,2026-04-29 09:25:00,NIFTY,2026-05-05,23500.0,CE,500435,-325,622245,15.58,746.0,24208.15
1285,2026-04-29 09:25:00,NIFTY,2026-05-05,23450.0,PE,731250,17095,9471150,18.09,19.45,24208.15
1286,2026-04-29 09:25:00,NIFTY,2026-05-05,26550.0,CE,165360,0,589745,25.31,0.6,24208.15
1287,2026-04-29 09:25:00,NIFTY,2026-05-12,22900.0,PE,158015,390,426465,20.24,25.45,24208.15
1288,2026-04-29 09:25:00,NIFTY,2026-05-05,23450.0,CE,17745,0,27235,16.66,796.8,24208.15
1289,2026-04-29 09:25:00,NIFTY,2026-05-12,22900.0,CE,0,0,0,,680.35,24208.15
1290,2026-04-29 09:25:00,NIFTY,2026-05-05,23400.0,PE,1661075,-22945,17237740,18.35,16.85,24208.15
1291,2026-04-29 09:25:00,NIFTY,2026-05-12,22850.0,PE,37245,-520,121680,20.41,23.15,24208.15
1292,2026-04-29 09:25:00,NIFTY,2026-05-05,24800.0,PE,229645,1235,636805,16.43,601.05,24208.15
1293,2026-04-29 09:25:00,NIFTY,2026-05-05,24800.0,CE,3656120,34450,41802020,15.11,27.05,24208.15
1294,2026-04-29 09:25:00,NIFTY,2026-05-12,24450.0,PE,18525,0,67600,16.29,399.85,24208.15
1295,2026-04-29 09:25:00,NIFTY,2026-05-12,24450.0,CE,50440,455,225420,15.52,200.8,24208.15
1296,2026-04-29 09:25:00,NIFTY,2026-05-12,22600.0,PE,102310,780,356135,21.57,15.55,24208.15
1297,2026-04-29 09:25:00,NIFTY,2026-05-05,25150.0,CE,1027650,3510,10568480,16.25,7.7,24208.15
1298,2026-04-29 09:25:00,NIFTY,2026-05-12,22600.0,CE,0,0,0,,876.1,24208.15
1299,2026-04-29 09:25:00,NIFTY,2026-05-05,25100.0,PE,11700,0,18200,,865.0,24208.15
1300,2026-04-29 09:25:00,NIFTY,2026-05-12,24500.0,PE,225290,-3770,535405,16.31,430.9,24208.15
1301,2026-04-29 09:25:00,NIFTY,2026-05-12,24500.0,CE,688350,3055,2109055,15.48,181.35,24208.15
1302,2026-04-29 09:25:00,NIFTY,2026-05-05,25100.0,CE,3179020,-16250,23753080,16.02,9.05,24208.15
1303,2026-04-29 09:25:00,NIFTY,2026-05-05,25050.0,PE,2600,0,10595,16.16,827.0,24208.15
1304,2026-04-29 09:25:00,NIFTY,2026-05-12,22650.0,PE,17355,0,53495,21.31,16.7,24208.15
1305,2026-04-29 09:25:00,NIFTY,2026-05-05,25050.0,CE,894335,0,11042135,15.87,10.9,24208.15
1306,2026-04-29 09:25:00,NIFTY,2026-05-12,22650.0,CE,0,0,0,,841.6,24208.15
1307,2026-04-29 09:25:00,NIFTY,2026-05-05,25000.0,PE,569270,-390,724750,17.75,787.2,24208.15
1308,2026-04-29 09:25:00,NIFTY,2026-05-05,23700.0,CE,180570,3705,814580,15.79,566.7,24208.15
1309,2026-04-29 09:25:00,NIFTY,2026-05-05,25000.0,CE,7159945,-32825,64763205,15.69,13.0,24208.15
1310,2026-04-29 09:25:00,NIFTY,2026-05-05,24950.0,PE,4940,260,14235,17.03,737.95,24208.15
1311,2026-04-29 09:25:00,NIFTY,2026-05-05,23650.0,PE,782275,20020,11872250,17.22,35.9,24208.15
1312,2026-04-29 09:25:00,NIFTY,2026-05-05,24950.0,CE,1047800,-1040,22138935,15.52,15.55,24208.15
1313,2026-04-29 09:25:00,NIFTY,2026-05-12,22450.0,CE,0,0,0,,985.1,24208.15
1314,2026-04-29 09:25:00,NIFTY,2026-05-12,24350.0,PE,58045,0,234780,16.4,344.1,24208.15
1315,2026-04-29 09:25:00,NIFTY,2026-05-12,22550.0,CE,0,0,0,,911.35,24208.15
1316,2026-04-29 09:25:00,NIFTY,2026-05-05,23800.0,CE,466310,65,2000115,15.83,483.3,24208.15
1317,2026-04-29 09:25:00,NIFTY,2026-05-12,22500.0,PE,684450,3380,1050660,22.05,13.35,24208.15
1318,2026-04-29 09:25:00,NIFTY,2026-05-05,25300.0,PE,4810,0,3835,18.95,1074.05,24208.15
1319,2026-04-29 09:25:00,NIFTY,2026-05-12,24350.0,CE,97305,390,403585,15.69,245.8,24208.15
1320,2026-04-29 09:25:00,NIFTY,2026-05-05,23750.0,PE,935090,23205,14911065,16.84,48.75,24208.15
1321,2026-04-29 09:25:00,NIFTY,2026-05-05,25850.0,PE,195,0,0,40.59,1681.4,24208.15
1322,2026-04-29 09:25:00,NIFTY,2026-05-12,22500.0,CE,715,0,1365,33.05,1840.0,24208.15
1323,2026-04-29 09:25:00,NIFTY,2026-05-12,22450.0,PE,17615,65,45110,22.35,12.6,24208.15
1324,2026-04-29 09:25:00,NIFTY,2026-05-05,25300.0,CE,3566160,30550,26605215,16.86,4.65,24208.15
1325,2026-04-29 09:25:00,NIFTY,2026-05-12,24400.0,PE,186680,0,519740,16.54,374.85,24208.15
1326,2026-04-29 09:25:00,NIFTY,2026-05-12,24400.0,CE,279435,-2210,1146275,15.54,221.45,24208.15
1327,2026-04-29 09:25:00,NIFTY,2026-05-05,25250.0,PE,2730,0,2665,18.28,1024.2,24208.15
1328,2026-04-29 09:25:00,NIFTY,2026-05-05,23750.0,CE,66885,65,241995,15.63,523.0,24208.15
1329,2026-04-29 09:25:00,NIFTY,2026-05-05,25250.0,CE,770640,-6305,9255870,16.66,5.5,24208.15
1330,2026-04-29 09:25:00,NIFTY,2026-05-05,22800.0,CE,8905,0,845,27.88,1447.6,24208.15
1331,2026-04-29 09:25:00,NIFTY,2026-05-12,22550.0,PE,21255,0,60710,21.72,14.1,24208.15
1332,2026-04-29 09:25:00,NIFTY,2026-05-05,23700.0,PE,2428205,8320,32353620,17.01,41.7,24208.15
1333,2026-04-29 09:25:00,NIFTY,2026-05-05,25200.0,PE,73775,65,38090,17.83,975.0,24208.15
1334,2026-04-29 09:25:00,NIFTY,2026-05-05,22750.0,PE,393835,-4160,1997580,23.19,4.2,24208.15
1335,2026-04-29 09:25:00,NIFTY,2026-05-05,25200.0,CE,3426215,-8320,23053095,16.41,6.4,24208.15
1336,2026-04-29 09:25:00,NIFTY,2026-05-05,25150.0,PE,390,0,390,21.38,942.45,24208.15
1337,2026-04-29 09:25:00,NIFTY,2026-05-12,25650.0,PE,0,0,0,85.45,2385.25,24208.15
1338,2026-04-29 09:25:00,NIFTY,2026-05-05,21900.0,PE,305110,-520,1148550,31.94,2.05,24208.15
1339,2026-04-29 09:25:00,NIFTY,2026-05-12,25650.0,CE,39390,65,94640,15.64,8.5,24208.15
1340,2026-04-29 09:25:00,NIFTY,2026-05-05,22550.0,PE,173615,-2990,1155180,25.06,3.25,24208.15
1341,2026-04-29 09:25:00,NIFTY,2026-05-12,24250.0,CE,114335,2405,440765,15.84,295.8,24208.15
1342,2026-04-29 09:25:00,NIFTY,2026-05-05,21900.0,CE,0,0,0,,1300.85,24208.15
1343,2026-04-29 09:25:00,NIFTY,2026-05-12,22350.0,CE,0,0,0,,1059.6,24208.15
1344,2026-04-29 09:25:00,NIFTY,2026-05-05,21850.0,PE,42380,-455,166855,32.39,1.95,24208.15
1345,2026-04-29 09:25:00,NIFTY,2026-05-12,22300.0,PE,219570,4810,410020,23.22,10.5,24208.15
1346,2026-04-29 09:25:00,NIFTY,2026-05-05,25550.0,PE,650,0,260,,1181.75,24208.15
1347,2026-04-29 09:25:00,NIFTY,2026-05-05,21850.0,CE,0,0,0,,1342.1,24208.15
1348,2026-04-29 09:25:00,NIFTY,2026-05-12,22300.0,CE,0,0,0,,1098.3,24208.15
1349,2026-04-29 09:25:00,NIFTY,2026-05-05,25550.0,CE,622050,7215,4041440,17.71,1.9,24208.15
1350,2026-04-29 09:25:00,NIFTY,2026-05-05,26000.0,PE,177450,520,30745,30.21,1777.4,24208.15
1351,2026-04-29 09:25:00,NIFTY,2026-05-05,22550.0,CE,130,0,260,52.48,1796.5,24208.15
1352,2026-04-29 09:25:00,NIFTY,2026-05-05,22500.0,PE,4107740,-64610,13164970,25.57,3.1,24208.15
1353,2026-04-29 09:25:00,NIFTY,2026-05-12,24300.0,CE,427765,2600,1491685,15.71,269.0,24208.15
1354,2026-04-29 09:25:00,NIFTY,2026-05-05,25500.0,PE,317525,0,57135,,1255.0,24208.15
1355,2026-04-29 09:25:00,NIFTY,2026-05-12,22400.0,PE,98540,1040,183495,22.59,11.7,24208.15
1356,2026-04-29 09:25:00,NIFTY,2026-05-05,26000.0,CE,5178615,8645,13002340,20.49,0.75,24208.15
1357,2026-04-29 09:25:00,NIFTY,2026-05-12,22400.0,CE,0,0,0,,1021.6,24208.15
1358,2026-04-29 09:25:00,NIFTY,2026-05-12,25700.0,CE,142350,780,342420,15.72,7.4,24208.15
1359,2026-04-29 09:25:00,NIFTY,2026-05-12,24250.0,PE,118755,2470,435630,16.69,296.95,24208.15
1360,2026-04-29 09:25:00,NIFTY,2026-05-05,23950.0,CE,155155,-1950,3041740,15.32,363.4,24208.15
1361,2026-04-29 09:25:00,NIFTY,2026-05-05,25500.0,CE,4921800,12025,25270765,17.62,2.35,24208.15
1362,2026-04-29 09:25:00,NIFTY,2026-05-05,25950.0,PE,0,0,0,144.6,2832.5,24208.15
1363,2026-04-29 09:25:00,NIFTY,2026-05-05,23900.0,PE,2910635,-975,42650465,16.37,76.9,24208.15
1364,2026-04-29 09:25:00,NIFTY,2026-05-05,25450.0,PE,975,0,130,24.26,1233.75,24208.15
1365,2026-04-29 09:25:00,NIFTY,2026-05-12,22350.0,PE,9425,-130,21970,22.93,11.15,24208.15
1366,2026-04-29 09:25:00,NIFTY,2026-05-05,25950.0,CE,316485,585,869310,19.98,0.75,24208.15
1367,2026-04-29 09:25:00,NIFTY,2026-05-05,23900.0,CE,567190,5980,5039060,15.37,400.85,24208.15
1368,2026-04-29 09:25:00,NIFTY,2026-05-05,25450.0,CE,867425,101335,7326085,17.57,2.95,24208.15
1369,2026-04-29 09:25:00,NIFTY,2026-05-05,25900.0,PE,455,0,0,41.23,1730.0,24208.15
1370,2026-04-29 09:25:00,NIFTY,2026-05-05,25400.0,PE,3250,0,1560,23.81,1185.0,24208.15
1371,2026-04-29 09:25:00,NIFTY,2026-05-05,23850.0,PE,1083875,-2470,19719180,16.52,66.25,24208.15
1372,2026-04-29 09:25:00,NIFTY,2026-05-05,23850.0,CE,89830,-2080,733070,15.75,442.85,24208.15
1373,2026-04-29 09:25:00,NIFTY,2026-05-05,25400.0,CE,2318680,-22945,18779605,17.32,3.4,24208.15
1374,2026-04-29 09:25:00,NIFTY,2026-05-05,23800.0,PE,3322605,-11310,43405180,16.69,57.0,24208.15
1375,2026-04-29 09:25:00,NIFTY,2026-05-05,25350.0,PE,1105,0,4030,,1113.8,24208.15
1376,2026-04-29 09:25:00,NIFTY,2026-05-12,24300.0,PE,421265,-585,1318980,16.56,320.25,24208.15
1377,2026-04-29 09:25:00,NIFTY,2026-05-05,25350.0,CE,816205,-4030,8327345,17.07,3.95,24208.15
1378,2026-04-29 09:25:00,NIFTY,2026-05-05,25900.0,CE,1325610,0,2335450,19.61,0.8,24208.15
1379,2026-04-29 09:25:00,NIFTY,2026-05-05,21800.0,PE,569140,0,1391910,33.12,2.0,24208.15
1380,2026-04-29 09:25:00,NIFTY,2026-05-05,22100.0,PE,376025,1365,1718275,29.78,2.3,24208.15
1381,2026-04-29 09:25:00,NIFTY,2026-05-12,25500.0,CE,557310,2080,2073370,15.42,13.0,24208.15
1382,2026-04-29 09:25:00,NIFTY,2026-05-05,22100.0,CE,715,0,0,,2077.3,24208.15
1383,2026-04-29 09:25:00,NIFTY,2026-05-05,22050.0,PE,33930,-65,64480,30.18,2.15,24208.15
1384,2026-04-29 09:25:00,NIFTY,2026-05-05,22050.0,CE,0,0,0,,1180.2,24208.15
1385,2026-04-29 09:25:00,NIFTY,2026-05-12,22100.0,PE,79235,65,152360,24.31,8.15,24208.15
1386,2026-04-29 09:25:00,NIFTY,2026-05-05,22000.0,PE,3888300,42120,8025030,30.74,2.1,24208.15
1387,2026-04-29 09:25:00,NIFTY,2026-05-12,24200.0,PE,547690,0,1818440,16.69,272.85,24208.15
1388,2026-04-29 09:25:00,NIFTY,2026-05-12,25500.0,PE,22945,325,21320,17.83,1258.7,24208.15
1389,2026-04-29 09:25:00,NIFTY,2026-05-05,22000.0,CE,27235,0,5525,3.3,2220.0,24208.15
1390,2026-04-29 09:25:00,NIFTY,2026-05-12,24200.0,CE,906685,715,1760850,15.88,322.2,24208.15
1391,2026-04-29 09:25:00,NIFTY,2026-05-12,22100.0,CE,0,0,0,,1259.0,24208.15
1392,2026-04-29 09:25:00,NIFTY,2026-05-12,22050.0,PE,18395,0,31720,24.57,7.65,24208.15
1393,2026-04-29 09:25:00,NIFTY,2026-05-12,24150.0,PE,87945,-1950,399555,16.77,251.3,24208.15
1394,2026-04-29 09:25:00,NIFTY,2026-05-05,25700.0,CE,1559350,30290,6697015,18.54,1.3,24208.15
1395,2026-04-29 09:25:00,NIFTY,2026-05-12,24150.0,CE,51285,-65,253175,15.56,343.5,24208.15
1396,2026-04-29 09:25:00,NIFTY,2026-05-05,21950.0,PE,15015,65,82550,31.38,2.1,24208.15
1397,2026-04-29 09:25:00,NIFTY,2026-05-05,26050.0,PE,0,0,0,147.1,2930.2,24208.15
1398,2026-04-29 09:25:00,NIFTY,2026-05-12,22200.0,PE,49140,2145,97955,23.75,9.2,24208.15
1399,2026-04-29 09:25:00,NIFTY,2026-05-12,25600.0,CE,184665,3445,552240,15.59,9.9,24208.15
1400,2026-04-29 09:25:00,NIFTY,2026-05-05,22600.0,PE,1046240,-5590,4949555,24.53,3.4,24208.15
1401,2026-04-29 09:25:00,NIFTY,2026-05-05,24000.0,CE,2419495,6565,35484280,15.41,329.25,24208.15
1402,2026-04-29 09:25:00,NIFTY,2026-05-05,22600.0,CE,650,0,195,6.47,1632.1,24208.15
1403,2026-04-29 09:25:00,NIFTY,2026-05-05,23950.0,PE,1250080,-130,20401290,16.22,89.0,24208.15
1404,2026-04-29 09:25:00,NIFTY,2026-05-12,22200.0,CE,0,0,0,,1177.45,24208.15
1405,2026-04-29 09:25:00,NIFTY,2026-05-12,25550.0,PE,0,0,0,83.74,2289.0,24208.15
1406,2026-04-29 09:25:00,NIFTY,2026-05-12,22150.0,PE,16185,0,14885,24.05,8.7,24208.15
1407,2026-04-29 09:25:00,NIFTY,2026-05-12,25550.0,CE,44590,260,116090,15.47,11.2,24208.15
1408,2026-04-29 09:25:00,NIFTY,2026-05-05,25650.0,PE,1560,0,780,30.44,1446.0,24208.15
1409,2026-04-29 09:25:00,NIFTY,2026-05-12,22150.0,CE,0,0,0,,1217.95,24208.15
1410,2026-04-29 09:25:00,NIFTY,2026-05-12,22250.0,PE,8320,-130,7605,23.46,9.75,24208.15
1411,2026-04-29 09:25:00,NIFTY,2026-05-05,22850.0,CE,260,0,65,,1233.95,24208.15
1412,2026-04-29 09:25:00,NIFTY,2026-05-05,25650.0,CE,424320,0,1748630,18.16,1.4,24208.15
1413,2026-04-29 09:25:00,NIFTY,2026-05-05,22800.0,PE,2626585,-8970,12375740,22.68,4.45,24208.15
1414,2026-04-29 09:25:00,NIFTY,2026-05-12,25600.0,PE,0,0,65,,1200.0,24208.15
1415,2026-04-29 09:25:00,NIFTY,2026-05-05,25600.0,PE,4745,0,3250,,1361.8,24208.15
1416,2026-04-29 09:25:00,NIFTY,2026-05-12,22250.0,CE,0,0,0,,1137.6,24208.15
1417,2026-04-29 09:25:00,NIFTY,2026-05-05,25600.0,CE,2366455,-1430,8904025,17.96,1.65,24208.15
1418,2026-04-29 09:25:00,NIFTY,2026-05-05,26050.0,CE,583505,1170,718575,20.68,0.65,24208.15
1419,2026-04-29 09:25:00,NIFTY,2026-05-05,21950.0,CE,0,0,0,,1260.05,24208.15
1420,2026-04-29 09:25:00,NIFTY,2026-05-05,22250.0,CE,1300,0,520,31.32,1987.5,24208.15
1421,2026-04-29 09:25:00,NIFTY,2026-05-05,22200.0,PE,716885,-260,2685540,28.56,2.35,24208.15
1422,2026-04-29 09:25:00,NIFTY,2026-05-05,22700.0,CE,5070,0,1300,3.42,1523.2,24208.15
1423,2026-04-29 09:25:00,NIFTY,2026-05-05,22200.0,CE,1040,0,130,30.72,2036.0,24208.15
1424,2026-04-29 09:25:00,NIFTY,2026-05-05,22650.0,PE,269295,-8840,1681290,24.05,3.6,24208.15
1425,2026-04-29 09:25:00,NIFTY,2026-05-05,22150.0,PE,145600,0,616720,29.06,2.25,24208.15
1426,2026-04-29 09:25:00,NIFTY,2026-05-12,21900.0,CE,0,0,0,,1428.35,24208.15
1427,2026-04-29 09:25:00,NIFTY,2026-05-12,21850.0,PE,8775,0,8970,25.5,5.75,24208.15
1428,2026-04-29 09:25:00,NIFTY,2026-05-12,25450.0,PE,0,0,0,82.02,2193.3,24208.15
1429,2026-04-29 09:25:00,NIFTY,2026-05-05,22650.0,CE,260,0,65,24.46,1586.4,24208.15
1430,2026-04-29 09:25:00,NIFTY,2026-05-12,25450.0,CE,38870,325,120900,15.41,15.2,24208.15
1431,2026-04-29 09:25:00,NIFTY,2026-05-05,25750.0,PE,0,0,0,139.56,2638.0,24208.15
1432,2026-04-29 09:25:00,NIFTY,2026-05-12,24050.0,CE,35945,-130,201240,16.02,410.0,24208.15
1433,2026-04-29 09:25:00,NIFTY,2026-05-12,24000.0,PE,1034540,-780,2903355,16.95,193.3,24208.15
1434,2026-04-29 09:25:00,NIFTY,2026-05-05,24100.0,CE,2316990,120900,78629720,15.28,263.1,24208.15
1435,2026-04-29 09:25:00,NIFTY,2026-05-05,26150.0,PE,0,0,0,149.58,3028.15,24208.15
1436,2026-04-29 09:25:00,NIFTY,2026-05-05,24050.0,PE,1948700,-1885,37734840,16.0,118.9,24208.15
1437,2026-04-29 09:25:00,NIFTY,2026-05-12,24000.0,CE,287235,-1235,1000480,16.16,443.35,24208.15
1438,2026-04-29 09:25:00,NIFTY,2026-05-12,21950.0,CE,0,0,0,,1385.3,24208.15
1439,2026-04-29 09:25:00,NIFTY,2026-05-05,26150.0,CE,127465,0,407030,21.66,0.65,24208.15
1440,2026-04-29 09:25:00,NIFTY,2026-05-12,21900.0,PE,27755,-65,39780,25.57,6.7,24208.15
1441,2026-04-29 09:25:00,NIFTY,2026-05-05,24050.0,CE,589875,-325,16369145,15.35,295.3,24208.15
1442,2026-04-29 09:25:00,NIFTY,2026-05-12,22050.0,CE,0,0,0,,1300.6,24208.15
1443,2026-04-29 09:25:00,NIFTY,2026-05-05,24000.0,PE,7842900,-13325,97141135,16.09,102.95,24208.15
1444,2026-04-29 09:25:00,NIFTY,2026-05-12,24100.0,PE,270010,-1820,1415830,16.86,231.3,24208.15
1445,2026-04-29 09:25:00,NIFTY,2026-05-12,22000.0,PE,414570,7995,940420,24.92,7.35,24208.15
1446,2026-04-29 09:25:00,NIFTY,2026-05-12,22000.0,CE,1300,0,1300,37.36,2320.0,24208.15
1447,2026-04-29 09:25:00,NIFTY,2026-05-12,24100.0,CE,295750,-1235,1038960,16.02,380.2,24208.15
1448,2026-04-29 09:25:00,NIFTY,2026-05-12,21950.0,PE,14170,0,16185,25.16,6.85,24208.15
1449,2026-04-29 09:25:00,NIFTY,2026-05-12,24050.0,PE,61620,-65,379470,17.01,213.4,24208.15
1450,2026-04-29 09:25:00,NIFTY,2026-05-05,25750.0,CE,470275,0,1984125,18.72,1.1,24208.15
1451,2026-04-29 09:25:00,NIFTY,2026-05-05,26100.0,PE,715,0,0,64.07,2070.0,24208.15
1452,2026-04-29 09:25:00,NIFTY,2026-05-05,26100.0,CE,1674270,0,2870010,21.01,0.6,24208.15
1453,2026-04-29 09:25:00,NIFTY,2026-05-05,25700.0,PE,1755,0,1625,,1410.0,24208.15
1454,2026-04-29 09:25:00,NIFTY,2026-05-12,21850.0,CE,0,0,0,,1471.9,24208.15
1455,2026-04-29 09:25:00,NIFTY,2026-05-05,22150.0,CE,65,0,0,,1975.2,24208.15
1456,2026-04-29 09:25:00,NIFTY,2026-05-12,25300.0,CE,263380,4680,664625,15.25,23.2,24208.15
1457,2026-04-29 09:25:00,NIFTY,2026-05-12,23750.0,PE,51090,130,197535,17.69,125.9,24208.15
1458,2026-04-29 09:25:00,NIFTY,2026-05-12,23750.0,CE,455,0,1755,22.45,712.05,24208.15
1459,2026-04-29 09:25:00,NIFTY,2026-05-12,25250.0,PE,0,0,0,78.58,2003.95,24208.15
1460,2026-04-29 09:25:00,NIFTY,2026-05-05,22400.0,CE,1300,0,195,53.32,1930.6,24208.15
1461,2026-04-29 09:25:00,NIFTY,2026-05-12,25250.0,CE,101855,260,255515,15.24,26.95,24208.15
1462,2026-04-29 09:25:00,NIFTY,2026-05-05,22350.0,PE,167050,0,1030510,26.95,2.6,24208.15
1463,2026-04-29 09:25:00,NIFTY,2026-05-12,26550.0,PE,0,0,0,100.54,3267.0,24208.15
1464,2026-04-29 09:25:00,NIFTY,2026-05-05,22350.0,CE,65,0,130,49.98,1955.35,24208.15
1465,2026-04-29 09:25:00,NIFTY,2026-05-12,25400.0,CE,228345,455,741650,15.31,17.3,24208.15
1466,2026-04-29 09:25:00,NIFTY,2026-05-05,24250.0,CE,2304445,-29510,68474510,14.99,177.85,24208.15
1467,2026-04-29 09:25:00,NIFTY,2026-05-12,23850.0,PE,78325,65,252590,17.36,149.45,24208.15
1468,2026-04-29 09:25:00,NIFTY,2026-05-05,22300.0,PE,852215,2665,3376360,27.41,2.45,24208.15
1469,2026-04-29 09:25:00,NIFTY,2026-05-05,22750.0,CE,1495,0,845,23.86,1487.55,24208.15
1470,2026-04-29 09:25:00,NIFTY,2026-05-05,22700.0,PE,1372345,-65,7097350,23.54,3.8,24208.15
1471,2026-04-29 09:25:00,NIFTY,2026-05-12,23850.0,CE,4420,0,8255,17.07,558.2,24208.15
1472,2026-04-29 09:25:00,NIFTY,2026-05-05,22300.0,CE,195,0,0,,1840.0,24208.15
1473,2026-04-29 09:25:00,NIFTY,2026-05-05,25850.0,CE,322855,-975,1378325,19.34,0.9,24208.15
1474,2026-04-29 09:25:00,NIFTY,2026-05-12,25350.0,PE,0,0,0,80.3,2098.25,24208.15
1475,2026-04-29 09:25:00,NIFTY,2026-05-05,24200.0,PE,6848790,87490,110422975,15.7,177.75,24208.15
1476,2026-04-29 09:25:00,NIFTY,2026-05-12,25350.0,CE,44655,-455,137865,15.28,20.05,24208.15
1477,2026-04-29 09:25:00,NIFTY,2026-05-12,23800.0,PE,266110,9360,950170,17.54,137.4,24208.15
1478,2026-04-29 09:25:00,NIFTY,2026-05-05,24200.0,CE,4942145,32435,108288375,15.1,204.3,24208.15
1479,2026-04-29 09:25:00,NIFTY,2026-05-05,25800.0,PE,1235,0,0,55.66,1750.8,24208.15
1480,2026-04-29 09:25:00,NIFTY,2026-05-05,24150.0,PE,2163785,-7085,49915840,15.79,156.05,24208.15
1481,2026-04-29 09:25:00,NIFTY,2026-05-12,23800.0,CE,75140,650,79560,16.28,581.7,24208.15
1482,2026-04-29 09:25:00,NIFTY,2026-05-12,25300.0,PE,390,0,585,14.79,1053.7,24208.15
1483,2026-04-29 09:25:00,NIFTY,2026-05-05,24150.0,CE,1068795,15925,45465745,15.13,231.95,24208.15
1484,2026-04-29 09:25:00,NIFTY,2026-05-12,23950.0,PE,49725,260,157885,17.26,180.4,24208.15
1485,2026-04-29 09:25:00,NIFTY,2026-05-12,21800.0,PE,19890,0,7995,26.01,5.8,24208.15
1486,2026-04-29 09:25:00,NIFTY,2026-05-12,23950.0,CE,12545,-130,46345,16.07,474.2,24208.15
1487,2026-04-29 09:25:00,NIFTY,2026-05-05,24100.0,PE,5224115,-25415,103129910,15.86,136.15,24208.15
1488,2026-04-29 09:25:00,NIFTY,2026-05-12,25400.0,PE,3575,0,910,16.91,1160.0,24208.15
1489,2026-04-29 09:25:00,NIFTY,2026-05-12,23900.0,PE,152035,260,598650,17.32,164.6,24208.15
1490,2026-04-29 09:25:00,NIFTY,2026-05-12,23900.0,CE,77805,-260,136825,16.03,507.2,24208.15
1491,2026-04-29 09:25:00,NIFTY,2026-05-12,21800.0,CE,0,0,0,,1515.85,24208.15
1492,2026-04-29 09:25:00,NIFTY,2026-05-05,25800.0,CE,3109990,-34645,12127310,18.94,0.95,24208.15
1493,2026-04-29 09:25:00,NIFTY,2026-05-12,23700.0,PE,561080,-325,1117155,17.82,115.0,24208.15
1494,2026-04-29 09:25:00,NIFTY,2026-05-05,22250.0,PE,118300,1300,570115,27.99,2.4,24208.15
1495,2026-04-29 09:25:00,NIFTY,2026-05-12,23550.0,CE,715,0,2340,24.16,880.0,24208.15
1496,2026-04-29 09:25:00,NIFTY,2026-05-12,23600.0,CE,6630,0,10075,16.74,741.45,24208.15
1497,2026-04-29 09:25:00,NIFTY,2026-05-12,25200.0,CE,286260,1170,911105,15.22,31.1,24208.15
1498,2026-04-29 09:25:00,NIFTY,2026-05-05,24450.0,CE,1430780,-19305,32747650,14.81,96.1,24208.15
1499,2026-04-29 09:25:00,NIFTY,2026-05-12,26500.0,CE,124605,0,109980,18.25,1.45,24208.15
1500,2026-04-29 09:25:00,NIFTY,2026-05-12,25150.0,PE,65,0,0,,695.05,24208.15
1501,2026-04-29 09:25:00,NIFTY,2026-05-05,24400.0,PE,1626300,-19110,25964445,15.54,287.2,24208.15
1502,2026-04-29 09:25:00,NIFTY,2026-05-12,23550.0,PE,30160,-65,129155,18.32,88.35,24208.15
1503,2026-04-29 09:25:00,NIFTY,2026-05-12,25150.0,CE,80145,-1495,376090,15.19,35.65,24208.15
1504,2026-04-29 09:25:00,NIFTY,2026-05-12,23700.0,CE,12610,0,52845,16.77,663.4,24208.15
1505,2026-04-29 09:25:00,NIFTY,2026-05-12,25200.0,PE,2470,0,2275,18.06,990.15,24208.15
1506,2026-04-29 09:25:00,NIFTY,2026-05-12,23650.0,PE,36140,910,112840,17.97,105.15,24208.15
1507,2026-04-29 09:25:00,NIFTY,2026-05-12,26550.0,CE,57265,-260,81835,18.45,1.35,24208.15
1508,2026-04-29 09:25:00,NIFTY,2026-05-05,24400.0,CE,4365920,-51805,75083840,14.83,113.1,24208.15
1509,2026-04-29 09:25:00,NIFTY,2026-05-12,23650.0,CE,1170,-65,2600,16.34,696.55,24208.15
1510,2026-04-29 09:25:00,NIFTY,2026-05-05,24350.0,PE,854685,-24895,28659800,15.49,255.7,24208.15
1511,2026-04-29 09:25:00,NIFTY,2026-05-12,26500.0,PE,0,0,0,99.73,3217.6,24208.15
1512,2026-04-29 09:25:00,NIFTY,2026-05-12,23600.0,PE,213135,-390,654160,18.09,95.75,24208.15
1513,2026-04-29 09:25:00,NIFTY,2026-05-05,24350.0,CE,2056990,-69680,58087640,14.87,132.35,24208.15
1514,2026-04-29 09:25:00,NIFTY,2026-05-05,24300.0,PE,4010630,-88335,110478355,15.53,227.3,24208.15
1515,2026-04-29 09:25:00,NIFTY,2026-05-05,24300.0,CE,6305325,-55965,129072385,14.94,154.2,24208.15
1516,2026-04-29 09:25:00,NIFTY,2026-05-05,24250.0,PE,1936155,-46215,66380080,15.61,201.45,24208.15
1517,2026-04-29 09:25:00,NIFTY,2026-05-12,23500.0,PE,620490,1170,1922245,18.34,79.1,24208.15
1518,2026-04-29 09:25:00,NIFTY,2026-05-12,25100.0,PE,1560,0,1300,,741.7,24208.15
1519,2026-04-29 09:25:00,NIFTY,2026-05-12,26400.0,PE,0,0,0,98.09,3118.85,24208.15
1520,2026-04-29 09:25:00,NIFTY,2026-05-12,26400.0,CE,17550,0,14625,17.93,1.75,24208.15
1521,2026-04-29 09:25:00,NIFTY,2026-05-12,23400.0,PE,218595,715,670410,18.71,66.4,24208.15
1522,2026-04-29 09:25:00,NIFTY,2026-05-12,23400.0,CE,1690,0,1625,17.36,914.95,24208.15
1523,2026-04-29 09:25:00,NIFTY,2026-05-12,26450.0,PE,0,0,0,98.91,3168.2,24208.15
1524,2026-04-29 09:25:00,NIFTY,2026-05-12,26450.0,CE,1625,0,5070,17.76,1.35,24208.15
1525,2026-04-29 09:25:00,NIFTY,2026-05-12,25100.0,CE,334425,0,1306630,15.19,41.1,24208.15
1526,2026-04-29 09:25:00,NIFTY,2026-05-12,23500.0,CE,48555,0,33995,18.37,842.0,24208.15
1527,2026-04-29 09:25:00,NIFTY,2026-05-12,25050.0,PE,65,0,0,,635.55,24208.15
1528,2026-04-29 09:25:00,NIFTY,2026-05-12,23450.0,PE,29315,130,95160,18.56,72.9,24208.15
1529,2026-04-29 09:25:00,NIFTY,2026-05-12,25050.0,CE,50310,975,337675,15.16,47.0,24208.15
1530,2026-04-29 09:25:00,NIFTY,2026-05-05,24550.0,CE,1449240,-9230,33198360,14.8,68.05,24208.15
1531,2026-04-29 09:25:00,NIFTY,2026-05-12,23450.0,CE,780,0,325,26.12,982.15,24208.15
1532,2026-04-29 09:25:00,NIFTY,2026-05-05,24500.0,PE,1141530,-30550,15177500,15.45,353.7,24208.15
1533,2026-04-29 09:25:00,NIFTY,2026-05-05,24500.0,CE,7710235,-8710,104101140,14.77,80.75,24208.15
1534,2026-04-29 09:25:00,NIFTY,2026-05-12,26350.0,PE,0,0,0,97.27,3069.55,24208.15
1535,2026-04-29 09:25:00,NIFTY,2026-05-12,23350.0,PE,47580,0,129415,18.86,60.4,24208.15
1536,2026-04-29 09:25:00,NIFTY,2026-05-05,24450.0,PE,249145,1430,4349865,15.44,318.85,24208.15
1537,2026-04-29 09:30:00,NIFTY,2026-05-12,23300.0,CE,2275,0,1625,17.02,980.9,24187.35
1538,2026-04-29 09:30:00,NIFTY,2026-05-12,25000.0,PE,147485,0,82160,15.89,813.4,24187.35
1539,2026-04-29 09:30:00,NIFTY,2026-05-12,25000.0,CE,830570,3640,2874690,15.19,51.0,24187.35
1540,2026-04-29 09:30:00,NIFTY,2026-05-12,23250.0,PE,57915,-715,176280,18.97,50.75,24187.35
1541,2026-04-29 09:30:00,NIFTY,2026-05-12,23250.0,CE,585,0,260,29.93,1169.35,24187.35
1542,2026-04-29 09:30:00,NIFTY,2026-05-12,24950.0,PE,65,0,455,,677.0,24187.35
1543,2026-04-29 09:30:00,NIFTY,2026-05-05,23000.0,PE,5444855,21840,26255320,20.87,6.6,24187.35
1544,2026-04-29 09:30:00,NIFTY,2026-05-12,24950.0,CE,42640,-130,161655,15.1,57.35,24187.35
1545,2026-04-29 09:30:00,NIFTY,2026-05-05,24600.0,CE,2816060,325,51899770,14.73,51.6,24187.35
1546,2026-04-29 09:30:00,NIFTY,2026-05-12,23350.0,CE,65,0,0,17.85,944.6,24187.35
1547,2026-04-29 09:30:00,NIFTY,2026-05-05,24550.0,PE,103285,-390,1599780,15.79,409.05,24187.35
1548,2026-04-29 09:30:00,NIFTY,2026-05-12,26350.0,CE,6760,0,6695,17.96,1.95,24187.35
1549,2026-04-29 09:30:00,NIFTY,2026-05-05,23000.0,CE,203645,260,92040,,1199.3,24187.35
1550,2026-04-29 09:30:00,NIFTY,2026-05-05,22950.0,PE,459745,-520,3086265,21.22,5.9,24187.35
1551,2026-04-29 09:30:00,NIFTY,2026-05-12,26300.0,PE,65,0,0,31.49,2110.45,24187.35
1552,2026-04-29 09:30:00,NIFTY,2026-05-12,26300.0,CE,18395,130,21710,17.6,1.95,24187.35
1553,2026-04-29 09:30:00,NIFTY,2026-05-12,23300.0,PE,166075,-585,554450,18.97,57.3,24187.35
1554,2026-04-29 09:30:00,NIFTY,2026-05-05,22950.0,CE,1755,0,325,24.95,1276.5,24187.35
1555,2026-04-29 09:30:00,NIFTY,2026-05-05,22900.0,PE,2063750,32110,10197655,21.67,5.45,24187.35
1556,2026-04-29 09:30:00,NIFTY,2026-05-12,23200.0,PE,275535,33865,642330,19.17,46.45,24187.35
1557,2026-04-29 09:30:00,NIFTY,2026-05-05,22900.0,CE,6435,0,2665,,1289.0,24187.35
1558,2026-04-29 09:30:00,NIFTY,2026-05-12,24900.0,PE,10530,65,8385,15.63,726.9,24187.35
1559,2026-04-29 09:30:00,NIFTY,2026-05-05,22850.0,PE,1919320,-2210,5790980,22.16,5.1,24187.35
1560,2026-04-29 09:30:00,NIFTY,2026-05-12,24900.0,CE,596895,-650,1222390,15.25,67.2,24187.35
1561,2026-04-29 09:30:00,NIFTY,2026-05-12,24850.0,PE,195,0,520,7.28,610.0,24187.35
1562,2026-04-29 09:30:00,NIFTY,2026-05-05,26350.0,CE,48555,0,81965,23.44,0.55,24187.35
1563,2026-04-29 09:30:00,NIFTY,2026-05-05,26300.0,PE,65,0,0,47.23,2144.95,24187.35
1564,2026-04-29 09:30:00,NIFTY,2026-05-05,26300.0,CE,198965,0,622310,23.16,0.6,24187.35
1565,2026-04-29 09:30:00,NIFTY,2026-05-05,26250.0,PE,0,0,0,150.94,3126.3,24187.35
1566,2026-04-29 09:30:00,NIFTY,2026-05-05,26250.0,CE,89310,0,168285,22.68,0.6,24187.35
1567,2026-04-29 09:30:00,NIFTY,2026-05-05,26200.0,PE,325,0,0,35.15,2003.0,24187.35
1568,2026-04-29 09:30:00,NIFTY,2026-05-05,26200.0,CE,317915,130,486135,22.01,0.55,24187.35
1569,2026-04-29 09:30:00,NIFTY,2026-05-12,23200.0,CE,2470,0,2405,17.92,1077.4,24187.35
1570,2026-04-29 09:30:00,NIFTY,2026-05-05,23150.0,CE,4095,0,2795,20.39,1072.9,24187.35
1571,2026-04-29 09:30:00,NIFTY,2026-05-05,23100.0,PE,1625975,-128635,12355915,20.09,8.1,24187.35
1572,2026-04-29 09:30:00,NIFTY,2026-05-12,24850.0,CE,64090,-975,162955,15.23,76.0,24187.35
1573,2026-04-29 09:30:00,NIFTY,2026-05-12,24800.0,PE,27170,-65,31915,16.22,655.0,24187.35
1574,2026-04-29 09:30:00,NIFTY,2026-05-05,23100.0,CE,10335,0,7475,17.56,1115.55,24187.35
1575,2026-04-29 09:30:00,NIFTY,2026-05-12,26250.0,PE,0,0,0,94.84,2971.0,24187.35
1576,2026-04-29 09:30:00,NIFTY,2026-05-12,24800.0,CE,271245,1560,1055925,15.21,85.85,24187.35
1577,2026-04-29 09:30:00,NIFTY,2026-05-12,26250.0,CE,18460,0,13520,17.59,2.3,24187.35
1578,2026-04-29 09:30:00,NIFTY,2026-05-05,23050.0,PE,388570,-4355,3936790,20.48,7.3,24187.35
1579,2026-04-29 09:30:00,NIFTY,2026-05-12,24750.0,PE,3055,-130,5265,15.96,613.0,24187.35
1580,2026-04-29 09:30:00,NIFTY,2026-05-12,26200.0,PE,0,0,0,94.01,2921.8,24187.35
1581,2026-04-29 09:30:00,NIFTY,2026-05-12,24750.0,CE,69940,-65,192530,15.3,98.1,24187.35
1582,2026-04-29 09:30:00,NIFTY,2026-05-12,26200.0,CE,54535,0,91650,17.03,2.1,24187.35
1583,2026-04-29 09:30:00,NIFTY,2026-05-05,23050.0,CE,910,0,260,25.63,1184.8,24187.35
1584,2026-04-29 09:30:00,NIFTY,2026-05-05,26450.0,PE,0,0,0,,3323.05,24187.35
1585,2026-04-29 09:30:00,NIFTY,2026-05-05,26450.0,CE,63050,0,161200,24.58,0.6,24187.35
1586,2026-04-29 09:30:00,NIFTY,2026-05-12,26150.0,CE,11440,0,27365,16.98,2.45,24187.35
1587,2026-04-29 09:30:00,NIFTY,2026-05-05,26400.0,PE,65,0,0,66.2,2356.65,24187.35
1588,2026-04-29 09:30:00,NIFTY,2026-05-12,26100.0,PE,260,0,0,34.78,1960.0,24187.35
1589,2026-04-29 09:30:00,NIFTY,2026-05-05,26400.0,CE,206180,0,549445,24.3,0.65,24187.35
1590,2026-04-29 09:30:00,NIFTY,2026-05-12,26100.0,CE,69225,0,92885,16.48,2.3,24187.35
1591,2026-04-29 09:30:00,NIFTY,2026-05-05,23400.0,CE,42575,455,55510,14.73,818.6,24187.35
1592,2026-04-29 09:30:00,NIFTY,2026-05-12,24700.0,PE,33865,-195,62335,16.56,584.8,24187.35
1593,2026-04-29 09:30:00,NIFTY,2026-05-12,24700.0,CE,281710,585,797160,15.22,109.1,24187.35
1594,2026-04-29 09:30:00,NIFTY,2026-05-05,23350.0,PE,685750,-7020,7672015,18.57,15.65,24187.35
1595,2026-04-29 09:30:00,NIFTY,2026-05-05,23350.0,CE,11180,3055,14235,15.42,868.4,24187.35
1596,2026-04-29 09:30:00,NIFTY,2026-05-12,26150.0,PE,0,0,0,93.18,2872.65,24187.35
1597,2026-04-29 09:30:00,NIFTY,2026-05-05,23300.0,PE,2392910,-41210,19295055,18.83,13.55,24187.35
1598,2026-04-29 09:30:00,NIFTY,2026-05-12,26050.0,PE,0,0,0,91.51,2774.55,24187.35
1599,2026-04-29 09:30:00,NIFTY,2026-05-05,23300.0,CE,58175,0,34515,20.78,933.3,24187.35
1600,2026-04-29 09:30:00,NIFTY,2026-05-12,26050.0,CE,29055,-130,27495,16.54,2.85,24187.35
1601,2026-04-29 09:30:00,NIFTY,2026-05-05,23250.0,PE,921700,-1495,7878130,19.16,11.95,24187.35
1602,2026-04-29 09:30:00,NIFTY,2026-05-12,26000.0,PE,2015,0,130,,1740.0,24187.35
1603,2026-04-29 09:30:00,NIFTY,2026-05-05,23250.0,CE,3575,0,3575,25.43,1001.7,24187.35
1604,2026-04-29 09:30:00,NIFTY,2026-05-12,24650.0,PE,3315,0,8840,15.93,539.0,24187.35
1605,2026-04-29 09:30:00,NIFTY,2026-05-12,26000.0,CE,965380,-130,1604265,16.34,3.1,24187.35
1606,2026-04-29 09:30:00,NIFTY,2026-05-05,23200.0,PE,2835170,-74555,18901480,19.42,10.35,24187.35
1607,2026-04-29 09:30:00,NIFTY,2026-05-05,23200.0,CE,19825,65,14365,19.25,1022.0,24187.35
1608,2026-04-29 09:30:00,NIFTY,2026-05-05,23150.0,PE,619775,-16055,6116370,19.77,9.2,24187.35
1609,2026-04-29 09:30:00,NIFTY,2026-05-05,26350.0,PE,520,0,0,68.1,2329.15,24187.35
1610,2026-04-29 09:30:00,NIFTY,2026-05-12,24550.0,CE,40885,195,204360,15.27,153.0,24187.35
1611,2026-04-29 09:30:00,NIFTY,2026-05-05,21800.0,CE,0,0,0,,1383.9,24187.35
1612,2026-04-29 09:30:00,NIFTY,2026-05-12,25950.0,PE,0,0,0,89.83,2676.7,24187.35
1613,2026-04-29 09:30:00,NIFTY,2026-05-12,24650.0,CE,38805,455,152945,15.2,121.95,24187.35
1614,2026-04-29 09:30:00,NIFTY,2026-05-12,25950.0,CE,17745,-520,35555,16.37,3.75,24187.35
1615,2026-04-29 09:30:00,NIFTY,2026-05-12,24600.0,PE,29120,-260,112060,16.22,508.6,24187.35
1616,2026-04-29 09:30:00,NIFTY,2026-05-12,25900.0,PE,0,0,0,88.99,2627.9,24187.35
1617,2026-04-29 09:30:00,NIFTY,2026-05-12,24600.0,CE,629590,910,1490710,15.24,137.0,24187.35
1618,2026-04-29 09:30:00,NIFTY,2026-05-12,24550.0,PE,6500,0,15015,15.44,461.8,24187.35
1619,2026-04-29 09:30:00,NIFTY,2026-05-12,25900.0,CE,96265,130,295620,16.19,4.15,24187.35
1620,2026-04-29 09:30:00,NIFTY,2026-05-12,25850.0,PE,0,0,0,88.14,2579.2,24187.35
1621,2026-04-29 09:30:00,NIFTY,2026-05-12,25850.0,CE,19435,0,44265,16.12,4.8,24187.35
1622,2026-04-29 09:30:00,NIFTY,2026-05-12,25800.0,PE,0,0,0,87.29,2530.55,24187.35
1623,2026-04-29 09:30:00,NIFTY,2026-05-12,25800.0,CE,160745,650,502515,16.03,5.5,24187.35
1624,2026-04-29 09:30:00,NIFTY,2026-05-05,24650.0,CE,1312350,-29835,28143050,14.74,42.55,24187.35
1625,2026-04-29 09:30:00,NIFTY,2026-05-05,24600.0,PE,237705,-10075,2180555,15.77,447.35,24187.35
1626,2026-04-29 09:30:00,NIFTY,2026-05-12,25750.0,PE,65,0,65,,1425.5,24187.35
1627,2026-04-29 09:30:00,NIFTY,2026-05-12,25750.0,CE,40170,-65,104325,15.94,6.3,24187.35
1628,2026-04-29 09:30:00,NIFTY,2026-05-12,25700.0,PE,65,0,0,44.19,1750.0,24187.35
1629,2026-04-29 09:30:00,NIFTY,2026-05-12,23000.0,PE,1012245,-1495,2567045,19.83,31.85,24187.35
1630,2026-04-29 09:30:00,NIFTY,2026-05-12,23000.0,CE,13455,65,4875,15.39,1250.0,24187.35
1631,2026-04-29 09:30:00,NIFTY,2026-05-12,22950.0,PE,51415,-65,151060,19.94,28.6,24187.35
1632,2026-04-29 09:30:00,NIFTY,2026-05-05,24750.0,PE,31525,-65,135915,14.98,565.9,24187.35
1633,2026-04-29 09:30:00,NIFTY,2026-05-12,22950.0,CE,65,0,0,1.46,1251.8,24187.35
1634,2026-04-29 09:30:00,NIFTY,2026-05-05,24750.0,CE,1379430,49010,24063390,14.98,29.65,24187.35
1635,2026-04-29 09:30:00,NIFTY,2026-05-12,23100.0,PE,97630,325,490425,19.46,38.2,24187.35
1636,2026-04-29 09:30:00,NIFTY,2026-05-05,24700.0,PE,205985,-8255,1193465,16.67,535.75,24187.35
1637,2026-04-29 09:30:00,NIFTY,2026-05-12,23100.0,CE,845,0,455,31.22,1302.2,24187.35
1638,2026-04-29 09:30:00,NIFTY,2026-05-05,24700.0,CE,2509845,21840,42117205,14.89,35.8,24187.35
1639,2026-04-29 09:30:00,NIFTY,2026-05-12,23050.0,PE,24180,-715,126100,19.66,35.0,24187.35
1640,2026-04-29 09:30:00,NIFTY,2026-05-12,23050.0,CE,65,0,585,,1094.05,24187.35
1641,2026-04-29 09:30:00,NIFTY,2026-05-05,24650.0,PE,57785,390,322920,16.21,491.1,24187.35
1642,2026-04-29 09:30:00,NIFTY,2026-05-12,23150.0,PE,25545,65,99970,19.29,41.95,24187.35
1643,2026-04-29 09:30:00,NIFTY,2026-05-12,23150.0,CE,130,0,130,,1028.3,24187.35
1644,2026-04-29 09:30:00,NIFTY,2026-05-05,22500.0,CE,15860,0,3120,36.36,1738.2,24187.35
1645,2026-04-29 09:30:00,NIFTY,2026-05-05,22450.0,PE,246805,-1820,1461005,25.69,2.85,24187.35
1646,2026-04-29 09:30:00,NIFTY,2026-05-05,22450.0,CE,130,0,65,,1678.75,24187.35
1647,2026-04-29 09:30:00,NIFTY,2026-05-05,22400.0,PE,790660,-2730,5140070,26.17,2.7,24187.35
1648,2026-04-29 09:30:00,NIFTY,2026-05-12,22750.0,CE,0,0,0,,774.75,24187.35
1649,2026-04-29 09:30:00,NIFTY,2026-05-12,22700.0,PE,131495,-130,445055,20.94,18.45,24187.35
1650,2026-04-29 09:30:00,NIFTY,2026-05-12,22700.0,CE,65,0,65,,1422.25,24187.35
1651,2026-04-29 09:30:00,NIFTY,2026-05-05,23650.0,CE,47970,130,103870,16.5,596.45,24187.35
1652,2026-04-29 09:30:00,NIFTY,2026-05-05,23600.0,PE,2556255,-57525,25412075,17.48,33.6,24187.35
1653,2026-04-29 09:30:00,NIFTY,2026-05-05,24900.0,PE,177840,65,156000,16.77,710.0,24187.35
1654,2026-04-29 09:30:00,NIFTY,2026-05-05,24900.0,CE,2641405,-22620,29968965,15.34,16.85,24187.35
1655,2026-04-29 09:30:00,NIFTY,2026-05-12,22850.0,CE,0,0,0,,711.05,24187.35
1656,2026-04-29 09:30:00,NIFTY,2026-05-05,23600.0,CE,94510,0,251420,14.59,630.0,24187.35
1657,2026-04-29 09:30:00,NIFTY,2026-05-05,23550.0,PE,800020,-11440,9185670,17.65,28.6,24187.35
1658,2026-04-29 09:30:00,NIFTY,2026-05-12,22800.0,PE,305695,-5395,767585,20.46,21.55,24187.35
1659,2026-04-29 09:30:00,NIFTY,2026-05-12,22800.0,CE,4355,0,455,,1336.35,24187.35
1660,2026-04-29 09:30:00,NIFTY,2026-05-05,23550.0,CE,28730,910,45695,18.17,694.15,24187.35
1661,2026-04-29 09:30:00,NIFTY,2026-05-05,24850.0,PE,16965,195,55640,17.72,671.2,24187.35
1662,2026-04-29 09:30:00,NIFTY,2026-05-12,22750.0,PE,19435,455,67795,20.78,20.3,24187.35
1663,2026-04-29 09:30:00,NIFTY,2026-05-05,24850.0,CE,1289340,5070,18883085,15.26,20.6,24187.35
1664,2026-04-29 09:30:00,NIFTY,2026-05-05,23500.0,PE,3797235,2535,37271910,17.83,24.4,24187.35
1665,2026-04-29 09:30:00,NIFTY,2026-05-05,26500.0,PE,10660,0,2600,,2213.05,24187.35
1666,2026-04-29 09:30:00,NIFTY,2026-05-05,26550.0,PE,0,0,0,,3421.65,24187.35
1667,2026-04-29 09:30:00,NIFTY,2026-05-05,26500.0,CE,405860,0,1229540,24.63,0.5,24187.35
1668,2026-04-29 09:30:00,NIFTY,2026-05-05,23500.0,CE,499590,-845,648960,14.92,724.0,24187.35
1669,2026-04-29 09:30:00,NIFTY,2026-05-05,23450.0,PE,731900,650,9635925,18.08,21.05,24187.35
1670,2026-04-29 09:30:00,NIFTY,2026-05-05,26550.0,CE,157560,-7800,600730,25.53,0.6,24187.35
1671,2026-04-29 09:30:00,NIFTY,2026-05-12,22900.0,PE,158015,0,429975,20.12,26.1,24187.35
1672,2026-04-29 09:30:00,NIFTY,2026-05-05,23450.0,CE,17745,0,27235,20.61,796.8,24187.35
1673,2026-04-29 09:30:00,NIFTY,2026-05-12,22900.0,CE,0,0,0,,680.35,24187.35
1674,2026-04-29 09:30:00,NIFTY,2026-05-05,23400.0,PE,1652885,-8190,17555460,18.31,18.1,24187.35
1675,2026-04-29 09:30:00,NIFTY,2026-05-12,22850.0,PE,37375,130,124670,20.36,24.1,24187.35
1676,2026-04-29 09:30:00,NIFTY,2026-05-05,24800.0,PE,228670,-975,642135,16.31,618.25,24187.35
1677,2026-04-29 09:30:00,NIFTY,2026-05-05,24800.0,CE,3578315,-77805,42286660,15.08,24.5,24187.35
1678,2026-04-29 09:30:00,NIFTY,2026-05-12,24450.0,PE,18395,-130,69095,16.64,418.4,24187.35
1679,2026-04-29 09:30:00,NIFTY,2026-05-12,24450.0,CE,54925,4485,233740,15.38,190.15,24187.35
1680,2026-04-29 09:30:00,NIFTY,2026-05-12,22600.0,PE,104065,1755,358930,21.35,15.5,24187.35
1681,2026-04-29 09:30:00,NIFTY,2026-05-05,25150.0,CE,1022385,-5265,10600785,16.4,7.3,24187.35
1682,2026-04-29 09:30:00,NIFTY,2026-05-12,22600.0,CE,0,0,0,,876.1,24187.35
1683,2026-04-29 09:30:00,NIFTY,2026-05-05,25100.0,PE,11700,0,18200,,865.0,24187.35
1684,2026-04-29 09:30:00,NIFTY,2026-05-12,24500.0,PE,224120,-1170,539175,16.38,445.15,24187.35
1685,2026-04-29 09:30:00,NIFTY,2026-05-12,24500.0,CE,701870,13520,2159820,15.43,172.75,24187.35
1686,2026-04-29 09:30:00,NIFTY,2026-05-05,25100.0,CE,3139760,-39260,23998650,16.18,8.6,24187.35
1687,2026-04-29 09:30:00,NIFTY,2026-05-05,25050.0,PE,2600,0,10595,,827.0,24187.35
1688,2026-04-29 09:30:00,NIFTY,2026-05-12,22650.0,PE,17290,-65,53560,21.14,16.9,24187.35
1689,2026-04-29 09:30:00,NIFTY,2026-05-05,25050.0,CE,878670,-15665,11116560,15.97,10.15,24187.35
1690,2026-04-29 09:30:00,NIFTY,2026-05-12,22650.0,CE,0,0,0,,841.6,24187.35
1691,2026-04-29 09:30:00,NIFTY,2026-05-05,25000.0,PE,573300,4030,749320,17.46,804.9,24187.35
1692,2026-04-29 09:30:00,NIFTY,2026-05-05,23700.0,CE,180895,325,823615,15.26,545.1,24187.35
1693,2026-04-29 09:30:00,NIFTY,2026-05-05,25000.0,CE,7178990,19045,65323310,15.77,12.05,24187.35
1694,2026-04-29 09:30:00,NIFTY,2026-05-05,24950.0,PE,4875,-65,14430,16.0,752.1,24187.35
1695,2026-04-29 09:30:00,NIFTY,2026-05-05,23650.0,PE,762905,-19370,12058150,17.26,39.0,24187.35
1696,2026-04-29 09:30:00,NIFTY,2026-05-05,24950.0,CE,1045070,-2730,22292855,15.58,14.35,24187.35
1697,2026-04-29 09:30:00,NIFTY,2026-05-12,22450.0,CE,0,0,0,,985.1,24187.35
1698,2026-04-29 09:30:00,NIFTY,2026-05-12,24350.0,PE,58175,130,236145,16.74,361.65,24187.35
1699,2026-04-29 09:30:00,NIFTY,2026-05-12,22550.0,CE,0,0,0,,911.35,24187.35
1700,2026-04-29 09:30:00,NIFTY,2026-05-05,23800.0,CE,461630,-4680,2017080,15.3,462.0,24187.35
1701,2026-04-29 09:30:00,NIFTY,2026-05-12,22500.0,PE,685360,910,1056315,21.87,13.45,24187.35
1702,2026-04-29 09:30:00,NIFTY,2026-05-05,25300.0,PE,4810,0,4030,,1081.0,24187.35
1703,2026-04-29 09:30:00,NIFTY,2026-05-12,24350.0,CE,96070,-1235,407355,15.71,236.7,24187.35
1704,2026-04-29 09:30:00,NIFTY,2026-05-05,23750.0,PE,949520,14430,15195310,16.92,53.15,24187.35
1705,2026-04-29 09:30:00,NIFTY,2026-05-05,25850.0,PE,195,0,0,37.17,1681.4,24187.35
1706,2026-04-29 09:30:00,NIFTY,2026-05-12,22500.0,CE,715,0,1365,35.12,1840.0,24187.35
1707,2026-04-29 09:30:00,NIFTY,2026-05-12,22450.0,PE,17550,-65,45890,22.21,12.8,24187.35
1708,2026-04-29 09:30:00,NIFTY,2026-05-05,25300.0,CE,3583320,17160,26815815,17.09,4.55,24187.35
1709,2026-04-29 09:30:00,NIFTY,2026-05-12,24400.0,PE,182845,-3835,528320,16.48,385.55,24187.35
1710,2026-04-29 09:30:00,NIFTY,2026-05-12,24400.0,CE,281840,2405,1160120,15.56,212.95,24187.35
1711,2026-04-29 09:30:00,NIFTY,2026-05-05,25250.0,PE,2730,0,2665,,1024.2,24187.35
1712,2026-04-29 09:30:00,NIFTY,2026-05-05,23750.0,CE,67015,130,243555,15.1,501.5,24187.35
1713,2026-04-29 09:30:00,NIFTY,2026-05-05,25250.0,CE,778635,7995,9305660,16.85,5.3,24187.35
1714,2026-04-29 09:30:00,NIFTY,2026-05-05,22800.0,CE,8905,0,845,33.27,1447.6,24187.35
1715,2026-04-29 09:30:00,NIFTY,2026-05-12,22550.0,PE,21125,-130,60970,21.64,14.55,24187.35
1716,2026-04-29 09:30:00,NIFTY,2026-05-05,23700.0,PE,2360280,-67925,32771440,17.08,45.5,24187.35
1717,2026-04-29 09:30:00,NIFTY,2026-05-05,25200.0,PE,73775,0,38155,15.62,990.0,24187.35
1718,2026-04-29 09:30:00,NIFTY,2026-05-05,22750.0,PE,393640,-195,2017015,22.96,4.25,24187.35
1719,2026-04-29 09:30:00,NIFTY,2026-05-05,25200.0,CE,3441100,14885,23209225,16.59,6.15,24187.35
1720,2026-04-29 09:30:00,NIFTY,2026-05-05,25150.0,PE,390,0,455,16.72,943.9,24187.35
1721,2026-04-29 09:30:00,NIFTY,2026-05-12,25650.0,PE,0,0,0,84.74,2385.25,24187.35
1722,2026-04-29 09:30:00,NIFTY,2026-05-05,21900.0,PE,319215,14105,1167270,31.79,2.1,24187.35
1723,2026-04-29 09:30:00,NIFTY,2026-05-12,25650.0,CE,39650,260,94900,15.72,8.15,24187.35
1724,2026-04-29 09:30:00,NIFTY,2026-05-05,22550.0,PE,168805,-4810,1177930,24.8,3.25,24187.35
1725,2026-04-29 09:30:00,NIFTY,2026-05-12,24250.0,CE,114140,-195,446225,15.74,283.4,24187.35
1726,2026-04-29 09:30:00,NIFTY,2026-05-05,21900.0,CE,0,0,0,,1300.85,24187.35
1727,2026-04-29 09:30:00,NIFTY,2026-05-12,22350.0,CE,0,0,0,,1059.6,24187.35
1728,2026-04-29 09:30:00,NIFTY,2026-05-05,21850.0,PE,42380,0,166985,32.15,1.95,24187.35
1729,2026-04-29 09:30:00,NIFTY,2026-05-12,22300.0,PE,222365,2795,412945,23.12,10.75,24187.35
1730,2026-04-29 09:30:00,NIFTY,2026-05-05,25550.0,PE,650,0,260,,1181.75,24187.35
1731,2026-04-29 09:30:00,NIFTY,2026-05-05,21850.0,CE,0,0,0,,1342.1,24187.35
1732,2026-04-29 09:30:00,NIFTY,2026-05-12,22300.0,CE,0,0,0,,1098.3,24187.35
1733,2026-04-29 09:30:00,NIFTY,2026-05-05,25550.0,CE,673075,51025,4112030,18.02,1.95,24187.35
1734,2026-04-29 09:30:00,NIFTY,2026-05-05,26000.0,PE,177385,-65,30810,,1770.0,24187.35
1735,2026-04-29 09:30:00,NIFTY,2026-05-05,22550.0,CE,130,0,260,55.05,1796.5,24187.35
1736,2026-04-29 09:30:00,NIFTY,2026-05-05,22500.0,PE,4084600,-23140,13287430,25.26,3.05,24187.35
1737,2026-04-29 09:30:00,NIFTY,2026-05-12,24300.0,CE,428675,910,1517165,15.58,256.75,24187.35
1738,2026-04-29 09:30:00,NIFTY,2026-05-05,25500.0,PE,317525,0,58045,24.2,1300.6,24187.35
1739,2026-04-29 09:30:00,NIFTY,2026-05-12,22400.0,PE,100035,1495,185445,22.44,11.85,24187.35
1740,2026-04-29 09:30:00,NIFTY,2026-05-05,26000.0,CE,5216380,37765,13044720,20.57,0.7,24187.35
1741,2026-04-29 09:30:00,NIFTY,2026-05-12,22400.0,CE,0,0,0,,1021.6,24187.35
1742,2026-04-29 09:30:00,NIFTY,2026-05-12,25700.0,CE,143130,780,344175,15.83,7.15,24187.35
1743,2026-04-29 09:30:00,NIFTY,2026-05-12,24250.0,PE,120835,2080,443495,16.52,304.15,24187.35
1744,2026-04-29 09:30:00,NIFTY,2026-05-05,23950.0,CE,156390,1235,3063255,15.02,345.3,24187.35
1745,2026-04-29 09:30:00,NIFTY,2026-05-05,25500.0,CE,4971460,49660,25516855,17.93,2.4,24187.35
1746,2026-04-29 09:30:00,NIFTY,2026-05-05,25950.0,PE,0,0,0,143.53,2832.5,24187.35
1747,2026-04-29 09:30:00,NIFTY,2026-05-05,23900.0,PE,2857270,-53365,43319965,16.48,83.45,24187.35
1748,2026-04-29 09:30:00,NIFTY,2026-05-05,25450.0,PE,975,0,130,,1233.75,24187.35
1749,2026-04-29 09:30:00,NIFTY,2026-05-12,22350.0,PE,9100,-325,22100,22.82,11.4,24187.35
1750,2026-04-29 09:30:00,NIFTY,2026-05-05,25950.0,CE,316550,65,896675,20.21,0.75,24187.35
1751,2026-04-29 09:30:00,NIFTY,2026-05-05,23900.0,CE,559390,-7800,5073315,15.19,383.35,24187.35
1752,2026-04-29 09:30:00,NIFTY,2026-05-05,25450.0,CE,870220,2795,7387315,17.8,2.9,24187.35
1753,2026-04-29 09:30:00,NIFTY,2026-05-05,25900.0,PE,455,0,0,37.7,1730.0,24187.35
1754,2026-04-29 09:30:00,NIFTY,2026-05-05,25400.0,PE,3250,0,1560,3.8,1185.0,24187.35
1755,2026-04-29 09:30:00,NIFTY,2026-05-05,23850.0,PE,1126385,42510,20117695,16.62,71.95,24187.35
1756,2026-04-29 09:30:00,NIFTY,2026-05-05,23850.0,CE,88205,-1625,738465,15.05,420.2,24187.35
1757,2026-04-29 09:30:00,NIFTY,2026-05-05,25400.0,CE,2271035,-47645,19168630,17.59,3.4,24187.35
1758,2026-04-29 09:30:00,NIFTY,2026-05-05,23800.0,PE,3297645,-24960,44090995,16.76,61.85,24187.35
1759,2026-04-29 09:30:00,NIFTY,2026-05-05,25350.0,PE,1040,-65,4095,14.59,1136.65,24187.35
1760,2026-04-29 09:30:00,NIFTY,2026-05-12,24300.0,PE,415155,-6110,1343680,16.65,332.7,24187.35
1761,2026-04-29 09:30:00,NIFTY,2026-05-05,25350.0,CE,812630,-3575,8388250,17.32,3.9,24187.35
1762,2026-04-29 09:30:00,NIFTY,2026-05-05,25900.0,CE,1324960,-650,2339740,19.84,0.8,24187.35
1763,2026-04-29 09:30:00,NIFTY,2026-05-05,21800.0,PE,568750,-390,1393730,32.98,2.05,24187.35
1764,2026-04-29 09:30:00,NIFTY,2026-05-05,22100.0,PE,376740,715,1718405,29.54,2.3,24187.35
1765,2026-04-29 09:30:00,NIFTY,2026-05-12,25500.0,CE,566670,9360,2092805,15.49,12.35,24187.35
1766,2026-04-29 09:30:00,NIFTY,2026-05-05,22100.0,CE,715,0,0,,2077.3,24187.35
1767,2026-04-29 09:30:00,NIFTY,2026-05-05,22050.0,PE,33930,0,64675,30.11,2.25,24187.35
1768,2026-04-29 09:30:00,NIFTY,2026-05-05,22050.0,CE,0,0,0,,1180.2,24187.35
1769,2026-04-29 09:30:00,NIFTY,2026-05-12,22100.0,PE,79105,-130,154440,24.23,8.4,24187.35
1770,2026-04-29 09:30:00,NIFTY,2026-05-05,22000.0,PE,3907150,18850,8052395,30.5,2.1,24187.35
1771,2026-04-29 09:30:00,NIFTY,2026-05-12,24200.0,PE,551135,3445,1849900,16.73,283.3,24187.35
1772,2026-04-29 09:30:00,NIFTY,2026-05-12,25500.0,PE,25610,2665,24440,17.37,1275.35,24187.35
1773,2026-04-29 09:30:00,NIFTY,2026-05-05,22000.0,CE,27365,130,5590,7.92,2201.0,24187.35
1774,2026-04-29 09:30:00,NIFTY,2026-05-12,24200.0,CE,917670,10985,1809925,15.73,308.4,24187.35
1775,2026-04-29 09:30:00,NIFTY,2026-05-12,22100.0,CE,0,0,0,,1259.0,24187.35
1776,2026-04-29 09:30:00,NIFTY,2026-05-12,22050.0,PE,18005,-390,32760,24.53,7.95,24187.35
1777,2026-04-29 09:30:00,NIFTY,2026-05-12,24150.0,PE,87165,-780,405795,16.73,259.8,24187.35
1778,2026-04-29 09:30:00,NIFTY,2026-05-05,25700.0,CE,1549730,-9620,6752655,18.78,1.3,24187.35
1779,2026-04-29 09:30:00,NIFTY,2026-05-12,24150.0,CE,51545,260,254085,16.01,340.0,24187.35
1780,2026-04-29 09:30:00,NIFTY,2026-05-05,21950.0,PE,15145,130,82875,31.32,2.2,24187.35
1781,2026-04-29 09:30:00,NIFTY,2026-05-05,26050.0,PE,0,0,0,146.02,2930.2,24187.35
1782,2026-04-29 09:30:00,NIFTY,2026-05-12,22200.0,PE,49140,0,99320,23.6,9.3,24187.35
1783,2026-04-29 09:30:00,NIFTY,2026-05-12,25600.0,CE,186160,1495,556465,15.67,9.45,24187.35
1784,2026-04-29 09:30:00,NIFTY,2026-05-05,22600.0,PE,1036945,-9295,4989335,24.27,3.4,24187.35
1785,2026-04-29 09:30:00,NIFTY,2026-05-05,24000.0,CE,2444260,24765,35847045,15.01,310.55,24187.35
1786,2026-04-29 09:30:00,NIFTY,2026-05-05,22600.0,CE,650,0,195,32.74,1632.1,24187.35
1787,2026-04-29 09:30:00,NIFTY,2026-05-05,23950.0,PE,1222455,-27625,20828470,16.42,97.25,24187.35
1788,2026-04-29 09:30:00,NIFTY,2026-05-12,22200.0,CE,0,0,0,,1177.45,24187.35
1789,2026-04-29 09:30:00,NIFTY,2026-05-12,25550.0,PE,0,0,0,83.03,2289.0,24187.35
1790,2026-04-29 09:30:00,NIFTY,2026-05-12,22150.0,PE,16185,0,14885,23.86,8.7,24187.35
1791,2026-04-29 09:30:00,NIFTY,2026-05-12,25550.0,CE,44655,65,116805,15.58,10.8,24187.35
1792,2026-04-29 09:30:00,NIFTY,2026-05-05,25650.0,PE,1560,0,780,24.72,1446.0,24187.35
1793,2026-04-29 09:30:00,NIFTY,2026-05-12,22150.0,CE,0,0,0,,1217.95,24187.35
1794,2026-04-29 09:30:00,NIFTY,2026-05-12,22250.0,PE,8320,0,8385,23.45,10.25,24187.35
1795,2026-04-29 09:30:00,NIFTY,2026-05-05,22850.0,CE,260,0,65,,1233.95,24187.35
1796,2026-04-29 09:30:00,NIFTY,2026-05-05,25650.0,CE,426400,2080,1815450,18.55,1.5,24187.35
1797,2026-04-29 09:30:00,NIFTY,2026-05-05,22800.0,PE,2621645,-4940,12495470,22.52,4.6,24187.35
1798,2026-04-29 09:30:00,NIFTY,2026-05-12,25600.0,PE,0,0,65,,1200.0,24187.35
1799,2026-04-29 09:30:00,NIFTY,2026-05-05,25600.0,PE,4745,0,3250,,1361.8,24187.35
1800,2026-04-29 09:30:00,NIFTY,2026-05-12,22250.0,CE,0,0,0,,1137.6,24187.35
1801,2026-04-29 09:30:00,NIFTY,2026-05-05,25600.0,CE,2362815,-3640,9003930,18.28,1.7,24187.35
1802,2026-04-29 09:30:00,NIFTY,2026-05-05,26050.0,CE,583505,0,718575,20.9,0.65,24187.35
1803,2026-04-29 09:30:00,NIFTY,2026-05-05,21950.0,CE,0,0,0,,1260.05,24187.35
1804,2026-04-29 09:30:00,NIFTY,2026-05-05,22250.0,CE,1300,0,520,40.57,1987.5,24187.35
1805,2026-04-29 09:30:00,NIFTY,2026-05-05,22200.0,PE,715780,-1105,2694120,28.39,2.4,24187.35
1806,2026-04-29 09:30:00,NIFTY,2026-05-05,22700.0,CE,5070,0,1300,27.8,1523.2,24187.35
1807,2026-04-29 09:30:00,NIFTY,2026-05-05,22200.0,CE,1040,0,130,40.97,2036.0,24187.35
1808,2026-04-29 09:30:00,NIFTY,2026-05-05,22650.0,PE,264290,-5005,1705860,23.83,3.65,24187.35
1809,2026-04-29 09:30:00,NIFTY,2026-05-05,22150.0,PE,145600,0,616850,28.81,2.25,24187.35
1810,2026-04-29 09:30:00,NIFTY,2026-05-12,21900.0,CE,0,0,0,,1428.35,24187.35
1811,2026-04-29 09:30:00,NIFTY,2026-05-12,21850.0,PE,8775,0,8970,25.32,5.75,24187.35
1812,2026-04-29 09:30:00,NIFTY,2026-05-12,25450.0,PE,0,0,0,81.32,2193.3,24187.35
1813,2026-04-29 09:30:00,NIFTY,2026-05-05,22650.0,CE,260,0,65,33.17,1586.4,24187.35
1814,2026-04-29 09:30:00,NIFTY,2026-05-12,25450.0,CE,38935,65,121745,15.46,14.4,24187.35
1815,2026-04-29 09:30:00,NIFTY,2026-05-05,25750.0,PE,0,0,0,138.52,2638.0,24187.35
1816,2026-04-29 09:30:00,NIFTY,2026-05-12,24050.0,CE,35945,0,201630,15.8,393.25,24187.35
1817,2026-04-29 09:30:00,NIFTY,2026-05-12,24000.0,PE,1037140,2600,2938975,17.04,202.4,24187.35
1818,2026-04-29 09:30:00,NIFTY,2026-05-05,24100.0,CE,2281370,-35620,79140035,14.95,246.6,24187.35
1819,2026-04-29 09:30:00,NIFTY,2026-05-05,26150.0,PE,0,0,0,148.49,3028.15,24187.35
1820,2026-04-29 09:30:00,NIFTY,2026-05-05,24050.0,PE,1854255,-94445,38333035,16.13,127.85,24187.35
1821,2026-04-29 09:30:00,NIFTY,2026-05-12,24000.0,CE,286455,-780,1009450,16.01,427.6,24187.35
1822,2026-04-29 09:30:00,NIFTY,2026-05-12,21950.0,CE,0,0,0,,1385.3,24187.35
1823,2026-04-29 09:30:00,NIFTY,2026-05-05,26150.0,CE,128635,1170,408525,21.88,0.65,24187.35
1824,2026-04-29 09:30:00,NIFTY,2026-05-12,21900.0,PE,28080,325,40755,25.27,6.5,24187.35
1825,2026-04-29 09:30:00,NIFTY,2026-05-05,24050.0,CE,572260,-17615,16451630,14.92,276.9,24187.35
1826,2026-04-29 09:30:00,NIFTY,2026-05-12,22050.0,CE,0,0,0,,1300.6,24187.35
1827,2026-04-29 09:30:00,NIFTY,2026-05-05,24000.0,PE,7661940,-180960,98910760,16.19,110.75,24187.35
1828,2026-04-29 09:30:00,NIFTY,2026-05-12,24100.0,PE,267930,-2080,1426035,16.81,238.9,24187.35
1829,2026-04-29 09:30:00,NIFTY,2026-05-12,22000.0,PE,425945,11375,967265,24.76,7.4,24187.35
1830,2026-04-29 09:30:00,NIFTY,2026-05-12,22000.0,CE,1300,0,1300,40.04,2320.0,24187.35
1831,2026-04-29 09:30:00,NIFTY,2026-05-12,24100.0,CE,296270,520,1046435,15.98,367.25,24187.35
1832,2026-04-29 09:30:00,NIFTY,2026-05-12,21950.0,PE,14170,0,16185,24.97,6.85,24187.35
1833,2026-04-29 09:30:00,NIFTY,2026-05-12,24050.0,PE,61555,-65,386230,17.1,223.15,24187.35
1834,2026-04-29 09:30:00,NIFTY,2026-05-05,25750.0,CE,469690,-585,2003690,18.96,1.1,24187.35
1835,2026-04-29 09:30:00,NIFTY,2026-05-05,26100.0,PE,715,0,0,62.06,2070.0,24187.35
1836,2026-04-29 09:30:00,NIFTY,2026-05-05,26100.0,CE,1674270,0,2870595,21.23,0.6,24187.35
1837,2026-04-29 09:30:00,NIFTY,2026-05-05,25700.0,PE,1755,0,1690,17.66,1485.95,24187.35
1838,2026-04-29 09:30:00,NIFTY,2026-05-12,21850.0,CE,0,0,0,,1471.9,24187.35
1839,2026-04-29 09:30:00,NIFTY,2026-05-05,22150.0,CE,65,0,0,,1975.2,24187.35
1840,2026-04-29 09:30:00,NIFTY,2026-05-12,25300.0,CE,263120,-260,667420,15.3,22.0,24187.35
1841,2026-04-29 09:30:00,NIFTY,2026-05-12,23750.0,PE,51090,0,200265,17.7,131.45,24187.35
1842,2026-04-29 09:30:00,NIFTY,2026-05-12,23750.0,CE,520,65,1820,17.18,616.0,24187.35
1843,2026-04-29 09:30:00,NIFTY,2026-05-12,25250.0,PE,0,0,0,77.91,2003.95,24187.35
1844,2026-04-29 09:30:00,NIFTY,2026-05-05,22400.0,CE,1300,0,195,56.17,1930.6,24187.35
1845,2026-04-29 09:30:00,NIFTY,2026-05-12,25250.0,CE,101855,0,255905,15.38,26.2,24187.35
1846,2026-04-29 09:30:00,NIFTY,2026-05-05,22350.0,PE,166985,-65,1036880,26.77,2.65,24187.35
1847,2026-04-29 09:30:00,NIFTY,2026-05-12,26550.0,PE,0,0,0,99.74,3267.0,24187.35
1848,2026-04-29 09:30:00,NIFTY,2026-05-05,22350.0,CE,65,0,130,53.26,1955.35,24187.35
1849,2026-04-29 09:30:00,NIFTY,2026-05-12,25400.0,CE,228280,-65,745420,15.37,16.45,24187.35
1850,2026-04-29 09:30:00,NIFTY,2026-05-05,24250.0,CE,2278835,-25610,69423900,14.81,165.6,24187.35
1851,2026-04-29 09:30:00,NIFTY,2026-05-12,23850.0,PE,77740,-585,254670,17.29,154.55,24187.35
1852,2026-04-29 09:30:00,NIFTY,2026-05-05,22300.0,PE,854165,1950,3393975,27.23,2.5,24187.35
1853,2026-04-29 09:30:00,NIFTY,2026-05-05,22750.0,CE,1495,0,845,31.72,1487.55,24187.35
1854,2026-04-29 09:30:00,NIFTY,2026-05-05,22700.0,PE,1348425,-23920,7157800,23.32,3.85,24187.35
1855,2026-04-29 09:30:00,NIFTY,2026-05-12,23850.0,CE,4420,0,8970,16.15,529.05,24187.35
1856,2026-04-29 09:30:00,NIFTY,2026-05-05,22300.0,CE,195,0,0,,1840.0,24187.35
1857,2026-04-29 09:30:00,NIFTY,2026-05-05,25850.0,CE,323960,1105,1389180,19.69,0.95,24187.35
1858,2026-04-29 09:30:00,NIFTY,2026-05-12,25350.0,PE,0,0,0,79.61,2098.25,24187.35
1859,2026-04-29 09:30:00,NIFTY,2026-05-05,24200.0,PE,6331065,-517725,113482070,15.89,190.0,24187.35
1860,2026-04-29 09:30:00,NIFTY,2026-05-12,25350.0,CE,46150,1495,138125,15.33,19.0,24187.35
1861,2026-04-29 09:30:00,NIFTY,2026-05-12,23800.0,PE,265070,-1040,965380,17.4,141.05,24187.35
1862,2026-04-29 09:30:00,NIFTY,2026-05-05,24200.0,CE,4986280,44135,110092450,14.82,190.0,24187.35
1863,2026-04-29 09:30:00,NIFTY,2026-05-05,25800.0,PE,1235,0,0,53.69,1750.8,24187.35
1864,2026-04-29 09:30:00,NIFTY,2026-05-05,24150.0,PE,2048475,-115310,51181260,15.96,167.2,24187.35
1865,2026-04-29 09:30:00,NIFTY,2026-05-12,23800.0,CE,75530,390,80665,16.25,565.95,24187.35
1866,2026-04-29 09:30:00,NIFTY,2026-05-12,25300.0,PE,390,0,585,,1053.7,24187.35
1867,2026-04-29 09:30:00,NIFTY,2026-05-05,24150.0,CE,1075295,6500,45873100,14.92,217.65,24187.35
1868,2026-04-29 09:30:00,NIFTY,2026-05-12,23950.0,PE,49335,-390,160420,17.11,185.05,24187.35
1869,2026-04-29 09:30:00,NIFTY,2026-05-12,21800.0,PE,19890,0,7995,25.83,5.8,24187.35
1870,2026-04-29 09:30:00,NIFTY,2026-05-12,23950.0,CE,12610,65,46410,16.65,470.0,24187.35
1871,2026-04-29 09:30:00,NIFTY,2026-05-05,24100.0,PE,5019820,-204295,104601380,16.0,146.05,24187.35
1872,2026-04-29 09:30:00,NIFTY,2026-05-12,25400.0,PE,3705,130,975,18.22,1188.35,24187.35
1873,2026-04-29 09:30:00,NIFTY,2026-05-12,23900.0,PE,150670,-1365,606320,17.31,171.05,24187.35
1874,2026-04-29 09:30:00,NIFTY,2026-05-12,23900.0,CE,79040,1235,139360,16.05,493.15,24187.35
1875,2026-04-29 09:30:00,NIFTY,2026-05-12,21800.0,CE,0,0,0,,1515.85,24187.35
1876,2026-04-29 09:30:00,NIFTY,2026-05-05,25800.0,CE,3103100,-6890,12203035,19.28,1.0,24187.35
1877,2026-04-29 09:30:00,NIFTY,2026-05-12,23700.0,PE,558740,-2340,1126840,17.8,119.7,24187.35
1878,2026-04-29 09:30:00,NIFTY,2026-05-05,22250.0,PE,118300,0,570440,27.81,2.45,24187.35
1879,2026-04-29 09:30:00,NIFTY,2026-05-12,23550.0,CE,715,0,2340,25.21,880.0,24187.35
1880,2026-04-29 09:30:00,NIFTY,2026-05-12,23600.0,CE,6630,0,10140,16.77,725.0,24187.35
1881,2026-04-29 09:30:00,NIFTY,2026-05-12,25200.0,CE,287235,975,923715,15.24,29.25,24187.35
1882,2026-04-29 09:30:00,NIFTY,2026-05-05,24450.0,CE,1427985,-2795,33262125,14.63,87.6,24187.35
1883,2026-04-29 09:30:00,NIFTY,2026-05-12,26500.0,CE,124540,-65,110045,18.41,1.45,24187.35
1884,2026-04-29 09:30:00,NIFTY,2026-05-12,25150.0,PE,65,0,0,1.6,695.05,24187.35
1885,2026-04-29 09:30:00,NIFTY,2026-05-05,24400.0,PE,1558375,-67925,26238550,15.82,303.7,24187.35
1886,2026-04-29 09:30:00,NIFTY,2026-05-12,23550.0,PE,30290,130,129870,18.26,91.65,24187.35
1887,2026-04-29 09:30:00,NIFTY,2026-05-12,25150.0,CE,84630,4485,391755,15.21,33.65,24187.35
1888,2026-04-29 09:30:00,NIFTY,2026-05-12,23700.0,CE,12675,65,53430,16.55,644.35,24187.35
1889,2026-04-29 09:30:00,NIFTY,2026-05-12,25200.0,PE,2470,0,2275,16.06,990.15,24187.35
1890,2026-04-29 09:30:00,NIFTY,2026-05-12,23650.0,PE,35685,-455,115960,17.97,109.8,24187.35
1891,2026-04-29 09:30:00,NIFTY,2026-05-12,26550.0,CE,57070,-195,84695,18.61,1.35,24187.35
1892,2026-04-29 09:30:00,NIFTY,2026-05-05,24400.0,CE,4364880,-1040,75891660,14.64,103.6,24187.35
1893,2026-04-29 09:30:00,NIFTY,2026-05-12,23650.0,CE,1170,0,2600,17.58,696.55,24187.35
1894,2026-04-29 09:30:00,NIFTY,2026-05-05,24350.0,PE,804700,-49985,28973880,15.8,271.85,24187.35
1895,2026-04-29 09:30:00,NIFTY,2026-05-12,26500.0,PE,0,0,0,98.93,3217.6,24187.35
1896,2026-04-29 09:30:00,NIFTY,2026-05-12,23600.0,PE,213135,0,661375,18.0,98.8,24187.35
1897,2026-04-29 09:30:00,NIFTY,2026-05-05,24350.0,CE,2058355,1365,58681155,14.71,122.25,24187.35
1898,2026-04-29 09:30:00,NIFTY,2026-05-05,24300.0,PE,3790735,-219895,111669740,15.84,242.7,24187.35
1899,2026-04-29 09:30:00,NIFTY,2026-05-05,24300.0,CE,6185270,-120055,130511030,14.7,142.15,24187.35
1900,2026-04-29 09:30:00,NIFTY,2026-05-05,24250.0,PE,1785225,-150930,67686840,15.84,215.05,24187.35
1901,2026-04-29 09:30:00,NIFTY,2026-05-12,23500.0,PE,622505,2015,1937520,18.31,82.4,24187.35
1902,2026-04-29 09:30:00,NIFTY,2026-05-12,25100.0,PE,1560,0,1300,,741.7,24187.35
1903,2026-04-29 09:30:00,NIFTY,2026-05-12,26400.0,PE,0,0,0,97.31,3118.85,24187.35
1904,2026-04-29 09:30:00,NIFTY,2026-05-12,26400.0,CE,17550,0,14625,18.09,1.75,24187.35
1905,2026-04-29 09:30:00,NIFTY,2026-05-12,23400.0,PE,219505,910,677105,18.55,67.85,24187.35
1906,2026-04-29 09:30:00,NIFTY,2026-05-12,23400.0,CE,1690,0,1625,19.07,914.95,24187.35
1907,2026-04-29 09:30:00,NIFTY,2026-05-12,26450.0,PE,0,0,0,98.12,3168.2,24187.35
1908,2026-04-29 09:30:00,NIFTY,2026-05-12,26450.0,CE,1625,0,5070,17.92,1.35,24187.35
1909,2026-04-29 09:30:00,NIFTY,2026-05-12,25100.0,CE,335725,1300,1315925,15.17,38.5,24187.35
1910,2026-04-29 09:30:00,NIFTY,2026-05-12,23500.0,CE,48685,130,34645,17.07,809.7,24187.35
1911,2026-04-29 09:30:00,NIFTY,2026-05-12,25050.0,PE,65,0,0,,635.55,24187.35
1912,2026-04-29 09:30:00,NIFTY,2026-05-12,23450.0,PE,29900,585,97110,18.43,74.8,24187.35
1913,2026-04-29 09:30:00,NIFTY,2026-05-12,25050.0,CE,50505,195,340080,15.22,44.8,24187.35
1914,2026-04-29 09:30:00,NIFTY,2026-05-05,24550.0,CE,1440790,-8450,33594925,14.68,61.85,24187.35
1915,2026-04-29 09:30:00,NIFTY,2026-05-12,23450.0,CE,780,0,325,27.22,982.15,24187.35
1916,2026-04-29 09:30:00,NIFTY,2026-05-05,24500.0,PE,1132950,-8580,15316210,15.9,373.2,24187.35
1917,2026-04-29 09:30:00,NIFTY,2026-05-05,24500.0,CE,7677605,-32630,105372800,14.67,73.95,24187.35
1918,2026-04-29 09:30:00,NIFTY,2026-05-12,26350.0,PE,0,0,0,96.49,3069.55,24187.35
1919,2026-04-29 09:30:00,NIFTY,2026-05-12,23350.0,PE,47385,-195,133055,18.67,61.4,24187.35
1920,2026-04-29 09:30:00,NIFTY,2026-05-05,24450.0,PE,236405,-12740,4400565,15.83,337.25,24187.35
1921,2026-04-29 09:35:00,NIFTY,2026-05-12,23300.0,CE,2275,0,1625,16.76,980.9,24189.7
1922,2026-04-29 09:35:00,NIFTY,2026-05-12,25000.0,PE,147485,0,82355,16.3,815.95,24189.7
1923,2026-04-29 09:35:00,NIFTY,2026-05-12,25000.0,CE,834600,4030,2900950,15.17,51.2,24189.7
1924,2026-04-29 09:35:00,NIFTY,2026-05-12,23250.0,PE,57200,-715,179140,18.9,49.8,24189.7
1925,2026-04-29 09:35:00,NIFTY,2026-05-12,23250.0,CE,585,0,260,29.79,1169.35,24189.7
1926,2026-04-29 09:35:00,NIFTY,2026-05-12,24950.0,PE,65,0,455,,677.0,24189.7
1927,2026-04-29 09:35:00,NIFTY,2026-05-05,23000.0,PE,5441410,-3445,26553540,20.72,6.25,24189.7
1928,2026-04-29 09:35:00,NIFTY,2026-05-12,24950.0,CE,42705,65,163735,15.17,58.55,24189.7
1929,2026-04-29 09:35:00,NIFTY,2026-05-05,24600.0,CE,2810080,-5980,52694265,14.78,52.55,24189.7
1930,2026-04-29 09:35:00,NIFTY,2026-05-12,23350.0,CE,65,0,0,17.63,944.6,24189.7
1931,2026-04-29 09:35:00,NIFTY,2026-05-05,24550.0,PE,102440,-845,1618500,15.28,402.25,24189.7
1932,2026-04-29 09:35:00,NIFTY,2026-05-12,26350.0,CE,6760,0,6695,17.94,1.95,24189.7
1933,2026-04-29 09:35:00,NIFTY,2026-05-05,23000.0,CE,203645,0,92235,24.3,1229.3,24189.7
1934,2026-04-29 09:35:00,NIFTY,2026-05-05,22950.0,PE,444665,-15080,3142490,21.1,5.65,24189.7
1935,2026-04-29 09:35:00,NIFTY,2026-05-12,26300.0,PE,65,0,0,31.78,2110.45,24189.7
1936,2026-04-29 09:35:00,NIFTY,2026-05-12,26300.0,CE,18395,0,21710,17.58,1.95,24189.7
1937,2026-04-29 09:35:00,NIFTY,2026-05-12,23300.0,PE,167115,1040,558350,18.82,55.5,24189.7
1938,2026-04-29 09:35:00,NIFTY,2026-05-05,22950.0,CE,1755,0,325,24.15,1276.5,24189.7
1939,2026-04-29 09:35:00,NIFTY,2026-05-05,22900.0,PE,2094560,30810,10440170,21.51,5.15,24189.7
1940,2026-04-29 09:35:00,NIFTY,2026-05-12,23200.0,PE,277940,2405,656240,19.12,45.75,24189.7
1941,2026-04-29 09:35:00,NIFTY,2026-05-05,22900.0,CE,6435,0,2665,,1289.0,24189.7
1942,2026-04-29 09:35:00,NIFTY,2026-05-12,24900.0,PE,10530,0,8385,15.79,726.9,24189.7
1943,2026-04-29 09:35:00,NIFTY,2026-05-05,22850.0,PE,1895985,-23335,5973435,21.99,4.8,24189.7
1944,2026-04-29 09:35:00,NIFTY,2026-05-12,24900.0,CE,597220,325,1229215,15.2,67.0,24189.7
1945,2026-04-29 09:35:00,NIFTY,2026-05-12,24850.0,PE,390,195,780,16.3,693.35,24189.7
1946,2026-04-29 09:35:00,NIFTY,2026-05-05,26350.0,CE,48555,0,81965,23.41,0.55,24189.7
1947,2026-04-29 09:35:00,NIFTY,2026-05-05,26300.0,PE,65,0,0,47.65,2144.95,24189.7
1948,2026-04-29 09:35:00,NIFTY,2026-05-05,26300.0,CE,198965,0,626795,22.94,0.55,24189.7
1949,2026-04-29 09:35:00,NIFTY,2026-05-05,26250.0,PE,0,0,0,151.06,3126.3,24189.7
1950,2026-04-29 09:35:00,NIFTY,2026-05-05,26250.0,CE,89310,0,171015,22.65,0.6,24189.7
1951,2026-04-29 09:35:00,NIFTY,2026-05-05,26200.0,PE,325,0,0,35.93,2003.0,24189.7
1952,2026-04-29 09:35:00,NIFTY,2026-05-05,26200.0,CE,317915,0,488930,22.17,0.6,24189.7
1953,2026-04-29 09:35:00,NIFTY,2026-05-12,23200.0,CE,2470,0,2405,17.64,1077.4,24189.7
1954,2026-04-29 09:35:00,NIFTY,2026-05-05,23150.0,CE,4095,0,2795,19.51,1072.9,24189.7
1955,2026-04-29 09:35:00,NIFTY,2026-05-05,23100.0,PE,1611350,-14625,12574575,19.99,7.8,24189.7
1956,2026-04-29 09:35:00,NIFTY,2026-05-12,24850.0,CE,63960,-130,163670,15.44,79.2,24189.7
1957,2026-04-29 09:35:00,NIFTY,2026-05-12,24800.0,PE,27170,0,31915,16.35,655.0,24189.7
1958,2026-04-29 09:35:00,NIFTY,2026-05-05,23100.0,CE,10335,0,7475,15.2,1115.55,24189.7
1959,2026-04-29 09:35:00,NIFTY,2026-05-12,26250.0,PE,0,0,0,94.93,2971.0,24189.7
1960,2026-04-29 09:35:00,NIFTY,2026-05-12,24800.0,CE,266110,-5135,1069770,15.19,86.1,24189.7
1961,2026-04-29 09:35:00,NIFTY,2026-05-12,26250.0,CE,18460,0,13520,17.57,2.3,24189.7
1962,2026-04-29 09:35:00,NIFTY,2026-05-05,23050.0,PE,380705,-7865,4037995,20.39,7.05,24189.7
1963,2026-04-29 09:35:00,NIFTY,2026-05-12,24750.0,PE,3055,0,5330,16.62,621.0,24189.7
1964,2026-04-29 09:35:00,NIFTY,2026-05-12,26200.0,PE,0,0,0,94.1,2921.8,24189.7
1965,2026-04-29 09:35:00,NIFTY,2026-05-12,24750.0,CE,69875,-65,193050,15.22,97.55,24189.7
1966,2026-04-29 09:35:00,NIFTY,2026-05-12,26200.0,CE,54535,0,91650,17.01,2.1,24189.7
1967,2026-04-29 09:35:00,NIFTY,2026-05-05,23050.0,CE,910,0,260,25.06,1184.8,24189.7
1968,2026-04-29 09:35:00,NIFTY,2026-05-05,26450.0,PE,0,0,0,,3323.05,24189.7
1969,2026-04-29 09:35:00,NIFTY,2026-05-05,26450.0,CE,62985,-65,161330,24.56,0.6,24189.7
1970,2026-04-29 09:35:00,NIFTY,2026-05-12,26150.0,CE,11440,0,27365,16.96,2.45,24189.7
1971,2026-04-29 09:35:00,NIFTY,2026-05-05,26400.0,PE,65,0,0,66.45,2356.65,24189.7
1972,2026-04-29 09:35:00,NIFTY,2026-05-12,26100.0,PE,260,0,0,34.98,1960.0,24189.7
1973,2026-04-29 09:35:00,NIFTY,2026-05-05,26400.0,CE,206180,0,549575,24.09,0.6,24189.7
1974,2026-04-29 09:35:00,NIFTY,2026-05-12,26100.0,CE,69355,130,96590,16.5,2.35,24189.7
1975,2026-04-29 09:35:00,NIFTY,2026-05-05,23400.0,CE,42575,0,55900,16.14,824.7,24189.7
1976,2026-04-29 09:35:00,NIFTY,2026-05-12,24700.0,PE,32695,-1170,70395,15.86,572.45,24189.7
1977,2026-04-29 09:35:00,NIFTY,2026-05-12,24700.0,CE,285870,4160,849810,15.25,110.1,24189.7
1978,2026-04-29 09:35:00,NIFTY,2026-05-05,23350.0,PE,695175,9425,7818655,18.43,15.0,24189.7
1979,2026-04-29 09:35:00,NIFTY,2026-05-05,23350.0,CE,11180,0,15015,16.72,874.0,24189.7
1980,2026-04-29 09:35:00,NIFTY,2026-05-12,26150.0,PE,0,0,0,93.27,2872.65,24189.7
1981,2026-04-29 09:35:00,NIFTY,2026-05-05,23300.0,PE,2338570,-54340,19704880,18.69,12.95,24189.7
1982,2026-04-29 09:35:00,NIFTY,2026-05-12,26050.0,PE,0,0,0,91.6,2774.55,24189.7
1983,2026-04-29 09:35:00,NIFTY,2026-05-05,23300.0,CE,58175,0,34515,20.25,933.3,24189.7
1984,2026-04-29 09:35:00,NIFTY,2026-05-12,26050.0,CE,29055,0,27495,16.52,2.85,24189.7
1985,2026-04-29 09:35:00,NIFTY,2026-05-05,23250.0,PE,901355,-20345,8135465,19.02,11.4,24189.7
1986,2026-04-29 09:35:00,NIFTY,2026-05-12,26000.0,PE,2015,0,130,,1740.0,24189.7
1987,2026-04-29 09:35:00,NIFTY,2026-05-05,23250.0,CE,3575,0,3575,25.05,1001.7,24189.7
1988,2026-04-29 09:35:00,NIFTY,2026-05-12,24650.0,PE,3185,-130,8905,15.33,528.0,24189.7
1989,2026-04-29 09:35:00,NIFTY,2026-05-12,26000.0,CE,965380,0,1640210,16.21,2.95,24189.7
1990,2026-04-29 09:35:00,NIFTY,2026-05-05,23200.0,PE,2822755,-12415,19462300,19.27,9.85,24189.7
1991,2026-04-29 09:35:00,NIFTY,2026-05-05,23200.0,CE,19825,0,14365,18.34,1022.0,24189.7
1992,2026-04-29 09:35:00,NIFTY,2026-05-05,23150.0,PE,610675,-9100,6275490,19.67,8.85,24189.7
1993,2026-04-29 09:35:00,NIFTY,2026-05-05,26350.0,PE,520,0,0,68.33,2329.15,24189.7
1994,2026-04-29 09:35:00,NIFTY,2026-05-12,24550.0,CE,40820,-65,205530,15.45,156.8,24189.7
1995,2026-04-29 09:35:00,NIFTY,2026-05-05,21800.0,CE,0,0,0,,1383.9,24189.7
1996,2026-04-29 09:35:00,NIFTY,2026-05-12,25950.0,PE,0,0,0,89.91,2676.7,24189.7
1997,2026-04-29 09:35:00,NIFTY,2026-05-12,24650.0,CE,38740,-65,153725,15.28,123.9,24189.7
1998,2026-04-29 09:35:00,NIFTY,2026-05-12,25950.0,CE,17745,0,37375,16.25,3.6,24189.7
1999,2026-04-29 09:35:00,NIFTY,2026-05-12,24600.0,PE,28925,-195,112450,16.07,504.6,24189.7
2000,2026-04-29 09:35:00,NIFTY,2026-05-12,25900.0,PE,0,0,0,89.07,2627.9,24189.7
2001,2026-04-29 09:35:00,NIFTY,2026-05-12,24600.0,CE,628875,-715,1497795,15.36,139.55,24189.7
2002,2026-04-29 09:35:00,NIFTY,2026-05-12,24550.0,PE,6370,-130,15145,15.43,460.0,24189.7
2003,2026-04-29 09:35:00,NIFTY,2026-05-12,25900.0,CE,96265,0,299195,16.12,4.05,24189.7
2004,2026-04-29 09:35:00,NIFTY,2026-05-12,25850.0,PE,0,0,0,88.22,2579.2,24189.7
2005,2026-04-29 09:35:00,NIFTY,2026-05-12,25850.0,CE,19435,0,44330,16.22,5.05,24189.7
2006,2026-04-29 09:35:00,NIFTY,2026-05-12,25800.0,PE,0,0,0,87.37,2530.55,24189.7
2007,2026-04-29 09:35:00,NIFTY,2026-05-12,25800.0,CE,160940,195,513695,16.01,5.5,24189.7
2008,2026-04-29 09:35:00,NIFTY,2026-05-05,24650.0,CE,1282580,-29770,28464865,14.82,43.6,24189.7
2009,2026-04-29 09:35:00,NIFTY,2026-05-05,24600.0,PE,241930,4225,2215915,15.16,440.0,24189.7
2010,2026-04-29 09:35:00,NIFTY,2026-05-12,25750.0,PE,65,0,65,,1425.5,24189.7
2011,2026-04-29 09:35:00,NIFTY,2026-05-12,25750.0,CE,40105,-65,105235,15.9,6.25,24189.7
2012,2026-04-29 09:35:00,NIFTY,2026-05-12,25700.0,PE,65,0,0,44.31,1750.0,24189.7
2013,2026-04-29 09:35:00,NIFTY,2026-05-12,23000.0,PE,1011400,-845,2584465,19.72,30.95,24189.7
2014,2026-04-29 09:35:00,NIFTY,2026-05-12,23000.0,CE,13780,325,4940,17.28,1260.0,24189.7
2015,2026-04-29 09:35:00,NIFTY,2026-05-12,22950.0,PE,50180,-1235,154115,19.87,28.0,24189.7
2016,2026-04-29 09:35:00,NIFTY,2026-05-05,24750.0,PE,31655,130,137020,16.2,572.2,24189.7
2017,2026-04-29 09:35:00,NIFTY,2026-05-12,22950.0,CE,65,0,0,,1251.8,24189.7
2018,2026-04-29 09:35:00,NIFTY,2026-05-05,24750.0,CE,1360580,-18850,24351015,14.97,29.9,24189.7
2019,2026-04-29 09:35:00,NIFTY,2026-05-12,23100.0,PE,97175,-455,493480,19.4,37.5,24189.7
2020,2026-04-29 09:35:00,NIFTY,2026-05-05,24700.0,PE,207350,1365,1209065,15.47,524.4,24189.7
2021,2026-04-29 09:35:00,NIFTY,2026-05-12,23100.0,CE,845,0,455,31.08,1302.2,24189.7
2022,2026-04-29 09:35:00,NIFTY,2026-05-05,24700.0,CE,2490410,-19435,42700385,14.85,35.85,24189.7
2023,2026-04-29 09:35:00,NIFTY,2026-05-12,23050.0,PE,22100,-2080,129480,19.58,34.25,24189.7
2024,2026-04-29 09:35:00,NIFTY,2026-05-12,23050.0,CE,65,0,585,,1094.05,24189.7
2025,2026-04-29 09:35:00,NIFTY,2026-05-05,24650.0,PE,58435,650,325715,15.55,483.6,24189.7
2026,2026-04-29 09:35:00,NIFTY,2026-05-12,23150.0,PE,25415,-130,102830,19.21,41.05,24189.7
2027,2026-04-29 09:35:00,NIFTY,2026-05-12,23150.0,CE,130,0,130,,1028.3,24189.7
2028,2026-04-29 09:35:00,NIFTY,2026-05-05,22500.0,CE,15860,0,3120,35.69,1738.2,24189.7
2029,2026-04-29 09:35:00,NIFTY,2026-05-05,22450.0,PE,253175,6370,1496885,25.54,2.7,24189.7
2030,2026-04-29 09:35:00,NIFTY,2026-05-05,22450.0,CE,130,0,65,,1678.75,24189.7
2031,2026-04-29 09:35:00,NIFTY,2026-05-05,22400.0,PE,785980,-4680,5242250,25.95,2.5,24189.7
2032,2026-04-29 09:35:00,NIFTY,2026-05-12,22750.0,CE,0,0,0,,774.75,24189.7
2033,2026-04-29 09:35:00,NIFTY,2026-05-12,22700.0,PE,131560,65,447720,20.76,17.55,24189.7
2034,2026-04-29 09:35:00,NIFTY,2026-05-12,22700.0,CE,65,0,65,,1422.25,24189.7
2035,2026-04-29 09:35:00,NIFTY,2026-05-05,23650.0,CE,47970,0,104130,16.7,599.85,24189.7
2036,2026-04-29 09:35:00,NIFTY,2026-05-05,23600.0,PE,2347475,-208780,26192530,17.24,31.8,24189.7
2037,2026-04-29 09:35:00,NIFTY,2026-05-05,24900.0,PE,176410,-1430,160355,17.15,710.0,24189.7
2038,2026-04-29 09:35:00,NIFTY,2026-05-05,24900.0,CE,2488135,-153270,30622280,15.32,16.95,24189.7
2039,2026-04-29 09:35:00,NIFTY,2026-05-12,22850.0,CE,0,0,0,,711.05,24189.7
2040,2026-04-29 09:35:00,NIFTY,2026-05-05,23600.0,CE,95355,845,254020,15.92,639.0,24189.7
2041,2026-04-29 09:35:00,NIFTY,2026-05-05,23550.0,PE,780065,-19955,9380800,17.45,27.25,24189.7
2042,2026-04-29 09:35:00,NIFTY,2026-05-12,22800.0,PE,305825,130,782015,20.35,20.9,24189.7
2043,2026-04-29 09:35:00,NIFTY,2026-05-12,22800.0,CE,4355,0,455,,1336.35,24189.7
2044,2026-04-29 09:35:00,NIFTY,2026-05-05,23550.0,CE,28795,65,46150,16.45,686.75,24189.7
2045,2026-04-29 09:35:00,NIFTY,2026-05-05,24850.0,PE,17290,325,56680,13.19,645.1,24189.7
2046,2026-04-29 09:35:00,NIFTY,2026-05-12,22750.0,PE,19565,130,68575,20.59,19.3,24189.7
2047,2026-04-29 09:35:00,NIFTY,2026-05-05,24850.0,CE,1275430,-13910,19091475,15.21,20.55,24189.7
2048,2026-04-29 09:35:00,NIFTY,2026-05-05,23500.0,PE,3743675,-53560,38004525,17.69,23.45,24189.7
2049,2026-04-29 09:35:00,NIFTY,2026-05-05,26500.0,PE,10660,0,2600,,2213.05,24189.7
2050,2026-04-29 09:35:00,NIFTY,2026-05-05,26550.0,PE,0,0,0,,3421.65,24189.7
2051,2026-04-29 09:35:00,NIFTY,2026-05-05,26500.0,CE,405860,0,1257035,24.83,0.55,24189.7
2052,2026-04-29 09:35:00,NIFTY,2026-05-05,23500.0,CE,498940,-650,661245,15.62,728.85,24189.7
2053,2026-04-29 09:35:00,NIFTY,2026-05-05,23450.0,PE,738595,6695,9815845,17.91,20.1,24189.7
2054,2026-04-29 09:35:00,NIFTY,2026-05-05,26550.0,CE,157560,0,602680,25.5,0.6,24189.7
2055,2026-04-29 09:35:00,NIFTY,2026-05-12,22900.0,PE,158535,520,459160,20.03,25.4,24189.7
2056,2026-04-29 09:35:00,NIFTY,2026-05-05,23450.0,CE,17745,0,27235,20.24,796.8,24189.7
2057,2026-04-29 09:35:00,NIFTY,2026-05-12,22900.0,CE,0,0,0,,680.35,24189.7
2058,2026-04-29 09:35:00,NIFTY,2026-05-05,23400.0,PE,1639235,-13650,17873635,18.16,17.3,24189.7
2059,2026-04-29 09:35:00,NIFTY,2026-05-12,22850.0,PE,36660,-715,127205,20.19,23.05,24189.7
2060,2026-04-29 09:35:00,NIFTY,2026-05-05,24800.0,PE,227045,-1625,652665,16.34,616.4,24189.7
2061,2026-04-29 09:35:00,NIFTY,2026-05-05,24800.0,CE,3497650,-80665,43069325,15.04,24.55,24189.7
2062,2026-04-29 09:35:00,NIFTY,2026-05-12,24450.0,PE,18005,-390,69355,15.91,404.1,24189.7
2063,2026-04-29 09:35:00,NIFTY,2026-05-12,24450.0,CE,55380,455,235560,15.53,193.7,24189.7
2064,2026-04-29 09:35:00,NIFTY,2026-05-12,22600.0,PE,107380,3315,390520,21.24,15.0,24189.7
2065,2026-04-29 09:35:00,NIFTY,2026-05-05,25150.0,CE,1013480,-8905,10716420,16.34,7.25,24189.7
2066,2026-04-29 09:35:00,NIFTY,2026-05-12,22600.0,CE,0,0,0,,876.1,24189.7
2067,2026-04-29 09:35:00,NIFTY,2026-05-05,25100.0,PE,11700,0,18265,17.39,896.0,24189.7
2068,2026-04-29 09:35:00,NIFTY,2026-05-12,24500.0,PE,224705,585,544505,16.15,439.65,24189.7
2069,2026-04-29 09:35:00,NIFTY,2026-05-12,24500.0,CE,708305,6435,2197325,15.48,174.5,24189.7
2070,2026-04-29 09:35:00,NIFTY,2026-05-05,25100.0,CE,3109145,-30615,24243830,16.09,8.45,24189.7
2071,2026-04-29 09:35:00,NIFTY,2026-05-05,25050.0,PE,2600,0,10725,17.67,850.05,24189.7
2072,2026-04-29 09:35:00,NIFTY,2026-05-12,22650.0,PE,17290,0,54275,21.01,16.25,24189.7
2073,2026-04-29 09:35:00,NIFTY,2026-05-05,25050.0,CE,906230,27560,11340355,15.9,10.05,24189.7
2074,2026-04-29 09:35:00,NIFTY,2026-05-12,22650.0,CE,0,0,0,,841.6,24189.7
2075,2026-04-29 09:35:00,NIFTY,2026-05-05,25000.0,PE,574340,1040,759070,17.3,802.0,24189.7
2076,2026-04-29 09:35:00,NIFTY,2026-05-05,23700.0,CE,175240,-5655,865020,15.87,551.3,24189.7
2077,2026-04-29 09:35:00,NIFTY,2026-05-05,25000.0,CE,7183215,4225,66083420,15.7,11.95,24189.7
2078,2026-04-29 09:35:00,NIFTY,2026-05-05,24950.0,PE,5005,130,14950,14.16,742.95,24189.7
2079,2026-04-29 09:35:00,NIFTY,2026-05-05,23650.0,PE,744380,-18525,12287470,17.06,37.3,24189.7
2080,2026-04-29 09:35:00,NIFTY,2026-05-05,24950.0,CE,997685,-47385,22529390,15.5,14.2,24189.7
2081,2026-04-29 09:35:00,NIFTY,2026-05-12,22450.0,CE,0,0,0,,985.1,24189.7
2082,2026-04-29 09:35:00,NIFTY,2026-05-12,24350.0,PE,56615,-1560,239070,16.31,352.5,24189.7
2083,2026-04-29 09:35:00,NIFTY,2026-05-12,22550.0,CE,0,0,0,,911.35,24189.7
2084,2026-04-29 09:35:00,NIFTY,2026-05-05,23800.0,CE,458445,-3185,2068430,15.8,468.1,24189.7
2085,2026-04-29 09:35:00,NIFTY,2026-05-12,22500.0,PE,684190,-1170,1062880,21.75,12.95,24189.7
2086,2026-04-29 09:35:00,NIFTY,2026-05-05,25300.0,PE,4810,0,4030,,1081.0,24189.7
2087,2026-04-29 09:35:00,NIFTY,2026-05-12,24350.0,CE,96590,520,409890,15.57,235.15,24189.7
2088,2026-04-29 09:35:00,NIFTY,2026-05-05,23750.0,PE,921700,-27820,15549950,16.7,50.9,24189.7
2089,2026-04-29 09:35:00,NIFTY,2026-05-05,25850.0,PE,195,0,0,37.59,1681.4,24189.7
2090,2026-04-29 09:35:00,NIFTY,2026-05-12,22500.0,CE,715,0,1365,34.9,1840.0,24189.7
2091,2026-04-29 09:35:00,NIFTY,2026-05-12,22450.0,PE,17355,-195,47320,22.03,12.15,24189.7
2092,2026-04-29 09:35:00,NIFTY,2026-05-05,25300.0,CE,3602950,19630,27037270,17.03,4.5,24189.7
2093,2026-04-29 09:35:00,NIFTY,2026-05-12,24400.0,PE,189605,6760,534885,16.23,379.8,24189.7
2094,2026-04-29 09:35:00,NIFTY,2026-05-12,24400.0,CE,286845,5005,1172145,15.56,214.0,24189.7
2095,2026-04-29 09:35:00,NIFTY,2026-05-05,25250.0,PE,2730,0,2665,,1024.2,24189.7
2096,2026-04-29 09:35:00,NIFTY,2026-05-05,23750.0,CE,66625,-390,245635,15.82,509.0,24189.7
2097,2026-04-29 09:35:00,NIFTY,2026-05-05,25250.0,CE,775190,-3445,9416095,16.79,5.25,24189.7
2098,2026-04-29 09:35:00,NIFTY,2026-05-05,22800.0,CE,8905,0,845,32.77,1447.6,24189.7
2099,2026-04-29 09:35:00,NIFTY,2026-05-12,22550.0,PE,20995,-130,61490,21.5,13.95,24189.7
2100,2026-04-29 09:35:00,NIFTY,2026-05-05,23700.0,PE,2345590,-14690,33186595,16.85,43.4,24189.7
2101,2026-04-29 09:35:00,NIFTY,2026-05-05,25200.0,PE,73775,0,38285,,981.85,24189.7
2102,2026-04-29 09:35:00,NIFTY,2026-05-05,22750.0,PE,391560,-2080,2063100,22.83,4.05,24189.7
2103,2026-04-29 09:35:00,NIFTY,2026-05-05,25200.0,CE,3386695,-54405,23586030,16.51,6.05,24189.7
2104,2026-04-29 09:35:00,NIFTY,2026-05-05,25150.0,PE,390,0,455,17.51,943.9,24189.7
2105,2026-04-29 09:35:00,NIFTY,2026-05-12,25650.0,PE,0,0,0,84.82,2385.25,24189.7
2106,2026-04-29 09:35:00,NIFTY,2026-05-05,21900.0,PE,318370,-845,1194050,31.63,2.0,24189.7
2107,2026-04-29 09:35:00,NIFTY,2026-05-12,25650.0,CE,39910,260,95420,15.65,8.0,24189.7
2108,2026-04-29 09:35:00,NIFTY,2026-05-05,22550.0,PE,173940,5135,1189890,24.56,3.0,24189.7
2109,2026-04-29 09:35:00,NIFTY,2026-05-12,24250.0,CE,114205,65,453180,15.84,286.45,24189.7
2110,2026-04-29 09:35:00,NIFTY,2026-05-05,21900.0,CE,0,0,0,,1300.85,24189.7
2111,2026-04-29 09:35:00,NIFTY,2026-05-12,22350.0,CE,0,0,0,,1059.6,24189.7
2112,2026-04-29 09:35:00,NIFTY,2026-05-05,21850.0,PE,40495,-1885,171080,32.08,1.9,24189.7
2113,2026-04-29 09:35:00,NIFTY,2026-05-12,22300.0,PE,222625,260,424255,22.9,10.1,24189.7
2114,2026-04-29 09:35:00,NIFTY,2026-05-05,25550.0,PE,650,0,260,,1181.75,24189.7
2115,2026-04-29 09:35:00,NIFTY,2026-05-05,21850.0,CE,0,0,0,,1342.1,24189.7
2116,2026-04-29 09:35:00,NIFTY,2026-05-12,22300.0,CE,0,0,0,,1098.3,24189.7
2117,2026-04-29 09:35:00,NIFTY,2026-05-05,25550.0,CE,700960,27885,4222985,17.99,1.95,24189.7
2118,2026-04-29 09:35:00,NIFTY,2026-05-05,26000.0,PE,177385,0,31720,23.37,1784.75,24189.7
2119,2026-04-29 09:35:00,NIFTY,2026-05-05,22550.0,CE,130,0,260,54.77,1796.5,24189.7
2120,2026-04-29 09:35:00,NIFTY,2026-05-05,22500.0,PE,4123860,39260,13672945,25.0,2.8,24189.7
2121,2026-04-29 09:35:00,NIFTY,2026-05-12,24300.0,CE,432575,3900,1531595,15.74,260.8,24189.7
2122,2026-04-29 09:35:00,NIFTY,2026-05-05,25500.0,PE,317070,-455,58435,,1281.0,24189.7
2123,2026-04-29 09:35:00,NIFTY,2026-05-12,22400.0,PE,99970,-65,195195,22.27,11.25,24189.7
2124,2026-04-29 09:35:00,NIFTY,2026-05-05,26000.0,CE,5224440,8060,13864565,20.69,0.75,24189.7
2125,2026-04-29 09:35:00,NIFTY,2026-05-12,22400.0,CE,0,0,0,,1021.6,24189.7
2126,2026-04-29 09:35:00,NIFTY,2026-05-12,25700.0,CE,144430,1300,347945,15.75,7.0,24189.7
2127,2026-04-29 09:35:00,NIFTY,2026-05-12,24250.0,PE,121095,260,449670,16.56,303.7,24189.7
2128,2026-04-29 09:35:00,NIFTY,2026-05-05,23950.0,CE,150475,-5915,3104725,15.48,351.75,24189.7
2129,2026-04-29 09:35:00,NIFTY,2026-05-05,25500.0,CE,5131685,160225,25853750,18.0,2.5,24189.7
2130,2026-04-29 09:35:00,NIFTY,2026-05-05,25950.0,PE,0,0,0,143.65,2832.5,24189.7
2131,2026-04-29 09:35:00,NIFTY,2026-05-05,23900.0,PE,2824640,-32630,44350475,16.21,80.1,24189.7
2132,2026-04-29 09:35:00,NIFTY,2026-05-05,25450.0,PE,975,0,130,14.76,1233.75,24189.7
2133,2026-04-29 09:35:00,NIFTY,2026-05-12,22350.0,PE,9295,195,22425,22.64,10.8,24189.7
2134,2026-04-29 09:35:00,NIFTY,2026-05-05,25950.0,CE,312520,-4030,959335,20.18,0.75,24189.7
2135,2026-04-29 09:35:00,NIFTY,2026-05-05,23900.0,CE,545740,-13650,5138510,15.57,388.85,24189.7
2136,2026-04-29 09:35:00,NIFTY,2026-05-05,25450.0,CE,875940,5720,7510945,17.81,2.95,24189.7
2137,2026-04-29 09:35:00,NIFTY,2026-05-05,25900.0,PE,455,0,0,38.14,1730.0,24189.7
2138,2026-04-29 09:35:00,NIFTY,2026-05-05,25400.0,PE,3250,0,1560,16.13,1185.0,24189.7
2139,2026-04-29 09:35:00,NIFTY,2026-05-05,23850.0,PE,1046890,-79495,20836270,16.35,68.8,24189.7
2140,2026-04-29 09:35:00,NIFTY,2026-05-05,23850.0,CE,85215,-2990,755300,15.51,426.2,24189.7
2141,2026-04-29 09:35:00,NIFTY,2026-05-05,25400.0,CE,2246075,-24960,19562530,17.56,3.4,24189.7
2142,2026-04-29 09:35:00,NIFTY,2026-05-05,23800.0,PE,3266705,-30940,45084910,16.51,59.1,24189.7
2143,2026-04-29 09:35:00,NIFTY,2026-05-05,25350.0,PE,1105,65,4160,17.95,1138.2,24189.7
2144,2026-04-29 09:35:00,NIFTY,2026-05-12,24300.0,PE,417040,1885,1356940,16.38,326.5,24189.7
2145,2026-04-29 09:35:00,NIFTY,2026-05-05,25350.0,CE,819650,7020,8474635,17.29,3.9,24189.7
2146,2026-04-29 09:35:00,NIFTY,2026-05-05,25900.0,CE,1325805,845,2460575,19.81,0.8,24189.7
2147,2026-04-29 09:35:00,NIFTY,2026-05-05,21800.0,PE,568425,-325,1434095,32.72,1.9,24189.7
2148,2026-04-29 09:35:00,NIFTY,2026-05-05,22100.0,PE,374920,-1820,1734915,29.33,2.15,24189.7
2149,2026-04-29 09:35:00,NIFTY,2026-05-12,25500.0,CE,565760,-910,2111915,15.45,12.3,24189.7
2150,2026-04-29 09:35:00,NIFTY,2026-05-05,22100.0,CE,715,0,0,,2077.3,24189.7
2151,2026-04-29 09:35:00,NIFTY,2026-05-05,22050.0,PE,33670,-260,65585,29.89,2.1,24189.7
2152,2026-04-29 09:35:00,NIFTY,2026-05-05,22050.0,CE,0,0,0,,1180.2,24189.7
2153,2026-04-29 09:35:00,NIFTY,2026-05-12,22100.0,PE,79170,65,156195,24.0,7.85,24189.7
2154,2026-04-29 09:35:00,NIFTY,2026-05-05,22000.0,PE,3927950,20800,8950435,30.35,2.0,24189.7
2155,2026-04-29 09:35:00,NIFTY,2026-05-12,24200.0,PE,565630,14495,1883570,16.63,280.3,24189.7
2156,2026-04-29 09:35:00,NIFTY,2026-05-12,25500.0,PE,25610,0,24960,16.85,1270.3,24189.7
2157,2026-04-29 09:35:00,NIFTY,2026-05-05,22000.0,CE,27365,0,5590,3.33,2201.0,24189.7
2158,2026-04-29 09:35:00,NIFTY,2026-05-12,24200.0,CE,936000,18330,1839695,15.84,311.65,24189.7
2159,2026-04-29 09:35:00,NIFTY,2026-05-12,22100.0,CE,0,0,0,,1259.0,24189.7
2160,2026-04-29 09:35:00,NIFTY,2026-05-12,22050.0,PE,16510,-1495,33735,24.33,7.5,24189.7
2161,2026-04-29 09:35:00,NIFTY,2026-05-12,24150.0,PE,85930,-1235,408200,16.48,254.1,24189.7
2162,2026-04-29 09:35:00,NIFTY,2026-05-05,25700.0,CE,1497600,-52130,6947590,18.84,1.35,24189.7
2163,2026-04-29 09:35:00,NIFTY,2026-05-12,24150.0,CE,51155,-390,256490,15.92,339.55,24189.7
2164,2026-04-29 09:35:00,NIFTY,2026-05-05,21950.0,PE,15080,-65,84565,31.08,2.05,24189.7
2165,2026-04-29 09:35:00,NIFTY,2026-05-05,26050.0,PE,0,0,0,146.14,2930.2,24189.7
2166,2026-04-29 09:35:00,NIFTY,2026-05-12,22200.0,PE,50765,1625,107900,23.48,8.95,24189.7
2167,2026-04-29 09:35:00,NIFTY,2026-05-12,25600.0,CE,186810,650,564850,15.57,9.2,24189.7
2168,2026-04-29 09:35:00,NIFTY,2026-05-05,22600.0,PE,1026610,-10335,5048550,24.1,3.2,24189.7
2169,2026-04-29 09:35:00,NIFTY,2026-05-05,24000.0,CE,2384200,-60060,36233925,15.5,317.6,24189.7
2170,2026-04-29 09:35:00,NIFTY,2026-05-05,22600.0,CE,650,0,195,32.0,1632.1,24189.7
2171,2026-04-29 09:35:00,NIFTY,2026-05-05,23950.0,PE,1202370,-20085,21440250,16.03,92.3,24189.7
2172,2026-04-29 09:35:00,NIFTY,2026-05-12,22200.0,CE,0,0,0,,1177.45,24189.7
2173,2026-04-29 09:35:00,NIFTY,2026-05-12,25550.0,PE,0,0,0,83.11,2289.0,24189.7
2174,2026-04-29 09:35:00,NIFTY,2026-05-12,22150.0,PE,16770,585,15925,23.81,8.55,24189.7
2175,2026-04-29 09:35:00,NIFTY,2026-05-12,25550.0,CE,45110,455,118040,15.49,10.55,24189.7
2176,2026-04-29 09:35:00,NIFTY,2026-05-05,25650.0,PE,1560,0,780,25.59,1446.0,24189.7
2177,2026-04-29 09:35:00,NIFTY,2026-05-12,22150.0,CE,0,0,0,,1217.95,24189.7
2178,2026-04-29 09:35:00,NIFTY,2026-05-12,22250.0,PE,7865,-455,8840,23.19,9.5,24189.7
2179,2026-04-29 09:35:00,NIFTY,2026-05-05,22850.0,CE,260,0,65,,1233.95,24189.7
2180,2026-04-29 09:35:00,NIFTY,2026-05-05,25650.0,CE,437385,10985,1859780,18.45,1.45,24189.7
2181,2026-04-29 09:35:00,NIFTY,2026-05-05,22800.0,PE,2637635,15990,12865905,22.33,4.3,24189.7
2182,2026-04-29 09:35:00,NIFTY,2026-05-12,25600.0,PE,0,0,65,,1200.0,24189.7
2183,2026-04-29 09:35:00,NIFTY,2026-05-05,25600.0,PE,4745,0,3250,,1361.8,24189.7
2184,2026-04-29 09:35:00,NIFTY,2026-05-12,22250.0,CE,0,0,0,,1137.6,24189.7
2185,2026-04-29 09:35:00,NIFTY,2026-05-05,25600.0,CE,2386540,23725,9040915,18.31,1.75,24189.7
2186,2026-04-29 09:35:00,NIFTY,2026-05-05,26050.0,CE,581490,-2015,720070,21.04,0.7,24189.7
2187,2026-04-29 09:35:00,NIFTY,2026-05-05,21950.0,CE,0,0,0,,1260.05,24189.7
2188,2026-04-29 09:35:00,NIFTY,2026-05-05,22250.0,CE,1300,0,520,39.85,1987.5,24189.7
2189,2026-04-29 09:35:00,NIFTY,2026-05-05,22200.0,PE,715715,-65,2715570,28.12,2.2,24189.7
2190,2026-04-29 09:35:00,NIFTY,2026-05-05,22700.0,CE,5070,0,1300,26.76,1523.2,24189.7
2191,2026-04-29 09:35:00,NIFTY,2026-05-05,22200.0,CE,1040,0,130,40.21,2036.0,24189.7
2192,2026-04-29 09:35:00,NIFTY,2026-05-05,22650.0,PE,262925,-1365,1731405,23.63,3.4,24189.7
2193,2026-04-29 09:35:00,NIFTY,2026-05-05,22150.0,PE,145275,-325,633685,28.68,2.15,24189.7
2194,2026-04-29 09:35:00,NIFTY,2026-05-12,21900.0,CE,0,0,0,,1428.35,24189.7
2195,2026-04-29 09:35:00,NIFTY,2026-05-12,21850.0,PE,8775,0,8970,25.34,5.75,24189.7
2196,2026-04-29 09:35:00,NIFTY,2026-05-12,25450.0,PE,0,0,0,81.4,2193.3,24189.7
2197,2026-04-29 09:35:00,NIFTY,2026-05-05,22650.0,CE,260,0,65,32.52,1586.4,24189.7
2198,2026-04-29 09:35:00,NIFTY,2026-05-12,25450.0,CE,39455,520,125840,15.46,14.5,24189.7
2199,2026-04-29 09:35:00,NIFTY,2026-05-05,25750.0,PE,0,0,0,138.64,2638.0,24189.7
2200,2026-04-29 09:35:00,NIFTY,2026-05-12,24050.0,CE,35945,0,201695,16.14,400.8,24189.7
2201,2026-04-29 09:35:00,NIFTY,2026-05-12,24000.0,PE,1034930,-2210,2978430,16.89,198.85,24189.7
2202,2026-04-29 09:35:00,NIFTY,2026-05-05,24100.0,CE,2264535,-16835,79948635,15.26,251.7,24189.7
2203,2026-04-29 09:35:00,NIFTY,2026-05-05,26150.0,PE,0,0,0,148.61,3028.15,24189.7
2204,2026-04-29 09:35:00,NIFTY,2026-05-05,24050.0,PE,1780675,-73580,38926680,15.77,122.85,24189.7
2205,2026-04-29 09:35:00,NIFTY,2026-05-12,24000.0,CE,289835,3380,1018550,16.07,430.05,24189.7
2206,2026-04-29 09:35:00,NIFTY,2026-05-12,21950.0,CE,0,0,0,,1385.3,24189.7
2207,2026-04-29 09:35:00,NIFTY,2026-05-05,26150.0,CE,130260,1625,409955,21.86,0.65,24189.7
2208,2026-04-29 09:35:00,NIFTY,2026-05-12,21900.0,PE,28080,0,41340,25.38,6.65,24189.7
2209,2026-04-29 09:35:00,NIFTY,2026-05-05,24050.0,CE,537615,-34645,16603665,15.41,284.1,24189.7
2210,2026-04-29 09:35:00,NIFTY,2026-05-12,22050.0,CE,0,0,0,,1300.6,24189.7
2211,2026-04-29 09:35:00,NIFTY,2026-05-05,24000.0,PE,7674355,12415,101301785,15.91,106.85,24189.7
2212,2026-04-29 09:35:00,NIFTY,2026-05-12,24100.0,PE,266435,-1495,1437085,16.73,236.65,24189.7
2213,2026-04-29 09:35:00,NIFTY,2026-05-12,22000.0,PE,425620,-325,974545,24.55,6.95,24189.7
2214,2026-04-29 09:35:00,NIFTY,2026-05-12,22000.0,CE,1300,0,1300,39.76,2320.0,24189.7
2215,2026-04-29 09:35:00,NIFTY,2026-05-12,24100.0,CE,294190,-2080,1054495,15.95,368.15,24189.7
2216,2026-04-29 09:35:00,NIFTY,2026-05-12,21950.0,PE,13715,-455,17875,24.97,6.8,24189.7
2217,2026-04-29 09:35:00,NIFTY,2026-05-12,24050.0,PE,62660,1105,390260,16.82,217.3,24189.7
2218,2026-04-29 09:35:00,NIFTY,2026-05-05,25750.0,CE,466245,-3445,2039245,19.02,1.15,24189.7
2219,2026-04-29 09:35:00,NIFTY,2026-05-05,26100.0,PE,715,0,0,62.29,2070.0,24189.7
2220,2026-04-29 09:35:00,NIFTY,2026-05-05,26100.0,CE,1674270,0,2884960,21.2,0.6,24189.7
2221,2026-04-29 09:35:00,NIFTY,2026-05-05,25700.0,PE,1755,0,1690,20.91,1485.95,24189.7
2222,2026-04-29 09:35:00,NIFTY,2026-05-12,21850.0,CE,0,0,0,,1471.9,24189.7
2223,2026-04-29 09:35:00,NIFTY,2026-05-05,22150.0,CE,65,0,0,,1975.2,24189.7
2224,2026-04-29 09:35:00,NIFTY,2026-05-12,25300.0,CE,262015,-1105,669370,15.18,21.4,24189.7
2225,2026-04-29 09:35:00,NIFTY,2026-05-12,23750.0,PE,51025,-65,200850,17.31,125.15,24189.7
2226,2026-04-29 09:35:00,NIFTY,2026-05-12,23750.0,CE,520,0,1820,17.06,616.0,24189.7
2227,2026-04-29 09:35:00,NIFTY,2026-05-12,25250.0,PE,0,0,0,77.98,2003.95,24189.7
2228,2026-04-29 09:35:00,NIFTY,2026-05-05,22400.0,CE,1300,0,195,55.86,1930.6,24189.7
2229,2026-04-29 09:35:00,NIFTY,2026-05-12,25250.0,CE,101205,-650,258440,15.22,25.25,24189.7
2230,2026-04-29 09:35:00,NIFTY,2026-05-05,22350.0,PE,167960,975,1070225,26.6,2.5,24189.7
2231,2026-04-29 09:35:00,NIFTY,2026-05-12,26550.0,PE,0,0,0,99.83,3267.0,24189.7
2232,2026-04-29 09:35:00,NIFTY,2026-05-05,22350.0,CE,65,0,130,52.91,1955.35,24189.7
2233,2026-04-29 09:35:00,NIFTY,2026-05-12,25400.0,CE,227500,-780,772590,15.26,16.0,24189.7
2234,2026-04-29 09:35:00,NIFTY,2026-05-05,24250.0,CE,2271490,-7345,70814575,15.03,169.35,24189.7
2235,2026-04-29 09:35:00,NIFTY,2026-05-12,23850.0,PE,77935,195,257075,17.28,153.7,24189.7
2236,2026-04-29 09:35:00,NIFTY,2026-05-05,22300.0,PE,850980,-3185,3447145,27.05,2.35,24189.7
2237,2026-04-29 09:35:00,NIFTY,2026-05-05,22750.0,CE,1495,0,845,31.1,1487.55,24189.7
2238,2026-04-29 09:35:00,NIFTY,2026-05-05,22700.0,PE,1343615,-4810,7374185,23.18,3.65,24189.7
2239,2026-04-29 09:35:00,NIFTY,2026-05-12,23850.0,CE,4875,455,9165,16.49,535.95,24189.7
2240,2026-04-29 09:35:00,NIFTY,2026-05-05,22300.0,CE,195,0,0,,1840.0,24189.7
2241,2026-04-29 09:35:00,NIFTY,2026-05-05,25850.0,CE,323960,0,1391065,19.66,0.95,24189.7
2242,2026-04-29 09:35:00,NIFTY,2026-05-12,25350.0,PE,0,0,0,79.69,2098.25,24189.7
2243,2026-04-29 09:35:00,NIFTY,2026-05-05,24200.0,PE,6148740,-182325,116881115,15.43,183.2,24189.7
2244,2026-04-29 09:35:00,NIFTY,2026-05-12,25350.0,CE,45760,-390,138970,15.34,19.2,24189.7
2245,2026-04-29 09:35:00,NIFTY,2026-05-12,23800.0,PE,260390,-4680,982605,17.37,140.0,24189.7
2246,2026-04-29 09:35:00,NIFTY,2026-05-05,24200.0,CE,4989920,3640,113028305,15.1,194.7,24189.7
2247,2026-04-29 09:35:00,NIFTY,2026-05-05,25800.0,PE,1235,0,0,53.92,1750.8,24189.7
2248,2026-04-29 09:35:00,NIFTY,2026-05-05,24150.0,PE,2057900,9425,52704275,15.55,161.15,24189.7
2249,2026-04-29 09:35:00,NIFTY,2026-05-12,23800.0,CE,76830,1300,84240,16.4,570.0,24189.7
2250,2026-04-29 09:35:00,NIFTY,2026-05-12,25300.0,PE,390,0,585,9.97,1053.7,24189.7
2251,2026-04-29 09:35:00,NIFTY,2026-05-05,24150.0,CE,1108315,33020,46557030,15.18,222.15,24189.7
2252,2026-04-29 09:35:00,NIFTY,2026-05-12,23950.0,PE,44525,-4810,169845,16.81,179.25,24189.7
2253,2026-04-29 09:35:00,NIFTY,2026-05-12,21800.0,PE,19890,0,7995,25.85,5.8,24189.7
2254,2026-04-29 09:35:00,NIFTY,2026-05-12,23950.0,CE,12675,65,46475,16.23,464.55,24189.7
2255,2026-04-29 09:35:00,NIFTY,2026-05-05,24100.0,PE,4916210,-103610,106182765,15.66,141.05,24189.7
2256,2026-04-29 09:35:00,NIFTY,2026-05-12,25400.0,PE,3705,0,975,18.51,1188.35,24189.7
2257,2026-04-29 09:35:00,NIFTY,2026-05-12,23900.0,PE,150150,-520,614770,17.23,168.95,24189.7
2258,2026-04-29 09:35:00,NIFTY,2026-05-12,23900.0,CE,79040,0,139750,16.29,498.6,24189.7
2259,2026-04-29 09:35:00,NIFTY,2026-05-12,21800.0,CE,0,0,0,,1515.85,24189.7
2260,2026-04-29 09:35:00,NIFTY,2026-05-05,25800.0,CE,3118115,15015,12298390,19.15,0.95,24189.7
2261,2026-04-29 09:35:00,NIFTY,2026-05-12,23700.0,PE,558740,0,1135940,17.76,118.6,24189.7
2262,2026-04-29 09:35:00,NIFTY,2026-05-05,22250.0,PE,120380,2080,581360,27.62,2.3,24189.7
2263,2026-04-29 09:35:00,NIFTY,2026-05-12,23550.0,CE,715,0,2340,25.09,880.0,24189.7
2264,2026-04-29 09:35:00,NIFTY,2026-05-12,23600.0,CE,6630,0,10140,16.62,725.0,24189.7
2265,2026-04-29 09:35:00,NIFTY,2026-05-12,25200.0,CE,281515,-5720,930345,15.16,28.9,24189.7
2266,2026-04-29 09:35:00,NIFTY,2026-05-05,24450.0,CE,1398280,-29705,33986225,14.72,89.25,24189.7
2267,2026-04-29 09:35:00,NIFTY,2026-05-12,26500.0,CE,124540,0,110045,18.39,1.45,24189.7
2268,2026-04-29 09:35:00,NIFTY,2026-05-12,25150.0,PE,65,0,0,1.75,695.05,24189.7
2269,2026-04-29 09:35:00,NIFTY,2026-05-05,24400.0,PE,1550835,-7540,26614900,15.15,294.5,24189.7
2270,2026-04-29 09:35:00,NIFTY,2026-05-12,23550.0,PE,30290,0,129935,18.1,89.15,24189.7
2271,2026-04-29 09:35:00,NIFTY,2026-05-12,25150.0,CE,84890,260,397410,15.12,33.15,24189.7
2272,2026-04-29 09:35:00,NIFTY,2026-05-12,23700.0,CE,12675,0,53430,16.42,644.35,24189.7
2273,2026-04-29 09:35:00,NIFTY,2026-05-12,25200.0,PE,2470,0,2275,16.32,990.15,24189.7
2274,2026-04-29 09:35:00,NIFTY,2026-05-12,23650.0,PE,35555,-130,118235,17.85,107.7,24189.7
2275,2026-04-29 09:35:00,NIFTY,2026-05-12,26550.0,CE,57070,0,84695,18.59,1.35,24189.7
2276,2026-04-29 09:35:00,NIFTY,2026-05-05,24400.0,CE,4379115,14235,77220975,14.76,105.7,24189.7
2277,2026-04-29 09:35:00,NIFTY,2026-05-12,23650.0,CE,1170,0,2600,17.45,696.55,24189.7
2278,2026-04-29 09:35:00,NIFTY,2026-05-05,24350.0,PE,815685,10985,29248700,15.21,263.45,24189.7
2279,2026-04-29 09:35:00,NIFTY,2026-05-12,26500.0,PE,0,0,0,99.02,3217.6,24189.7
2280,2026-04-29 09:35:00,NIFTY,2026-05-12,23600.0,PE,212160,-975,669435,17.97,98.0,24189.7
2281,2026-04-29 09:35:00,NIFTY,2026-05-05,24350.0,CE,1996150,-62205,59372820,14.83,124.6,24189.7
2282,2026-04-29 09:35:00,NIFTY,2026-05-05,24300.0,PE,3666715,-124020,113063795,15.26,234.25,24189.7
2283,2026-04-29 09:35:00,NIFTY,2026-05-05,24300.0,CE,6024200,-161070,132460770,14.92,145.85,24189.7
2284,2026-04-29 09:35:00,NIFTY,2026-05-05,24250.0,PE,1639365,-145860,69158375,15.35,207.7,24189.7
2285,2026-04-29 09:35:00,NIFTY,2026-05-12,23500.0,PE,619320,-3185,1963260,18.2,80.75,24189.7
2286,2026-04-29 09:35:00,NIFTY,2026-05-12,25100.0,PE,1560,0,1300,,741.7,24189.7
2287,2026-04-29 09:35:00,NIFTY,2026-05-12,26400.0,PE,0,0,0,97.4,3118.85,24189.7
2288,2026-04-29 09:35:00,NIFTY,2026-05-12,26400.0,CE,17550,0,14625,18.07,1.75,24189.7
2289,2026-04-29 09:35:00,NIFTY,2026-05-12,23400.0,PE,219765,260,682500,18.51,67.0,24189.7
2290,2026-04-29 09:35:00,NIFTY,2026-05-12,23400.0,CE,1690,0,1625,18.89,914.95,24189.7
2291,2026-04-29 09:35:00,NIFTY,2026-05-12,26450.0,PE,0,0,0,98.21,3168.2,24189.7
2292,2026-04-29 09:35:00,NIFTY,2026-05-12,26450.0,CE,1625,0,5070,17.9,1.35,24189.7
2293,2026-04-29 09:35:00,NIFTY,2026-05-12,25100.0,CE,337740,2015,1327885,15.15,38.55,24189.7
2294,2026-04-29 09:35:00,NIFTY,2026-05-12,23500.0,CE,48685,0,34710,17.61,817.9,24189.7
2295,2026-04-29 09:35:00,NIFTY,2026-05-12,25050.0,PE,65,0,0,,635.55,24189.7
2296,2026-04-29 09:35:00,NIFTY,2026-05-12,23450.0,PE,29770,-130,97305,18.33,73.25,24189.7
2297,2026-04-29 09:35:00,NIFTY,2026-05-12,25050.0,CE,49790,-715,341575,15.12,44.1,24189.7
2298,2026-04-29 09:35:00,NIFTY,2026-05-05,24550.0,CE,1394510,-46280,34062405,14.76,63.15,24189.7
2299,2026-04-29 09:35:00,NIFTY,2026-05-12,23450.0,CE,780,0,325,27.1,982.15,24189.7
2300,2026-04-29 09:35:00,NIFTY,2026-05-05,24500.0,PE,1117610,-15340,15515695,15.1,363.2,24189.7
2301,2026-04-29 09:35:00,NIFTY,2026-05-05,24500.0,CE,7567755,-109850,107223805,14.72,75.1,24189.7
2302,2026-04-29 09:35:00,NIFTY,2026-05-12,26350.0,PE,0,0,0,96.58,3069.55,24189.7
2303,2026-04-29 09:35:00,NIFTY,2026-05-12,23350.0,PE,47385,0,133705,18.44,58.8,24189.7
2304,2026-04-29 09:35:00,NIFTY,2026-05-05,24450.0,PE,232765,-3640,4479605,15.14,328.0,24189.7
2305,2026-04-29 09:40:00,NIFTY,2026-05-12,23300.0,CE,2275,0,1625,16.39,980.9,24193.0
2306,2026-04-29 09:40:00,NIFTY,2026-05-12,25000.0,PE,147485,0,82940,15.47,804.0,24193.0
2307,2026-04-29 09:40:00,NIFTY,2026-05-12,25000.0,CE,851370,16770,2947295,15.21,52.05,24193.0
2308,2026-04-29 09:40:00,NIFTY,2026-05-12,23250.0,PE,50180,-7020,188890,18.83,48.8,24193.0
2309,2026-04-29 09:40:00,NIFTY,2026-05-12,23250.0,CE,585,0,260,29.6,1169.35,24193.0
2310,2026-04-29 09:40:00,NIFTY,2026-05-12,24950.0,PE,65,0,455,,677.0,24193.0
2311,2026-04-29 09:40:00,NIFTY,2026-05-05,23000.0,PE,5234060,-207350,27073085,20.62,6.0,24193.0
2312,2026-04-29 09:40:00,NIFTY,2026-05-12,24950.0,CE,41795,-910,164775,15.26,60.05,24193.0
2313,2026-04-29 09:40:00,NIFTY,2026-05-05,24600.0,CE,2769520,-40560,53204190,14.84,53.75,24193.0
2314,2026-04-29 09:40:00,NIFTY,2026-05-12,23350.0,CE,65,0,0,17.32,944.6,24193.0
2315,2026-04-29 09:40:00,NIFTY,2026-05-05,24550.0,PE,101400,-1040,1627340,15.43,401.2,24193.0
2316,2026-04-29 09:40:00,NIFTY,2026-05-12,26350.0,CE,6760,0,6695,17.92,1.95,24193.0
2317,2026-04-29 09:40:00,NIFTY,2026-05-05,23000.0,CE,203645,0,92755,15.37,1218.2,24193.0
2318,2026-04-29 09:40:00,NIFTY,2026-05-05,22950.0,PE,440440,-4225,3170115,21.0,5.4,24193.0
2319,2026-04-29 09:40:00,NIFTY,2026-05-12,26300.0,PE,65,0,0,32.17,2110.45,24193.0
2320,2026-04-29 09:40:00,NIFTY,2026-05-12,26300.0,CE,18590,195,22555,17.28,1.7,24193.0
2321,2026-04-29 09:40:00,NIFTY,2026-05-12,23300.0,PE,167895,780,560755,18.76,54.5,24193.0
2322,2026-04-29 09:40:00,NIFTY,2026-05-05,22950.0,CE,1755,0,325,22.86,1276.5,24193.0
2323,2026-04-29 09:40:00,NIFTY,2026-05-05,22900.0,PE,2086695,-7865,10699455,21.36,4.85,24193.0
2324,2026-04-29 09:40:00,NIFTY,2026-05-12,23200.0,PE,283530,5590,665275,19.03,44.65,24193.0
2325,2026-04-29 09:40:00,NIFTY,2026-05-05,22900.0,CE,6435,0,2665,,1289.0,24193.0
2326,2026-04-29 09:40:00,NIFTY,2026-05-12,24900.0,PE,10530,0,8385,16.0,726.9,24193.0
2327,2026-04-29 09:40:00,NIFTY,2026-05-05,22850.0,PE,1860690,-35295,6262490,21.89,4.6,24193.0
2328,2026-04-29 09:40:00,NIFTY,2026-05-12,24900.0,CE,596115,-1105,1237730,15.26,68.4,24193.0
2329,2026-04-29 09:40:00,NIFTY,2026-05-12,24850.0,PE,390,0,780,16.49,693.35,24193.0
2330,2026-04-29 09:40:00,NIFTY,2026-05-05,26350.0,CE,48555,0,82160,23.58,0.6,24193.0
2331,2026-04-29 09:40:00,NIFTY,2026-05-05,26300.0,PE,65,0,0,48.22,2144.95,24193.0
2332,2026-04-29 09:40:00,NIFTY,2026-05-05,26300.0,CE,198640,-325,633230,23.1,0.6,24193.0
2333,2026-04-29 09:40:00,NIFTY,2026-05-05,26250.0,PE,0,0,0,151.24,3126.3,24193.0
2334,2026-04-29 09:40:00,NIFTY,2026-05-05,26250.0,CE,89310,0,171470,22.43,0.55,24193.0
2335,2026-04-29 09:40:00,NIFTY,2026-05-05,26200.0,PE,325,0,0,36.93,2003.0,24193.0
2336,2026-04-29 09:40:00,NIFTY,2026-05-05,26200.0,CE,316875,-1040,494455,22.14,0.6,24193.0
2337,2026-04-29 09:40:00,NIFTY,2026-05-12,23200.0,CE,2470,0,2405,17.23,1077.4,24193.0
2338,2026-04-29 09:40:00,NIFTY,2026-05-05,23150.0,CE,4095,0,2795,17.98,1072.9,24193.0
2339,2026-04-29 09:40:00,NIFTY,2026-05-05,23100.0,PE,1589510,-21840,12692030,19.92,7.55,24193.0
2340,2026-04-29 09:40:00,NIFTY,2026-05-12,24850.0,CE,63505,-455,164515,15.3,78.05,24193.0
2341,2026-04-29 09:40:00,NIFTY,2026-05-12,24800.0,PE,27170,0,31915,16.53,655.0,24193.0
2342,2026-04-29 09:40:00,NIFTY,2026-05-05,23100.0,CE,10335,0,7475,,1115.55,24193.0
2343,2026-04-29 09:40:00,NIFTY,2026-05-12,26250.0,PE,0,0,0,95.05,2971.0,24193.0
2344,2026-04-29 09:40:00,NIFTY,2026-05-12,24800.0,CE,265135,-975,1080040,15.3,88.25,24193.0
2345,2026-04-29 09:40:00,NIFTY,2026-05-12,26250.0,CE,18460,0,13520,17.54,2.3,24193.0
2346,2026-04-29 09:40:00,NIFTY,2026-05-05,23050.0,PE,355160,-25545,4093960,20.31,6.8,24193.0
2347,2026-04-29 09:40:00,NIFTY,2026-05-12,24750.0,PE,3055,0,5330,16.79,621.0,24193.0
2348,2026-04-29 09:40:00,NIFTY,2026-05-12,26200.0,PE,0,0,0,94.22,2921.8,24193.0
2349,2026-04-29 09:40:00,NIFTY,2026-05-12,24750.0,CE,69875,0,194285,15.28,99.2,24193.0
2350,2026-04-29 09:40:00,NIFTY,2026-05-12,26200.0,CE,54535,0,91650,16.98,2.1,24193.0
2351,2026-04-29 09:40:00,NIFTY,2026-05-05,23050.0,CE,910,0,260,24.18,1184.8,24193.0
2352,2026-04-29 09:40:00,NIFTY,2026-05-05,26450.0,PE,0,0,0,,3323.05,24193.0
2353,2026-04-29 09:40:00,NIFTY,2026-05-05,26450.0,CE,62985,0,168545,24.53,0.6,24193.0
2354,2026-04-29 09:40:00,NIFTY,2026-05-12,26150.0,CE,11440,0,27365,16.93,2.45,24193.0
2355,2026-04-29 09:40:00,NIFTY,2026-05-05,26400.0,PE,65,0,0,66.81,2356.65,24193.0
2356,2026-04-29 09:40:00,NIFTY,2026-05-12,26100.0,PE,260,0,0,35.26,1960.0,24193.0
2357,2026-04-29 09:40:00,NIFTY,2026-05-05,26400.0,CE,206180,0,590785,24.05,0.6,24193.0
2358,2026-04-29 09:40:00,NIFTY,2026-05-12,26100.0,CE,69160,-195,97370,16.38,2.25,24193.0
2359,2026-04-29 09:40:00,NIFTY,2026-05-05,23400.0,CE,42575,0,56290,16.75,829.8,24193.0
2360,2026-04-29 09:40:00,NIFTY,2026-05-12,24700.0,PE,32695,0,71305,15.92,571.0,24193.0
2361,2026-04-29 09:40:00,NIFTY,2026-05-12,24700.0,CE,288470,2600,857155,15.32,112.0,24193.0
2362,2026-04-29 09:40:00,NIFTY,2026-05-05,23350.0,PE,677560,-17615,7936955,18.43,14.8,24193.0
2363,2026-04-29 09:40:00,NIFTY,2026-05-05,23350.0,CE,11180,0,15015,15.48,874.0,24193.0
2364,2026-04-29 09:40:00,NIFTY,2026-05-12,26150.0,PE,0,0,0,93.39,2872.65,24193.0
2365,2026-04-29 09:40:00,NIFTY,2026-05-05,23300.0,PE,2268435,-70135,20011680,18.71,12.85,24193.0
2366,2026-04-29 09:40:00,NIFTY,2026-05-12,26050.0,PE,0,0,0,91.72,2774.55,24193.0
2367,2026-04-29 09:40:00,NIFTY,2026-05-05,23300.0,CE,58305,130,35035,16.25,924.0,24193.0
2368,2026-04-29 09:40:00,NIFTY,2026-05-12,26050.0,CE,29185,130,27625,16.42,2.75,24193.0
2369,2026-04-29 09:40:00,NIFTY,2026-05-05,23250.0,PE,951600,50245,8303555,19.02,11.25,24193.0
2370,2026-04-29 09:40:00,NIFTY,2026-05-12,26000.0,PE,2015,0,130,,1740.0,24193.0
2371,2026-04-29 09:40:00,NIFTY,2026-05-05,23250.0,CE,3575,0,3575,24.49,1001.7,24193.0
2372,2026-04-29 09:40:00,NIFTY,2026-05-12,24650.0,PE,3185,0,8905,15.48,528.0,24193.0
2373,2026-04-29 09:40:00,NIFTY,2026-05-12,26000.0,CE,964600,-780,1651130,16.26,3.05,24193.0
2374,2026-04-29 09:40:00,NIFTY,2026-05-05,23200.0,PE,2754440,-68315,19865170,19.27,9.7,24193.0
2375,2026-04-29 09:40:00,NIFTY,2026-05-05,23200.0,CE,19825,0,14365,16.7,1022.0,24193.0
2376,2026-04-29 09:40:00,NIFTY,2026-05-05,23150.0,PE,581750,-28925,6401785,19.61,8.6,24193.0
2377,2026-04-29 09:40:00,NIFTY,2026-05-05,26350.0,PE,520,0,0,68.67,2329.15,24193.0
2378,2026-04-29 09:40:00,NIFTY,2026-05-12,24550.0,CE,41080,260,206635,15.45,158.05,24193.0
2379,2026-04-29 09:40:00,NIFTY,2026-05-05,21800.0,CE,0,0,0,,1383.9,24193.0
2380,2026-04-29 09:40:00,NIFTY,2026-05-12,25950.0,PE,0,0,0,90.03,2676.7,24193.0
2381,2026-04-29 09:40:00,NIFTY,2026-05-12,24650.0,CE,38740,0,155090,15.38,126.4,24193.0
2382,2026-04-29 09:40:00,NIFTY,2026-05-12,25950.0,CE,17745,0,37635,16.16,3.5,24193.0
2383,2026-04-29 09:40:00,NIFTY,2026-05-12,24600.0,PE,28730,-195,114075,15.93,500.0,24193.0
2384,2026-04-29 09:40:00,NIFTY,2026-05-12,25900.0,PE,0,0,0,89.19,2627.9,24193.0
2385,2026-04-29 09:40:00,NIFTY,2026-05-12,24600.0,CE,627575,-1300,1507610,15.4,141.3,24193.0
2386,2026-04-29 09:40:00,NIFTY,2026-05-12,24550.0,PE,6370,0,15145,15.56,460.0,24193.0
2387,2026-04-29 09:40:00,NIFTY,2026-05-12,25900.0,CE,95680,-585,315380,16.09,4.05,24193.0
2388,2026-04-29 09:40:00,NIFTY,2026-05-12,25850.0,PE,0,0,0,88.34,2579.2,24193.0
2389,2026-04-29 09:40:00,NIFTY,2026-05-12,25850.0,CE,19435,0,44330,16.19,5.05,24193.0
2390,2026-04-29 09:40:00,NIFTY,2026-05-12,25800.0,PE,0,0,0,87.49,2530.55,24193.0
2391,2026-04-29 09:40:00,NIFTY,2026-05-12,25800.0,CE,169715,8775,543270,15.98,5.5,24193.0
2392,2026-04-29 09:40:00,NIFTY,2026-05-05,24650.0,CE,1247090,-35490,28733445,14.89,44.75,24193.0
2393,2026-04-29 09:40:00,NIFTY,2026-05-05,24600.0,PE,241475,-455,2225925,15.53,440.75,24193.0
2394,2026-04-29 09:40:00,NIFTY,2026-05-12,25750.0,PE,65,0,65,,1425.5,24193.0
2395,2026-04-29 09:40:00,NIFTY,2026-05-12,25750.0,CE,39845,-260,105560,15.91,6.35,24193.0
2396,2026-04-29 09:40:00,NIFTY,2026-05-12,25700.0,PE,65,0,0,44.48,1750.0,24193.0
2397,2026-04-29 09:40:00,NIFTY,2026-05-12,23000.0,PE,1005420,-5980,2612805,19.68,30.45,24193.0
2398,2026-04-29 09:40:00,NIFTY,2026-05-12,23000.0,CE,13780,0,4940,16.58,1260.0,24193.0
2399,2026-04-29 09:40:00,NIFTY,2026-05-12,22950.0,PE,48360,-1820,156455,19.81,27.4,24193.0
2400,2026-04-29 09:40:00,NIFTY,2026-05-05,24750.0,PE,31525,-130,137670,15.61,565.25,24193.0
2401,2026-04-29 09:40:00,NIFTY,2026-05-12,22950.0,CE,65,0,0,,1251.8,24193.0
2402,2026-04-29 09:40:00,NIFTY,2026-05-05,24750.0,CE,1367015,6435,24565190,15.04,30.8,24193.0
2403,2026-04-29 09:40:00,NIFTY,2026-05-12,23100.0,PE,97890,715,494780,19.3,36.5,24193.0
2404,2026-04-29 09:40:00,NIFTY,2026-05-05,24700.0,PE,207480,130,1216020,15.83,524.45,24193.0
2405,2026-04-29 09:40:00,NIFTY,2026-05-12,23100.0,CE,845,0,455,30.87,1302.2,24193.0
2406,2026-04-29 09:40:00,NIFTY,2026-05-05,24700.0,CE,2496195,5785,43042610,14.95,37.1,24193.0
2407,2026-04-29 09:40:00,NIFTY,2026-05-12,23050.0,PE,23140,1040,131365,19.49,33.3,24193.0
2408,2026-04-29 09:40:00,NIFTY,2026-05-12,23050.0,CE,65,0,585,,1094.05,24193.0
2409,2026-04-29 09:40:00,NIFTY,2026-05-05,24650.0,PE,59475,1040,327405,15.69,482.05,24193.0
2410,2026-04-29 09:40:00,NIFTY,2026-05-12,23150.0,PE,25155,-260,105885,19.13,40.1,24193.0
2411,2026-04-29 09:40:00,NIFTY,2026-05-12,23150.0,CE,130,0,130,,1028.3,24193.0
2412,2026-04-29 09:40:00,NIFTY,2026-05-05,22500.0,CE,15860,0,3120,34.7,1738.2,24193.0
2413,2026-04-29 09:40:00,NIFTY,2026-05-05,22450.0,PE,263380,10205,1534390,25.4,2.55,24193.0
2414,2026-04-29 09:40:00,NIFTY,2026-05-05,22450.0,CE,130,0,65,,1678.75,24193.0
2415,2026-04-29 09:40:00,NIFTY,2026-05-05,22400.0,PE,776100,-9880,5371730,25.79,2.35,24193.0
2416,2026-04-29 09:40:00,NIFTY,2026-05-12,22750.0,CE,0,0,0,,774.75,24193.0
2417,2026-04-29 09:40:00,NIFTY,2026-05-12,22700.0,PE,131690,130,451035,20.69,17.1,24193.0
2418,2026-04-29 09:40:00,NIFTY,2026-05-12,22700.0,CE,65,0,65,,1422.25,24193.0
2419,2026-04-29 09:40:00,NIFTY,2026-05-05,23650.0,CE,47905,-65,104195,16.2,599.45,24193.0
2420,2026-04-29 09:40:00,NIFTY,2026-05-05,23600.0,PE,2267135,-80340,26451620,17.26,31.55,24193.0
2421,2026-04-29 09:40:00,NIFTY,2026-05-05,24900.0,PE,172640,-3770,164905,16.01,700.95,24193.0
2422,2026-04-29 09:40:00,NIFTY,2026-05-05,24900.0,CE,2435030,-53105,30911335,15.38,17.5,24193.0
2423,2026-04-29 09:40:00,NIFTY,2026-05-12,22850.0,CE,0,0,0,,711.05,24193.0
2424,2026-04-29 09:40:00,NIFTY,2026-05-05,23600.0,CE,93990,-1365,255125,16.47,645.0,24193.0
2425,2026-04-29 09:40:00,NIFTY,2026-05-05,23550.0,PE,746785,-33280,9523865,17.48,27.05,24193.0
2426,2026-04-29 09:40:00,NIFTY,2026-05-12,22800.0,PE,309075,3250,795795,20.27,20.35,24193.0
2427,2026-04-29 09:40:00,NIFTY,2026-05-12,22800.0,CE,4355,0,455,,1336.35,24193.0
2428,2026-04-29 09:40:00,NIFTY,2026-05-05,23550.0,CE,28860,65,46410,16.74,691.2,24193.0
2429,2026-04-29 09:40:00,NIFTY,2026-05-05,24850.0,PE,17940,650,57655,16.62,659.3,24193.0
2430,2026-04-29 09:40:00,NIFTY,2026-05-12,22750.0,PE,19630,65,69030,20.53,18.85,24193.0
2431,2026-04-29 09:40:00,NIFTY,2026-05-05,24850.0,CE,1224080,-51350,19282575,15.25,21.1,24193.0
2432,2026-04-29 09:40:00,NIFTY,2026-05-05,23500.0,PE,3710265,-33410,38519975,17.71,23.25,24193.0
2433,2026-04-29 09:40:00,NIFTY,2026-05-05,26500.0,PE,11050,390,2730,,2274.45,24193.0
2434,2026-04-29 09:40:00,NIFTY,2026-05-05,26550.0,PE,0,0,0,,3421.65,24193.0
2435,2026-04-29 09:40:00,NIFTY,2026-05-05,26500.0,CE,397150,-8710,1359150,24.79,0.55,24193.0
2436,2026-04-29 09:40:00,NIFTY,2026-05-05,23500.0,CE,499980,1040,669955,18.11,743.4,24193.0
2437,2026-04-29 09:40:00,NIFTY,2026-05-05,23450.0,PE,722345,-16250,9893650,17.93,19.9,24193.0
2438,2026-04-29 09:40:00,NIFTY,2026-05-05,26550.0,CE,158275,715,607555,25.47,0.6,24193.0
2439,2026-04-29 09:40:00,NIFTY,2026-05-12,22900.0,PE,133835,-24700,484120,19.98,24.95,24193.0
2440,2026-04-29 09:40:00,NIFTY,2026-05-05,23450.0,CE,17810,65,27300,17.23,784.9,24193.0
2441,2026-04-29 09:40:00,NIFTY,2026-05-12,22900.0,CE,0,0,0,,680.35,24193.0
2442,2026-04-29 09:40:00,NIFTY,2026-05-05,23400.0,PE,1615380,-23855,18053750,18.16,17.1,24193.0
2443,2026-04-29 09:40:00,NIFTY,2026-05-12,22850.0,PE,37180,520,128050,20.1,22.4,24193.0
2444,2026-04-29 09:40:00,NIFTY,2026-05-05,24800.0,PE,224185,-2860,661895,16.02,611.45,24193.0
2445,2026-04-29 09:40:00,NIFTY,2026-05-05,24800.0,CE,3406975,-90675,43485585,15.12,25.4,24193.0
2446,2026-04-29 09:40:00,NIFTY,2026-05-12,24450.0,PE,18005,0,69615,16.15,406.35,24193.0
2447,2026-04-29 09:40:00,NIFTY,2026-05-12,24450.0,CE,55510,130,236990,15.71,198.1,24193.0
2448,2026-04-29 09:40:00,NIFTY,2026-05-12,22600.0,PE,126880,19500,422110,21.14,14.5,24193.0
2449,2026-04-29 09:40:00,NIFTY,2026-05-05,25150.0,CE,1020565,7085,10780510,16.34,7.35,24193.0
2450,2026-04-29 09:40:00,NIFTY,2026-05-12,22600.0,CE,0,0,0,,876.1,24193.0
2451,2026-04-29 09:40:00,NIFTY,2026-05-05,25100.0,PE,11570,-130,18395,16.91,891.25,24193.0
2452,2026-04-29 09:40:00,NIFTY,2026-05-12,24500.0,PE,225875,1170,546585,16.18,438.0,24193.0
2453,2026-04-29 09:40:00,NIFTY,2026-05-12,24500.0,CE,710190,1885,2213445,15.54,176.65,24193.0
2454,2026-04-29 09:40:00,NIFTY,2026-05-05,25100.0,CE,3098615,-10530,24451375,16.13,8.7,24193.0
2455,2026-04-29 09:40:00,NIFTY,2026-05-05,25050.0,PE,2600,0,10725,18.38,850.05,24193.0
2456,2026-04-29 09:40:00,NIFTY,2026-05-12,22650.0,PE,17420,130,54730,20.93,15.8,24193.0
2457,2026-04-29 09:40:00,NIFTY,2026-05-05,25050.0,CE,919555,13325,11473800,15.94,10.35,24193.0
2458,2026-04-29 09:40:00,NIFTY,2026-05-12,22650.0,CE,0,0,0,,841.6,24193.0
2459,2026-04-29 09:40:00,NIFTY,2026-05-05,25000.0,PE,574925,585,762450,17.05,797.85,24193.0
2460,2026-04-29 09:40:00,NIFTY,2026-05-05,23700.0,CE,171405,-3835,873665,15.84,553.95,24193.0
2461,2026-04-29 09:40:00,NIFTY,2026-05-05,25000.0,CE,7149285,-33930,66752855,15.76,12.35,24193.0
2462,2026-04-29 09:40:00,NIFTY,2026-05-05,24950.0,PE,5005,0,15145,14.87,742.3,24193.0
2463,2026-04-29 09:40:00,NIFTY,2026-05-05,23650.0,PE,717470,-26910,12438920,17.08,37.0,24193.0
2464,2026-04-29 09:40:00,NIFTY,2026-05-05,24950.0,CE,996190,-1495,22707685,15.57,14.7,24193.0
2465,2026-04-29 09:40:00,NIFTY,2026-05-12,22450.0,CE,0,0,0,,985.1,24193.0
2466,2026-04-29 09:40:00,NIFTY,2026-05-12,24350.0,PE,56290,-325,239460,16.22,349.05,24193.0
2467,2026-04-29 09:40:00,NIFTY,2026-05-12,22550.0,CE,0,0,0,,911.35,24193.0
2468,2026-04-29 09:40:00,NIFTY,2026-05-05,23800.0,CE,449150,-9295,2081170,15.79,470.65,24193.0
2469,2026-04-29 09:40:00,NIFTY,2026-05-12,22500.0,PE,682240,-1950,1071005,21.69,12.65,24193.0
2470,2026-04-29 09:40:00,NIFTY,2026-05-05,25300.0,PE,4810,0,4030,13.88,1081.0,24193.0
2471,2026-04-29 09:40:00,NIFTY,2026-05-12,24350.0,CE,96720,130,410995,15.76,240.15,24193.0
2472,2026-04-29 09:40:00,NIFTY,2026-05-05,23750.0,PE,897325,-24375,15759965,16.71,50.4,24193.0
2473,2026-04-29 09:40:00,NIFTY,2026-05-05,25850.0,PE,195,0,0,38.17,1681.4,24193.0
2474,2026-04-29 09:40:00,NIFTY,2026-05-12,22500.0,CE,715,0,1365,34.58,1840.0,24193.0
2475,2026-04-29 09:40:00,NIFTY,2026-05-12,22450.0,PE,18265,910,49205,21.95,11.8,24193.0
2476,2026-04-29 09:40:00,NIFTY,2026-05-05,25300.0,CE,3699020,96070,27224080,17.04,4.6,24193.0
2477,2026-04-29 09:40:00,NIFTY,2026-05-12,24400.0,PE,189280,-325,536510,16.35,380.0,24193.0
2478,2026-04-29 09:40:00,NIFTY,2026-05-12,24400.0,CE,290225,3380,1189760,15.66,217.2,24193.0
2479,2026-04-29 09:40:00,NIFTY,2026-05-05,25250.0,PE,2730,0,2665,,1024.2,24193.0
2480,2026-04-29 09:40:00,NIFTY,2026-05-05,23750.0,CE,66690,65,247715,16.41,516.35,24193.0
2481,2026-04-29 09:40:00,NIFTY,2026-05-05,25250.0,CE,769665,-5525,9453275,16.77,5.3,24193.0
2482,2026-04-29 09:40:00,NIFTY,2026-05-05,22800.0,CE,8905,0,975,,1414.7,24193.0
2483,2026-04-29 09:40:00,NIFTY,2026-05-12,22550.0,PE,20995,0,61945,21.39,13.45,24193.0
2484,2026-04-29 09:40:00,NIFTY,2026-05-05,23700.0,PE,2346760,1170,33598955,16.89,43.15,24193.0
2485,2026-04-29 09:40:00,NIFTY,2026-05-05,25200.0,PE,73775,0,38285,13.68,981.85,24193.0
2486,2026-04-29 09:40:00,NIFTY,2026-05-05,22750.0,PE,364910,-26650,2218580,22.58,3.7,24193.0
2487,2026-04-29 09:40:00,NIFTY,2026-05-05,25200.0,CE,3317795,-68900,23783305,16.51,6.15,24193.0
2488,2026-04-29 09:40:00,NIFTY,2026-05-05,25150.0,PE,390,0,455,18.46,943.9,24193.0
2489,2026-04-29 09:40:00,NIFTY,2026-05-12,25650.0,PE,0,0,0,84.93,2385.25,24193.0
2490,2026-04-29 09:40:00,NIFTY,2026-05-05,21900.0,PE,316355,-2015,1235910,31.39,1.85,24193.0
2491,2026-04-29 09:40:00,NIFTY,2026-05-12,25650.0,CE,39910,0,95940,15.67,8.15,24193.0
2492,2026-04-29 09:40:00,NIFTY,2026-05-05,22550.0,PE,171145,-2795,1225705,24.44,2.85,24193.0
2493,2026-04-29 09:40:00,NIFTY,2026-05-12,24250.0,CE,113360,-845,460590,15.84,288.0,24193.0
2494,2026-04-29 09:40:00,NIFTY,2026-05-05,21900.0,CE,0,0,0,,1300.85,24193.0
2495,2026-04-29 09:40:00,NIFTY,2026-05-12,22350.0,CE,0,0,0,,1059.6,24193.0
2496,2026-04-29 09:40:00,NIFTY,2026-05-05,21850.0,PE,40365,-130,171860,31.92,1.8,24193.0
2497,2026-04-29 09:40:00,NIFTY,2026-05-12,22300.0,PE,226265,3640,443430,22.8,9.75,24193.0
2498,2026-04-29 09:40:00,NIFTY,2026-05-05,25550.0,PE,650,0,260,,1181.75,24193.0
2499,2026-04-29 09:40:00,NIFTY,2026-05-05,21850.0,CE,0,0,0,,1342.1,24193.0
2500,2026-04-29 09:40:00,NIFTY,2026-05-12,22300.0,CE,0,0,0,,1098.3,24193.0
2501,2026-04-29 09:40:00,NIFTY,2026-05-05,25550.0,CE,713115,12155,4252495,18.01,2.0,24193.0
2502,2026-04-29 09:40:00,NIFTY,2026-05-05,26000.0,PE,177710,325,31850,,1777.0,24193.0
2503,2026-04-29 09:40:00,NIFTY,2026-05-05,22550.0,CE,130,0,260,54.37,1796.5,24193.0
2504,2026-04-29 09:40:00,NIFTY,2026-05-05,22500.0,PE,4171245,47385,14229085,24.74,2.55,24193.0
2505,2026-04-29 09:40:00,NIFTY,2026-05-12,24300.0,CE,431210,-1365,1544985,15.75,262.5,24193.0
2506,2026-04-29 09:40:00,NIFTY,2026-05-05,25500.0,PE,317005,-65,58760,19.92,1284.9,24193.0
2507,2026-04-29 09:40:00,NIFTY,2026-05-12,22400.0,PE,96330,-3640,202800,22.21,11.0,24193.0
2508,2026-04-29 09:40:00,NIFTY,2026-05-05,26000.0,CE,5122130,-102310,13979745,20.79,0.8,24193.0
2509,2026-04-29 09:40:00,NIFTY,2026-05-12,22400.0,CE,0,0,0,,1021.6,24193.0
2510,2026-04-29 09:40:00,NIFTY,2026-05-12,25700.0,CE,144495,65,351325,15.77,7.15,24193.0
2511,2026-04-29 09:40:00,NIFTY,2026-05-12,24250.0,PE,122005,910,453635,16.55,302.0,24193.0
2512,2026-04-29 09:40:00,NIFTY,2026-05-05,23950.0,CE,148460,-2015,3124615,15.54,354.75,24193.0
2513,2026-04-29 09:40:00,NIFTY,2026-05-05,25500.0,CE,5137210,5525,26046345,17.91,2.45,24193.0
2514,2026-04-29 09:40:00,NIFTY,2026-05-05,25950.0,PE,0,0,0,143.82,2832.5,24193.0
2515,2026-04-29 09:40:00,NIFTY,2026-05-05,23900.0,PE,2684045,-140595,44950880,16.28,79.9,24193.0
2516,2026-04-29 09:40:00,NIFTY,2026-05-05,25450.0,PE,975,0,130,18.52,1233.75,24193.0
2517,2026-04-29 09:40:00,NIFTY,2026-05-12,22350.0,PE,9425,130,22880,22.6,10.6,24193.0
2518,2026-04-29 09:40:00,NIFTY,2026-05-05,25950.0,CE,310180,-2340,960115,20.15,0.75,24193.0
2519,2026-04-29 09:40:00,NIFTY,2026-05-05,23900.0,CE,531505,-14235,5178810,15.49,390.6,24193.0
2520,2026-04-29 09:40:00,NIFTY,2026-05-05,25450.0,CE,875225,-715,7562880,17.73,2.9,24193.0
2521,2026-04-29 09:40:00,NIFTY,2026-05-05,25900.0,PE,455,0,0,38.74,1730.0,24193.0
2522,2026-04-29 09:40:00,NIFTY,2026-05-05,25400.0,PE,3315,65,1625,,1179.55,24193.0
2523,2026-04-29 09:40:00,NIFTY,2026-05-05,23850.0,PE,1881685,834795,22456330,16.4,68.55,24193.0
2524,2026-04-29 09:40:00,NIFTY,2026-05-05,23850.0,CE,81705,-3510,764530,15.67,430.25,24193.0
2525,2026-04-29 09:40:00,NIFTY,2026-05-05,25400.0,CE,2148835,-97240,19663865,17.51,3.4,24193.0
2526,2026-04-29 09:40:00,NIFTY,2026-05-05,23800.0,PE,3245710,-20995,45616155,16.57,58.95,24193.0
2527,2026-04-29 09:40:00,NIFTY,2026-05-05,25350.0,PE,1105,0,4160,19.5,1138.2,24193.0
2528,2026-04-29 09:40:00,NIFTY,2026-05-12,24300.0,PE,417170,130,1363830,16.48,326.65,24193.0
2529,2026-04-29 09:40:00,NIFTY,2026-05-05,25350.0,CE,816075,-3575,8510385,17.28,3.95,24193.0
2530,2026-04-29 09:40:00,NIFTY,2026-05-05,25900.0,CE,1318655,-7150,2466035,19.78,0.8,24193.0
2531,2026-04-29 09:40:00,NIFTY,2026-05-05,21800.0,PE,573495,5070,1451190,32.66,1.85,24193.0
2532,2026-04-29 09:40:00,NIFTY,2026-05-05,22100.0,PE,369850,-5070,1796925,29.11,2.0,24193.0
2533,2026-04-29 09:40:00,NIFTY,2026-05-12,25500.0,CE,563810,-1950,2119000,15.49,12.6,24193.0
2534,2026-04-29 09:40:00,NIFTY,2026-05-05,22100.0,CE,715,0,0,,2077.3,24193.0
2535,2026-04-29 09:40:00,NIFTY,2026-05-05,22050.0,PE,34775,1105,68185,29.67,1.95,24193.0
2536,2026-04-29 09:40:00,NIFTY,2026-05-05,22050.0,CE,0,0,0,,1180.2,24193.0
2537,2026-04-29 09:40:00,NIFTY,2026-05-12,22100.0,PE,78975,-195,158730,23.94,7.65,24193.0
2538,2026-04-29 09:40:00,NIFTY,2026-05-05,22000.0,PE,4316325,388375,9188465,30.12,1.85,24193.0
2539,2026-04-29 09:40:00,NIFTY,2026-05-12,24200.0,PE,573755,8125,1898845,16.67,279.5,24193.0
2540,2026-04-29 09:40:00,NIFTY,2026-05-12,25500.0,PE,25610,0,24960,17.41,1270.3,24193.0
2541,2026-04-29 09:40:00,NIFTY,2026-05-05,22000.0,CE,27300,-65,5785,,2209.35,24193.0
2542,2026-04-29 09:40:00,NIFTY,2026-05-12,24200.0,CE,938665,2665,1861665,15.96,315.55,24193.0
2543,2026-04-29 09:40:00,NIFTY,2026-05-12,22100.0,CE,0,0,0,,1259.0,24193.0
2544,2026-04-29 09:40:00,NIFTY,2026-05-12,22050.0,PE,16250,-260,34580,24.29,7.35,24193.0
2545,2026-04-29 09:40:00,NIFTY,2026-05-12,24150.0,PE,86385,455,411905,16.61,255.15,24193.0
2546,2026-04-29 09:40:00,NIFTY,2026-05-05,25700.0,CE,1523925,26325,6997315,18.72,1.3,24193.0
2547,2026-04-29 09:40:00,NIFTY,2026-05-12,24150.0,CE,52195,1040,257725,16.0,342.95,24193.0
2548,2026-04-29 09:40:00,NIFTY,2026-05-05,21950.0,PE,15080,0,85020,30.66,1.8,24193.0
2549,2026-04-29 09:40:00,NIFTY,2026-05-05,26050.0,PE,0,0,0,146.31,2930.2,24193.0
2550,2026-04-29 09:40:00,NIFTY,2026-05-12,22200.0,PE,49530,-1235,108745,23.38,8.65,24193.0
2551,2026-04-29 09:40:00,NIFTY,2026-05-12,25600.0,CE,188695,1885,566735,15.61,9.45,24193.0
2552,2026-04-29 09:40:00,NIFTY,2026-05-05,22600.0,PE,1032135,5525,5275400,23.83,2.9,24193.0
2553,2026-04-29 09:40:00,NIFTY,2026-05-05,24000.0,CE,2368990,-15210,36442250,15.43,319.0,24193.0
2554,2026-04-29 09:40:00,NIFTY,2026-05-05,22600.0,CE,650,0,195,30.84,1632.1,24193.0
2555,2026-04-29 09:40:00,NIFTY,2026-05-05,23950.0,PE,1173380,-28990,21726965,16.15,92.6,24193.0
2556,2026-04-29 09:40:00,NIFTY,2026-05-12,22200.0,CE,0,0,0,,1177.45,24193.0
2557,2026-04-29 09:40:00,NIFTY,2026-05-12,25550.0,PE,0,0,0,83.22,2289.0,24193.0
2558,2026-04-29 09:40:00,NIFTY,2026-05-12,22150.0,PE,16640,-130,16445,23.71,8.25,24193.0
2559,2026-04-29 09:40:00,NIFTY,2026-05-12,25550.0,CE,45305,195,118105,15.48,10.65,24193.0
2560,2026-04-29 09:40:00,NIFTY,2026-05-05,25650.0,PE,1560,0,910,,1428.8,24193.0
2561,2026-04-29 09:40:00,NIFTY,2026-05-12,22150.0,CE,0,0,0,,1217.95,24193.0
2562,2026-04-29 09:40:00,NIFTY,2026-05-12,22250.0,PE,7865,0,8840,23.22,9.5,24193.0
2563,2026-04-29 09:40:00,NIFTY,2026-05-05,22850.0,CE,260,0,65,,1233.95,24193.0
2564,2026-04-29 09:40:00,NIFTY,2026-05-05,25650.0,CE,437970,585,1872130,18.49,1.5,24193.0
2565,2026-04-29 09:40:00,NIFTY,2026-05-05,22800.0,PE,2431650,-205985,13481715,22.18,4.05,24193.0
2566,2026-04-29 09:40:00,NIFTY,2026-05-12,25600.0,PE,0,0,65,,1200.0,24193.0
2567,2026-04-29 09:40:00,NIFTY,2026-05-05,25600.0,PE,4745,0,3250,,1361.8,24193.0
2568,2026-04-29 09:40:00,NIFTY,2026-05-12,22250.0,CE,0,0,0,,1137.6,24193.0
2569,2026-04-29 09:40:00,NIFTY,2026-05-05,25600.0,CE,2393430,6890,9078550,18.27,1.75,24193.0
2570,2026-04-29 09:40:00,NIFTY,2026-05-05,26050.0,CE,581425,-65,720915,21.0,0.7,24193.0
2571,2026-04-29 09:40:00,NIFTY,2026-05-05,21950.0,CE,0,0,0,,1260.05,24193.0
2572,2026-04-29 09:40:00,NIFTY,2026-05-05,22250.0,CE,1300,0,520,38.75,1987.5,24193.0
2573,2026-04-29 09:40:00,NIFTY,2026-05-05,22200.0,PE,720720,5005,2792270,27.92,2.05,24193.0
2574,2026-04-29 09:40:00,NIFTY,2026-05-05,22700.0,CE,5070,0,1300,24.95,1523.2,24193.0
2575,2026-04-29 09:40:00,NIFTY,2026-05-05,22200.0,CE,1040,0,130,39.05,2036.0,24193.0
2576,2026-04-29 09:40:00,NIFTY,2026-05-05,22650.0,PE,258570,-4355,1751295,23.37,3.1,24193.0
2577,2026-04-29 09:40:00,NIFTY,2026-05-05,22150.0,PE,145275,0,660725,28.39,1.95,24193.0
2578,2026-04-29 09:40:00,NIFTY,2026-05-12,21900.0,CE,0,0,0,,1428.35,24193.0
2579,2026-04-29 09:40:00,NIFTY,2026-05-12,21850.0,PE,8775,0,8970,25.37,5.75,24193.0
2580,2026-04-29 09:40:00,NIFTY,2026-05-12,25450.0,PE,0,0,0,81.51,2193.3,24193.0
2581,2026-04-29 09:40:00,NIFTY,2026-05-05,22650.0,CE,260,0,65,31.53,1586.4,24193.0
2582,2026-04-29 09:40:00,NIFTY,2026-05-12,25450.0,CE,38675,-780,126620,15.41,14.45,24193.0
2583,2026-04-29 09:40:00,NIFTY,2026-05-05,25750.0,PE,0,0,0,138.8,2638.0,24193.0
2584,2026-04-29 09:40:00,NIFTY,2026-05-12,24050.0,CE,35815,-130,202215,16.32,405.9,24193.0
2585,2026-04-29 09:40:00,NIFTY,2026-05-12,24000.0,PE,1015170,-19760,3002805,16.92,198.2,24193.0
2586,2026-04-29 09:40:00,NIFTY,2026-05-05,24100.0,CE,2234050,-30485,80339870,15.29,254.05,24193.0
2587,2026-04-29 09:40:00,NIFTY,2026-05-05,26150.0,PE,0,0,0,148.78,3028.15,24193.0
2588,2026-04-29 09:40:00,NIFTY,2026-05-05,24050.0,PE,1725425,-55250,39293150,15.87,122.85,24193.0
2589,2026-04-29 09:40:00,NIFTY,2026-05-12,24000.0,CE,291070,1235,1022905,16.18,434.0,24193.0
2590,2026-04-29 09:40:00,NIFTY,2026-05-12,21950.0,CE,0,0,0,,1385.3,24193.0
2591,2026-04-29 09:40:00,NIFTY,2026-05-05,26150.0,CE,130260,0,410410,21.82,0.65,24193.0
2592,2026-04-29 09:40:00,NIFTY,2026-05-12,21900.0,PE,28080,0,41665,25.24,6.35,24193.0
2593,2026-04-29 09:40:00,NIFTY,2026-05-05,24050.0,CE,518635,-18980,16673410,15.36,285.6,24193.0
2594,2026-04-29 09:40:00,NIFTY,2026-05-12,22050.0,CE,0,0,0,,1300.6,24193.0
2595,2026-04-29 09:40:00,NIFTY,2026-05-05,24000.0,PE,6959940,-714415,103314055,16.02,106.95,24193.0
2596,2026-04-29 09:40:00,NIFTY,2026-05-12,24100.0,PE,266955,520,1442155,16.77,235.9,24193.0
2597,2026-04-29 09:40:00,NIFTY,2026-05-12,22000.0,PE,435175,9555,1019395,24.63,7.05,24193.0
2598,2026-04-29 09:40:00,NIFTY,2026-05-12,22000.0,CE,1300,0,1300,39.35,2320.0,24193.0
2599,2026-04-29 09:40:00,NIFTY,2026-05-12,24100.0,CE,292695,-1495,1057355,16.06,372.05,24193.0
2600,2026-04-29 09:40:00,NIFTY,2026-05-12,21950.0,PE,13845,130,18720,24.91,6.65,24193.0
2601,2026-04-29 09:40:00,NIFTY,2026-05-12,24050.0,PE,62400,-260,391235,16.83,216.2,24193.0
2602,2026-04-29 09:40:00,NIFTY,2026-05-05,25750.0,CE,466505,260,2059460,18.99,1.15,24193.0
2603,2026-04-29 09:40:00,NIFTY,2026-05-05,26100.0,PE,715,0,0,62.62,2070.0,24193.0
2604,2026-04-29 09:40:00,NIFTY,2026-05-05,26100.0,CE,1674270,0,2914275,21.17,0.6,24193.0
2605,2026-04-29 09:40:00,NIFTY,2026-05-05,25700.0,PE,1755,0,1690,23.22,1485.95,24193.0
2606,2026-04-29 09:40:00,NIFTY,2026-05-12,21850.0,CE,0,0,0,,1471.9,24193.0
2607,2026-04-29 09:40:00,NIFTY,2026-05-05,22150.0,CE,65,0,0,,1975.2,24193.0
2608,2026-04-29 09:40:00,NIFTY,2026-05-12,25300.0,CE,261755,-260,674505,15.26,22.15,24193.0
2609,2026-04-29 09:40:00,NIFTY,2026-05-12,23750.0,PE,50960,-65,201825,17.51,127.2,24193.0
2610,2026-04-29 09:40:00,NIFTY,2026-05-12,23750.0,CE,520,0,1820,16.89,616.0,24193.0
2611,2026-04-29 09:40:00,NIFTY,2026-05-12,25250.0,PE,0,0,0,78.09,2003.95,24193.0
2612,2026-04-29 09:40:00,NIFTY,2026-05-05,22400.0,CE,1300,0,195,55.42,1930.6,24193.0
2613,2026-04-29 09:40:00,NIFTY,2026-05-12,25250.0,CE,104585,3380,262925,15.28,25.95,24193.0
2614,2026-04-29 09:40:00,NIFTY,2026-05-05,22350.0,PE,158275,-9685,1118910,26.44,2.35,24193.0
2615,2026-04-29 09:40:00,NIFTY,2026-05-12,26550.0,PE,0,0,0,99.96,3267.0,24193.0
2616,2026-04-29 09:40:00,NIFTY,2026-05-05,22350.0,CE,65,0,130,52.41,1955.35,24193.0
2617,2026-04-29 09:40:00,NIFTY,2026-05-12,25400.0,CE,222170,-5330,787540,15.36,16.7,24193.0
2618,2026-04-29 09:40:00,NIFTY,2026-05-05,24250.0,CE,2217215,-54275,71548945,15.06,171.4,24193.0
2619,2026-04-29 09:40:00,NIFTY,2026-05-12,23850.0,PE,77350,-585,257790,17.2,151.4,24193.0
2620,2026-04-29 09:40:00,NIFTY,2026-05-05,22300.0,PE,848055,-2925,3514680,26.79,2.15,24193.0
2621,2026-04-29 09:40:00,NIFTY,2026-05-05,22750.0,CE,1495,0,845,30.18,1487.55,24193.0
2622,2026-04-29 09:40:00,NIFTY,2026-05-05,22700.0,PE,1315860,-27755,7650175,22.94,3.35,24193.0
2623,2026-04-29 09:40:00,NIFTY,2026-05-12,23850.0,CE,4875,0,9295,16.41,537.05,24193.0
2624,2026-04-29 09:40:00,NIFTY,2026-05-05,22300.0,CE,195,0,0,,1840.0,24193.0
2625,2026-04-29 09:40:00,NIFTY,2026-05-05,25850.0,CE,323960,0,1398540,19.51,0.9,24193.0
2626,2026-04-29 09:40:00,NIFTY,2026-05-12,25350.0,PE,0,0,0,79.8,2098.25,24193.0
2627,2026-04-29 09:40:00,NIFTY,2026-05-05,24200.0,PE,5988970,-159770,118641900,15.6,183.75,24193.0
2628,2026-04-29 09:40:00,NIFTY,2026-05-12,25350.0,CE,46475,715,141375,15.34,19.4,24193.0
2629,2026-04-29 09:40:00,NIFTY,2026-05-12,23800.0,PE,260195,-195,1000805,17.44,140.05,24193.0
2630,2026-04-29 09:40:00,NIFTY,2026-05-05,24200.0,CE,4892745,-97175,114459085,15.06,195.9,24193.0
2631,2026-04-29 09:40:00,NIFTY,2026-05-05,25800.0,PE,1235,0,0,54.24,1750.8,24193.0
2632,2026-04-29 09:40:00,NIFTY,2026-05-05,24150.0,PE,2018510,-39390,53515085,15.71,161.7,24193.0
2633,2026-04-29 09:40:00,NIFTY,2026-05-12,23800.0,CE,80470,3640,85735,16.69,576.65,24193.0
2634,2026-04-29 09:40:00,NIFTY,2026-05-12,25300.0,PE,390,0,585,11.52,1053.7,24193.0
2635,2026-04-29 09:40:00,NIFTY,2026-05-05,24150.0,CE,1115660,7345,46990320,15.2,224.2,24193.0
2636,2026-04-29 09:40:00,NIFTY,2026-05-12,23950.0,PE,44720,195,170495,17.08,182.7,24193.0
2637,2026-04-29 09:40:00,NIFTY,2026-05-12,21800.0,PE,19760,-130,8190,25.82,5.7,24193.0
2638,2026-04-29 09:40:00,NIFTY,2026-05-12,23950.0,CE,12610,-65,47060,16.24,467.0,24193.0
2639,2026-04-29 09:40:00,NIFTY,2026-05-05,24100.0,PE,4759300,-156910,107294590,15.76,140.95,24193.0
2640,2026-04-29 09:40:00,NIFTY,2026-05-12,25400.0,PE,3705,0,975,18.89,1188.35,24193.0
2641,2026-04-29 09:40:00,NIFTY,2026-05-12,23900.0,PE,149955,-195,620295,17.22,167.7,24193.0
2642,2026-04-29 09:40:00,NIFTY,2026-05-12,23900.0,CE,78975,-65,140205,16.62,506.3,24193.0
2643,2026-04-29 09:40:00,NIFTY,2026-05-12,21800.0,CE,0,0,0,,1515.85,24193.0
2644,2026-04-29 09:40:00,NIFTY,2026-05-05,25800.0,CE,3218800,100685,12506065,19.11,0.95,24193.0
2645,2026-04-29 09:40:00,NIFTY,2026-05-12,23700.0,PE,560950,2210,1142115,17.69,116.8,24193.0
2646,2026-04-29 09:40:00,NIFTY,2026-05-05,22250.0,PE,122850,2470,611975,27.36,2.1,24193.0
2647,2026-04-29 09:40:00,NIFTY,2026-05-12,23550.0,CE,715,0,2340,24.93,880.0,24193.0
2648,2026-04-29 09:40:00,NIFTY,2026-05-12,23600.0,CE,6630,0,10140,16.4,725.0,24193.0
2649,2026-04-29 09:40:00,NIFTY,2026-05-12,25200.0,CE,283790,2275,949845,15.25,29.85,24193.0
2650,2026-04-29 09:40:00,NIFTY,2026-05-05,24450.0,CE,1387620,-10660,34400340,14.84,91.6,24193.0
2651,2026-04-29 09:40:00,NIFTY,2026-05-12,26500.0,CE,124475,-65,110305,18.29,1.4,24193.0
2652,2026-04-29 09:40:00,NIFTY,2026-05-12,25150.0,PE,65,0,0,1.96,695.05,24193.0
2653,2026-04-29 09:40:00,NIFTY,2026-05-05,24400.0,PE,1520870,-29965,26841295,15.38,295.0,24193.0
2654,2026-04-29 09:40:00,NIFTY,2026-05-12,23550.0,PE,30355,65,133250,18.04,87.75,24193.0
2655,2026-04-29 09:40:00,NIFTY,2026-05-12,25150.0,CE,88140,3250,404820,15.2,34.15,24193.0
2656,2026-04-29 09:40:00,NIFTY,2026-05-12,23700.0,CE,12675,0,53430,16.24,644.35,24193.0
2657,2026-04-29 09:40:00,NIFTY,2026-05-12,25200.0,PE,2470,0,2275,16.66,990.15,24193.0
2658,2026-04-29 09:40:00,NIFTY,2026-05-12,23650.0,PE,35750,195,119210,17.74,105.45,24193.0
2659,2026-04-29 09:40:00,NIFTY,2026-05-12,26550.0,CE,57070,0,85670,18.64,1.4,24193.0
2660,2026-04-29 09:40:00,NIFTY,2026-05-05,24400.0,CE,4258735,-120380,78164385,14.86,108.0,24193.0
2661,2026-04-29 09:40:00,NIFTY,2026-05-12,23650.0,CE,1170,0,2600,17.25,696.55,24193.0
2662,2026-04-29 09:40:00,NIFTY,2026-05-05,24350.0,PE,776295,-39390,29416920,15.38,263.5,24193.0
2663,2026-04-29 09:40:00,NIFTY,2026-05-12,26500.0,PE,0,0,0,99.15,3217.6,24193.0
2664,2026-04-29 09:40:00,NIFTY,2026-05-12,23600.0,PE,213330,1170,675090,17.88,96.05,24193.0
2665,2026-04-29 09:40:00,NIFTY,2026-05-05,24350.0,CE,1975480,-20670,59801495,14.92,127.0,24193.0
2666,2026-04-29 09:40:00,NIFTY,2026-05-05,24300.0,PE,3543280,-123435,113752340,15.44,234.6,24193.0
2667,2026-04-29 09:40:00,NIFTY,2026-05-05,24300.0,CE,5901740,-122460,133597425,14.97,147.9,24193.0
2668,2026-04-29 09:40:00,NIFTY,2026-05-05,24250.0,PE,1537055,-102310,69763915,15.51,207.95,24193.0
2669,2026-04-29 09:40:00,NIFTY,2026-05-12,23500.0,PE,618085,-1235,1982305,18.25,80.75,24193.0
2670,2026-04-29 09:40:00,NIFTY,2026-05-12,25100.0,PE,1560,0,1300,,741.7,24193.0
2671,2026-04-29 09:40:00,NIFTY,2026-05-12,26400.0,PE,0,0,0,97.52,3118.85,24193.0
2672,2026-04-29 09:40:00,NIFTY,2026-05-12,26400.0,CE,17550,0,14625,18.05,1.75,24193.0
2673,2026-04-29 09:40:00,NIFTY,2026-05-12,23400.0,PE,219570,-195,686010,18.49,66.3,24193.0
2674,2026-04-29 09:40:00,NIFTY,2026-05-12,23400.0,CE,1690,0,1625,18.63,914.95,24193.0
2675,2026-04-29 09:40:00,NIFTY,2026-05-12,26450.0,PE,0,0,0,98.34,3168.2,24193.0
2676,2026-04-29 09:40:00,NIFTY,2026-05-12,26450.0,CE,2275,650,5135,17.95,1.4,24193.0
2677,2026-04-29 09:40:00,NIFTY,2026-05-12,25100.0,CE,339365,1625,1338610,15.23,39.65,24193.0
2678,2026-04-29 09:40:00,NIFTY,2026-05-12,23500.0,CE,48750,65,35295,16.94,813.0,24193.0
2679,2026-04-29 09:40:00,NIFTY,2026-05-12,25050.0,PE,65,0,0,,635.55,24193.0
2680,2026-04-29 09:40:00,NIFTY,2026-05-12,23450.0,PE,29770,0,97500,18.27,72.1,24193.0
2681,2026-04-29 09:40:00,NIFTY,2026-05-12,25050.0,CE,48880,-910,346450,15.23,45.65,24193.0
2682,2026-04-29 09:40:00,NIFTY,2026-05-05,24550.0,CE,1373320,-21190,34343335,14.83,64.55,24193.0
2683,2026-04-29 09:40:00,NIFTY,2026-05-12,23450.0,CE,780,0,325,26.93,982.15,24193.0
2684,2026-04-29 09:40:00,NIFTY,2026-05-05,24500.0,PE,1175070,57460,15725385,15.42,364.1,24193.0
2685,2026-04-29 09:40:00,NIFTY,2026-05-05,24500.0,CE,7458360,-109395,108283110,14.77,76.5,24193.0
2686,2026-04-29 09:40:00,NIFTY,2026-05-12,26350.0,PE,0,0,0,96.7,3069.55,24193.0
2687,2026-04-29 09:40:00,NIFTY,2026-05-12,23350.0,PE,43680,-3705,135850,18.55,59.45,24193.0
2688,2026-04-29 09:40:00,NIFTY,2026-05-05,24450.0,PE,230100,-2665,4508010,15.3,327.6,24193.0
2689,2026-04-29 09:45:00,NIFTY,2026-05-12,23300.0,CE,2275,0,1625,18.71,980.9,24170.0
2690,2026-04-29 09:45:00,NIFTY,2026-05-12,25000.0,PE,147485,0,84305,15.72,826.3,24170.0
2691,2026-04-29 09:45:00,NIFTY,2026-05-12,25000.0,CE,872495,21125,3010995,15.25,49.15,24170.0
2692,2026-04-29 09:45:00,NIFTY,2026-05-12,23250.0,PE,50115,-65,192790,18.72,50.5,24170.0
2693,2026-04-29 09:45:00,NIFTY,2026-05-12,23250.0,CE,585,0,260,30.9,1169.35,24170.0
2694,2026-04-29 09:45:00,NIFTY,2026-05-12,24950.0,PE,65,0,455,1.07,677.0,24170.0
2695,2026-04-29 09:45:00,NIFTY,2026-05-05,23000.0,PE,5093335,-140725,27615705,20.33,6.05,24170.0
2696,2026-04-29 09:45:00,NIFTY,2026-05-12,24950.0,CE,40625,-1170,167570,15.23,56.0,24170.0
2697,2026-04-29 09:45:00,NIFTY,2026-05-05,24600.0,CE,2687880,-81640,54042040,14.82,48.95,24170.0
2698,2026-04-29 09:45:00,NIFTY,2026-05-12,23350.0,CE,65,0,0,19.31,944.6,24170.0
2699,2026-04-29 09:45:00,NIFTY,2026-05-05,24550.0,PE,101270,-130,1639235,15.0,414.65,24170.0
2700,2026-04-29 09:45:00,NIFTY,2026-05-12,26350.0,CE,6760,0,6695,18.1,1.95,24170.0
2701,2026-04-29 09:45:00,NIFTY,2026-05-05,23000.0,CE,203125,-520,93275,20.98,1201.85,24170.0
2702,2026-04-29 09:45:00,NIFTY,2026-05-05,22950.0,PE,440635,195,3217500,20.66,5.35,24170.0
2703,2026-04-29 09:45:00,NIFTY,2026-05-12,26300.0,PE,65,0,0,29.16,2110.45,24170.0
2704,2026-04-29 09:45:00,NIFTY,2026-05-12,26300.0,CE,18655,65,22685,17.46,1.7,24170.0
2705,2026-04-29 09:45:00,NIFTY,2026-05-12,23300.0,PE,166335,-1560,566800,18.59,55.8,24170.0
2706,2026-04-29 09:45:00,NIFTY,2026-05-05,22950.0,CE,1755,0,325,29.32,1276.5,24170.0
2707,2026-04-29 09:45:00,NIFTY,2026-05-05,22900.0,PE,2038335,-48360,10911420,21.12,4.95,24170.0
2708,2026-04-29 09:45:00,NIFTY,2026-05-12,23200.0,PE,282230,-1300,674375,18.85,45.6,24170.0
2709,2026-04-29 09:45:00,NIFTY,2026-05-05,22900.0,CE,6435,0,2665,,1289.0,24170.0
2710,2026-04-29 09:45:00,NIFTY,2026-05-12,24900.0,PE,10530,0,8385,14.4,726.9,24170.0
2711,2026-04-29 09:45:00,NIFTY,2026-05-05,22850.0,PE,1736540,-124150,6440395,21.56,4.55,24170.0
2712,2026-04-29 09:45:00,NIFTY,2026-05-12,24900.0,CE,593840,-2275,1253915,15.26,64.3,24170.0
2713,2026-04-29 09:45:00,NIFTY,2026-05-12,24850.0,PE,390,0,780,15.08,693.35,24170.0
2714,2026-04-29 09:45:00,NIFTY,2026-05-05,26350.0,CE,48555,0,82160,23.82,0.6,24170.0
2715,2026-04-29 09:45:00,NIFTY,2026-05-05,26300.0,PE,65,0,0,43.83,2144.95,24170.0
2716,2026-04-29 09:45:00,NIFTY,2026-05-05,26300.0,CE,198640,0,643695,23.34,0.6,24170.0
2717,2026-04-29 09:45:00,NIFTY,2026-05-05,26250.0,PE,0,0,0,150.01,3126.3,24170.0
2718,2026-04-29 09:45:00,NIFTY,2026-05-05,26250.0,CE,89310,0,174070,22.86,0.6,24170.0
2719,2026-04-29 09:45:00,NIFTY,2026-05-05,26200.0,PE,325,0,0,23.52,2003.0,24170.0
2720,2026-04-29 09:45:00,NIFTY,2026-05-05,26200.0,CE,320190,3315,593775,22.38,0.6,24170.0
2721,2026-04-29 09:45:00,NIFTY,2026-05-12,23200.0,CE,2470,0,2405,19.77,1077.4,24170.0
2722,2026-04-29 09:45:00,NIFTY,2026-05-05,23150.0,CE,4095,0,2795,24.8,1072.9,24170.0
2723,2026-04-29 09:45:00,NIFTY,2026-05-05,23100.0,PE,1549990,-39520,12953265,19.61,7.6,24170.0
2724,2026-04-29 09:45:00,NIFTY,2026-05-12,24850.0,CE,61750,-1755,169195,15.27,73.2,24170.0
2725,2026-04-29 09:45:00,NIFTY,2026-05-12,24800.0,PE,27040,-130,32500,15.47,658.2,24170.0
2726,2026-04-29 09:45:00,NIFTY,2026-05-05,23100.0,CE,10335,0,7475,23.97,1115.55,24170.0
2727,2026-04-29 09:45:00,NIFTY,2026-05-12,26250.0,PE,0,0,0,94.19,2971.0,24170.0
2728,2026-04-29 09:45:00,NIFTY,2026-05-12,24800.0,CE,268125,2990,1108445,15.28,83.0,24170.0
2729,2026-04-29 09:45:00,NIFTY,2026-05-12,26250.0,CE,18460,0,13910,17.48,2.05,24170.0
2730,2026-04-29 09:45:00,NIFTY,2026-05-05,23050.0,PE,336180,-18980,4191005,19.99,6.8,24170.0
2731,2026-04-29 09:45:00,NIFTY,2026-05-12,24750.0,PE,2990,-65,5460,15.6,621.0,24170.0
2732,2026-04-29 09:45:00,NIFTY,2026-05-12,26200.0,PE,0,0,0,93.37,2921.8,24170.0
2733,2026-04-29 09:45:00,NIFTY,2026-05-12,24750.0,CE,68380,-1495,202085,15.31,94.1,24170.0
2734,2026-04-29 09:45:00,NIFTY,2026-05-12,26200.0,CE,55445,910,91780,16.96,1.9,24170.0
2735,2026-04-29 09:45:00,NIFTY,2026-05-05,23050.0,CE,910,0,260,29.13,1184.8,24170.0
2736,2026-04-29 09:45:00,NIFTY,2026-05-05,26450.0,PE,0,0,0,,3323.05,24170.0
2737,2026-04-29 09:45:00,NIFTY,2026-05-05,26450.0,CE,62595,-390,168740,24.77,0.6,24170.0
2738,2026-04-29 09:45:00,NIFTY,2026-05-12,26150.0,CE,11440,0,27365,17.12,2.45,24170.0
2739,2026-04-29 09:45:00,NIFTY,2026-05-05,26400.0,PE,65,0,0,64.26,2356.65,24170.0
2740,2026-04-29 09:45:00,NIFTY,2026-05-12,26100.0,PE,260,0,0,33.22,1960.0,24170.0
2741,2026-04-29 09:45:00,NIFTY,2026-05-05,26400.0,CE,215605,9425,651365,24.29,0.6,24170.0
2742,2026-04-29 09:45:00,NIFTY,2026-05-12,26100.0,CE,69355,195,97955,16.57,2.25,24170.0
2743,2026-04-29 09:45:00,NIFTY,2026-05-05,23400.0,CE,42380,-195,56615,18.67,816.0,24170.0
2744,2026-04-29 09:45:00,NIFTY,2026-05-12,24700.0,PE,32500,-195,71955,15.93,587.95,24170.0
2745,2026-04-29 09:45:00,NIFTY,2026-05-12,24700.0,CE,286390,-2080,871000,15.31,105.9,24170.0
2746,2026-04-29 09:45:00,NIFTY,2026-05-05,23350.0,PE,671450,-6110,8124090,18.08,14.9,24170.0
2747,2026-04-29 09:45:00,NIFTY,2026-05-05,23350.0,CE,11635,455,15210,20.02,867.95,24170.0
2748,2026-04-29 09:45:00,NIFTY,2026-05-12,26150.0,PE,0,0,0,92.54,2872.65,24170.0
2749,2026-04-29 09:45:00,NIFTY,2026-05-05,23300.0,PE,2219100,-49335,20462715,18.36,12.9,24170.0
2750,2026-04-29 09:45:00,NIFTY,2026-05-12,26050.0,PE,0,0,0,90.88,2774.55,24170.0
2751,2026-04-29 09:45:00,NIFTY,2026-05-05,23300.0,CE,58175,-130,35425,17.18,904.15,24170.0
2752,2026-04-29 09:45:00,NIFTY,2026-05-12,26050.0,CE,29185,0,27690,16.65,2.8,24170.0
2753,2026-04-29 09:45:00,NIFTY,2026-05-05,23250.0,PE,938080,-13520,8514155,18.66,11.25,24170.0
2754,2026-04-29 09:45:00,NIFTY,2026-05-12,26000.0,PE,2015,0,130,2.37,1740.0,24170.0
2755,2026-04-29 09:45:00,NIFTY,2026-05-05,23250.0,CE,3575,0,3575,27.96,1001.7,24170.0
2756,2026-04-29 09:45:00,NIFTY,2026-05-12,24650.0,PE,3185,0,9165,15.78,549.0,24170.0
2757,2026-04-29 09:45:00,NIFTY,2026-05-12,26000.0,CE,956605,-7995,1670695,16.31,2.85,24170.0
2758,2026-04-29 09:45:00,NIFTY,2026-05-05,23200.0,PE,2745600,-8840,20367295,18.9,9.65,24170.0
2759,2026-04-29 09:45:00,NIFTY,2026-05-05,23200.0,CE,19825,0,14430,17.63,1001.35,24170.0
2760,2026-04-29 09:45:00,NIFTY,2026-05-05,23150.0,PE,539890,-41860,6583460,19.3,8.65,24170.0
2761,2026-04-29 09:45:00,NIFTY,2026-05-05,26350.0,PE,520,0,0,66.29,2329.15,24170.0
2762,2026-04-29 09:45:00,NIFTY,2026-05-12,24550.0,CE,40430,-650,210145,15.43,150.0,24170.0
2763,2026-04-29 09:45:00,NIFTY,2026-05-05,21800.0,CE,0,0,0,,1383.9,24170.0
2764,2026-04-29 09:45:00,NIFTY,2026-05-12,25950.0,PE,0,0,0,89.2,2676.7,24170.0
2765,2026-04-29 09:45:00,NIFTY,2026-05-12,24650.0,CE,38805,65,157495,15.42,120.35,24170.0
2766,2026-04-29 09:45:00,NIFTY,2026-05-12,25950.0,CE,20540,2795,40170,16.3,3.4,24170.0
2767,2026-04-29 09:45:00,NIFTY,2026-05-12,24600.0,PE,29250,520,116870,15.79,513.6,24170.0
2768,2026-04-29 09:45:00,NIFTY,2026-05-12,25900.0,PE,0,0,0,88.36,2627.9,24170.0
2769,2026-04-29 09:45:00,NIFTY,2026-05-12,24600.0,CE,626600,-975,1530360,15.37,133.7,24170.0
2770,2026-04-29 09:45:00,NIFTY,2026-05-12,24550.0,PE,6240,-130,15340,15.92,481.3,24170.0
2771,2026-04-29 09:45:00,NIFTY,2026-05-12,25900.0,CE,103350,7670,320710,16.18,3.85,24170.0
2772,2026-04-29 09:45:00,NIFTY,2026-05-12,25850.0,PE,0,0,0,87.52,2579.2,24170.0
2773,2026-04-29 09:45:00,NIFTY,2026-05-12,25850.0,CE,19370,-65,44655,16.28,4.8,24170.0
2774,2026-04-29 09:45:00,NIFTY,2026-05-12,25800.0,PE,0,0,0,86.68,2530.55,24170.0
2775,2026-04-29 09:45:00,NIFTY,2026-05-12,25800.0,CE,174525,4810,561600,16.03,5.15,24170.0
2776,2026-04-29 09:45:00,NIFTY,2026-05-05,24650.0,CE,1173380,-73710,29137485,14.88,40.7,24170.0
2777,2026-04-29 09:45:00,NIFTY,2026-05-05,24600.0,PE,226525,-14950,2262455,15.01,454.3,24170.0
2778,2026-04-29 09:45:00,NIFTY,2026-05-12,25750.0,PE,65,0,65,,1425.5,24170.0
2779,2026-04-29 09:45:00,NIFTY,2026-05-12,25750.0,CE,40105,260,106080,15.98,6.0,24170.0
2780,2026-04-29 09:45:00,NIFTY,2026-05-12,25700.0,PE,65,0,0,43.3,1750.0,24170.0
2781,2026-04-29 09:45:00,NIFTY,2026-05-12,23000.0,PE,1011270,5850,2660710,19.5,31.0,24170.0
2782,2026-04-29 09:45:00,NIFTY,2026-05-12,23000.0,CE,13715,-65,5395,16.53,1237.8,24170.0
2783,2026-04-29 09:45:00,NIFTY,2026-05-12,22950.0,PE,47190,-1170,159770,19.71,28.4,24170.0
2784,2026-04-29 09:45:00,NIFTY,2026-05-05,24750.0,PE,32045,520,140985,15.43,583.95,24170.0
2785,2026-04-29 09:45:00,NIFTY,2026-05-12,22950.0,CE,65,0,0,,1251.8,24170.0
2786,2026-04-29 09:45:00,NIFTY,2026-05-05,24750.0,CE,1306370,-60645,24966760,15.08,28.15,24170.0
2787,2026-04-29 09:45:00,NIFTY,2026-05-12,23100.0,PE,96850,-1040,502125,19.15,37.45,24170.0
2788,2026-04-29 09:45:00,NIFTY,2026-05-05,24700.0,PE,200980,-6500,1233375,14.92,537.1,24170.0
2789,2026-04-29 09:45:00,NIFTY,2026-05-12,23100.0,CE,845,0,455,32.3,1302.2,24170.0
2790,2026-04-29 09:45:00,NIFTY,2026-05-05,24700.0,CE,2415920,-80275,43641195,14.97,33.85,24170.0
2791,2026-04-29 09:45:00,NIFTY,2026-05-12,23050.0,PE,23335,195,135070,19.35,34.25,24170.0
2792,2026-04-29 09:45:00,NIFTY,2026-05-12,23050.0,CE,65,0,585,,1094.05,24170.0
2793,2026-04-29 09:45:00,NIFTY,2026-05-05,24650.0,PE,59800,325,334490,15.23,497.1,24170.0
2794,2026-04-29 09:45:00,NIFTY,2026-05-12,23150.0,PE,25415,260,109395,19.02,41.55,24170.0
2795,2026-04-29 09:45:00,NIFTY,2026-05-12,23150.0,CE,130,0,130,,1028.3,24170.0
2796,2026-04-29 09:45:00,NIFTY,2026-05-05,22500.0,CE,15860,0,3120,40.44,1738.2,24170.0
2797,2026-04-29 09:45:00,NIFTY,2026-05-05,22450.0,PE,275275,11895,1573715,24.99,2.45,24170.0
2798,2026-04-29 09:45:00,NIFTY,2026-05-05,22450.0,CE,130,0,65,,1678.75,24170.0
2799,2026-04-29 09:45:00,NIFTY,2026-05-05,22400.0,PE,750750,-25350,5453695,25.38,2.25,24170.0
2800,2026-04-29 09:45:00,NIFTY,2026-05-12,22750.0,CE,0,0,0,,774.75,24170.0
2801,2026-04-29 09:45:00,NIFTY,2026-05-12,22700.0,PE,129480,-2210,457730,20.55,17.5,24170.0
2802,2026-04-29 09:45:00,NIFTY,2026-05-12,22700.0,CE,65,0,65,,1422.25,24170.0
2803,2026-04-29 09:45:00,NIFTY,2026-05-05,23650.0,CE,47580,-325,105040,16.35,580.4,24170.0
2804,2026-04-29 09:45:00,NIFTY,2026-05-05,23600.0,PE,2224885,-42250,27024725,16.91,32.15,24170.0
2805,2026-04-29 09:45:00,NIFTY,2026-05-05,24900.0,PE,172120,-520,166530,15.41,719.25,24170.0
2806,2026-04-29 09:45:00,NIFTY,2026-05-05,24900.0,CE,2388555,-46475,31411835,15.5,16.2,24170.0
2807,2026-04-29 09:45:00,NIFTY,2026-05-12,22850.0,CE,0,0,0,,711.05,24170.0
2808,2026-04-29 09:45:00,NIFTY,2026-05-05,23600.0,CE,94315,325,259480,16.75,626.35,24170.0
2809,2026-04-29 09:45:00,NIFTY,2026-05-05,23550.0,PE,726765,-20020,9769630,17.12,27.45,24170.0
2810,2026-04-29 09:45:00,NIFTY,2026-05-12,22800.0,PE,309660,585,806910,20.08,20.6,24170.0
2811,2026-04-29 09:45:00,NIFTY,2026-05-12,22800.0,CE,4355,0,455,,1336.35,24170.0
2812,2026-04-29 09:45:00,NIFTY,2026-05-05,23550.0,CE,28860,0,46670,17.01,672.0,24170.0
2813,2026-04-29 09:45:00,NIFTY,2026-05-05,24850.0,PE,18655,715,59085,15.31,672.75,24170.0
2814,2026-04-29 09:45:00,NIFTY,2026-05-12,22750.0,PE,19825,195,70460,20.38,19.3,24170.0
2815,2026-04-29 09:45:00,NIFTY,2026-05-05,24850.0,CE,1154790,-69290,19584110,15.33,19.4,24170.0
2816,2026-04-29 09:45:00,NIFTY,2026-05-05,23500.0,PE,3591900,-118365,39406900,17.34,23.45,24170.0
2817,2026-04-29 09:45:00,NIFTY,2026-05-05,26500.0,PE,11050,0,2795,,2290.2,24170.0
2818,2026-04-29 09:45:00,NIFTY,2026-05-05,26550.0,PE,0,0,0,,3421.65,24170.0
2819,2026-04-29 09:45:00,NIFTY,2026-05-05,26500.0,CE,387400,-9750,1420120,25.24,0.6,24170.0
2820,2026-04-29 09:45:00,NIFTY,2026-05-05,23500.0,CE,498745,-1235,683865,17.07,717.2,24170.0
2821,2026-04-29 09:45:00,NIFTY,2026-05-05,23450.0,PE,699725,-22620,10132655,17.56,20.05,24170.0
2822,2026-04-29 09:45:00,NIFTY,2026-05-05,26550.0,CE,158210,-65,695240,25.5,0.55,24170.0
2823,2026-04-29 09:45:00,NIFTY,2026-05-12,22900.0,PE,130000,-3835,492830,19.84,25.6,24170.0
2824,2026-04-29 09:45:00,NIFTY,2026-05-05,23450.0,CE,17875,65,27495,16.77,761.6,24170.0
2825,2026-04-29 09:45:00,NIFTY,2026-05-12,22900.0,CE,0,0,0,,680.35,24170.0
2826,2026-04-29 09:45:00,NIFTY,2026-05-05,23400.0,PE,1621750,6370,18476575,17.8,17.2,24170.0
2827,2026-04-29 09:45:00,NIFTY,2026-05-12,22850.0,PE,36985,-195,129675,19.99,23.15,24170.0
2828,2026-04-29 09:45:00,NIFTY,2026-05-05,24800.0,PE,218075,-6110,673530,15.32,627.55,24170.0
2829,2026-04-29 09:45:00,NIFTY,2026-05-05,24800.0,CE,3410290,3315,44194280,15.16,23.1,24170.0
2830,2026-04-29 09:45:00,NIFTY,2026-05-12,24450.0,PE,17940,-65,70070,16.13,420.0,24170.0
2831,2026-04-29 09:45:00,NIFTY,2026-05-12,24450.0,CE,54795,-715,241800,15.58,187.0,24170.0
2832,2026-04-29 09:45:00,NIFTY,2026-05-12,22600.0,PE,150930,24050,427505,20.96,14.7,24170.0
2833,2026-04-29 09:45:00,NIFTY,2026-05-05,25150.0,CE,977795,-42770,10932675,16.55,7.05,24170.0
2834,2026-04-29 09:45:00,NIFTY,2026-05-12,22600.0,CE,0,0,0,,876.1,24170.0
2835,2026-04-29 09:45:00,NIFTY,2026-05-05,25100.0,PE,11505,-65,18720,17.04,913.55,24170.0
2836,2026-04-29 09:45:00,NIFTY,2026-05-12,24500.0,PE,222885,-2990,560235,15.86,447.1,24170.0
2837,2026-04-29 09:45:00,NIFTY,2026-05-12,24500.0,CE,721630,11440,2257905,15.54,168.35,24170.0
2838,2026-04-29 09:45:00,NIFTY,2026-05-05,25100.0,CE,3025880,-72735,24734450,16.33,8.3,24170.0
2839,2026-04-29 09:45:00,NIFTY,2026-05-05,25050.0,PE,2730,130,10855,9.92,853.55,24170.0
2840,2026-04-29 09:45:00,NIFTY,2026-05-12,22650.0,PE,18005,585,57265,20.82,16.3,24170.0
2841,2026-04-29 09:45:00,NIFTY,2026-05-05,25050.0,CE,997165,77610,11713130,16.12,9.8,24170.0
2842,2026-04-29 09:45:00,NIFTY,2026-05-12,22650.0,CE,0,0,0,,841.6,24170.0
2843,2026-04-29 09:45:00,NIFTY,2026-05-05,25000.0,PE,574925,0,771940,16.13,815.65,24170.0
2844,2026-04-29 09:45:00,NIFTY,2026-05-05,23700.0,CE,168545,-2860,889135,16.34,538.0,24170.0
2845,2026-04-29 09:45:00,NIFTY,2026-05-05,25000.0,CE,7101770,-47515,67693145,15.9,11.55,24170.0
2846,2026-04-29 09:45:00,NIFTY,2026-05-05,24950.0,PE,4680,-325,15990,16.42,770.0,24170.0
2847,2026-04-29 09:45:00,NIFTY,2026-05-05,23650.0,PE,679250,-38220,12738960,16.76,38.0,24170.0
2848,2026-04-29 09:45:00,NIFTY,2026-05-05,24950.0,CE,997555,1365,23005645,15.69,13.65,24170.0
2849,2026-04-29 09:45:00,NIFTY,2026-05-12,22450.0,CE,0,0,0,,985.1,24170.0
2850,2026-04-29 09:45:00,NIFTY,2026-05-12,24350.0,PE,55185,-1105,241085,16.09,359.5,24170.0
2851,2026-04-29 09:45:00,NIFTY,2026-05-12,22550.0,CE,0,0,0,,911.35,24170.0
2852,2026-04-29 09:45:00,NIFTY,2026-05-05,23800.0,CE,445055,-4095,2129920,15.84,452.65,24170.0
2853,2026-04-29 09:45:00,NIFTY,2026-05-12,22500.0,PE,683735,1495,1089660,21.52,12.85,24170.0
2854,2026-04-29 09:45:00,NIFTY,2026-05-05,25300.0,PE,5005,195,4225,,1100.55,24170.0
2855,2026-04-29 09:45:00,NIFTY,2026-05-12,24350.0,CE,97435,715,417105,15.68,228.5,24170.0
2856,2026-04-29 09:45:00,NIFTY,2026-05-05,23750.0,PE,875420,-21905,16212170,16.42,52.15,24170.0
2857,2026-04-29 09:45:00,NIFTY,2026-05-05,25850.0,PE,195,0,0,33.58,1681.4,24170.0
2858,2026-04-29 09:45:00,NIFTY,2026-05-12,22500.0,CE,715,0,1365,36.69,1840.0,24170.0
2859,2026-04-29 09:45:00,NIFTY,2026-05-12,22450.0,PE,18330,65,50310,21.83,12.1,24170.0
2860,2026-04-29 09:45:00,NIFTY,2026-05-05,25300.0,CE,3717545,18525,27643070,17.23,4.4,24170.0
2861,2026-04-29 09:45:00,NIFTY,2026-05-12,24400.0,PE,187265,-2015,540670,16.17,390.2,24170.0
2862,2026-04-29 09:45:00,NIFTY,2026-05-12,24400.0,CE,293345,3120,1202240,15.63,207.05,24170.0
2863,2026-04-29 09:45:00,NIFTY,2026-05-05,25250.0,PE,2730,0,2665,,1024.2,24170.0
2864,2026-04-29 09:45:00,NIFTY,2026-05-05,23750.0,CE,65520,-1170,251485,16.0,494.1,24170.0
2865,2026-04-29 09:45:00,NIFTY,2026-05-05,25250.0,CE,772135,2470,9556105,17.04,5.2,24170.0
2866,2026-04-29 09:45:00,NIFTY,2026-05-05,22800.0,CE,8905,0,975,29.0,1414.7,24170.0
2867,2026-04-29 09:45:00,NIFTY,2026-05-12,22550.0,PE,21255,260,63180,21.27,13.85,24170.0
2868,2026-04-29 09:45:00,NIFTY,2026-05-05,23700.0,PE,2257840,-88920,34295040,16.55,44.25,24170.0
2869,2026-04-29 09:45:00,NIFTY,2026-05-05,25200.0,PE,73840,65,38415,17.44,1010.6,24170.0
2870,2026-04-29 09:45:00,NIFTY,2026-05-05,22750.0,PE,363090,-1820,2285595,22.28,3.7,24170.0
2871,2026-04-29 09:45:00,NIFTY,2026-05-05,25200.0,CE,3228420,-89375,24175125,16.75,5.95,24170.0
2872,2026-04-29 09:45:00,NIFTY,2026-05-05,25150.0,PE,390,0,455,,943.9,24170.0
2873,2026-04-29 09:45:00,NIFTY,2026-05-12,25650.0,PE,0,0,0,84.13,2385.25,24170.0
2874,2026-04-29 09:45:00,NIFTY,2026-05-05,21900.0,PE,316810,455,1241825,31.13,1.85,24170.0
2875,2026-04-29 09:45:00,NIFTY,2026-05-12,25650.0,CE,40040,130,97370,15.76,7.75,24170.0
2876,2026-04-29 09:45:00,NIFTY,2026-05-05,22550.0,PE,171145,0,1261065,24.04,2.75,24170.0
2877,2026-04-29 09:45:00,NIFTY,2026-05-12,24250.0,CE,114920,1560,470080,15.88,277.3,24170.0
2878,2026-04-29 09:45:00,NIFTY,2026-05-05,21900.0,CE,0,0,0,,1300.85,24170.0
2879,2026-04-29 09:45:00,NIFTY,2026-05-12,22350.0,CE,0,0,0,,1059.6,24170.0
2880,2026-04-29 09:45:00,NIFTY,2026-05-05,21850.0,PE,41340,975,174265,31.86,1.9,24170.0
2881,2026-04-29 09:45:00,NIFTY,2026-05-12,22300.0,PE,228215,1950,452530,22.62,9.85,24170.0
2882,2026-04-29 09:45:00,NIFTY,2026-05-05,25550.0,PE,650,0,260,,1181.75,24170.0
2883,2026-04-29 09:45:00,NIFTY,2026-05-05,21850.0,CE,0,0,0,,1342.1,24170.0
2884,2026-04-29 09:45:00,NIFTY,2026-05-12,22300.0,CE,0,0,0,,1098.3,24170.0
2885,2026-04-29 09:45:00,NIFTY,2026-05-05,25550.0,CE,739765,26650,4385615,18.29,2.0,24170.0
2886,2026-04-29 09:45:00,NIFTY,2026-05-05,26000.0,PE,177710,0,31915,,1794.0,24170.0
2887,2026-04-29 09:45:00,NIFTY,2026-05-05,22550.0,CE,130,0,260,57.05,1796.5,24170.0
2888,2026-04-29 09:45:00,NIFTY,2026-05-05,22500.0,PE,4171765,520,14545310,24.47,2.55,24170.0
2889,2026-04-29 09:45:00,NIFTY,2026-05-12,24300.0,CE,430885,-325,1569945,15.74,251.4,24170.0
2890,2026-04-29 09:45:00,NIFTY,2026-05-05,25500.0,PE,316940,-65,60190,16.7,1304.0,24170.0
2891,2026-04-29 09:45:00,NIFTY,2026-05-12,22400.0,PE,92755,-3575,210080,22.03,11.1,24170.0
2892,2026-04-29 09:45:00,NIFTY,2026-05-05,26000.0,CE,5131100,8970,14167465,20.9,0.75,24170.0
2893,2026-04-29 09:45:00,NIFTY,2026-05-12,22400.0,CE,0,0,0,,1021.6,24170.0
2894,2026-04-29 09:45:00,NIFTY,2026-05-12,25700.0,CE,145015,520,356915,15.86,6.8,24170.0
2895,2026-04-29 09:45:00,NIFTY,2026-05-12,24250.0,PE,121615,-390,460525,16.25,307.95,24170.0
2896,2026-04-29 09:45:00,NIFTY,2026-05-05,23950.0,CE,147485,-975,3151005,15.59,339.05,24170.0
2897,2026-04-29 09:45:00,NIFTY,2026-05-05,25500.0,CE,4997395,-139815,26354640,18.2,2.45,24170.0
2898,2026-04-29 09:45:00,NIFTY,2026-05-05,25950.0,PE,0,0,0,142.64,2832.5,24170.0
2899,2026-04-29 09:45:00,NIFTY,2026-05-05,23900.0,PE,2587585,-96460,45930950,15.97,82.85,24170.0
2900,2026-04-29 09:45:00,NIFTY,2026-05-05,25450.0,PE,975,0,130,1.5,1233.75,24170.0
2901,2026-04-29 09:45:00,NIFTY,2026-05-12,22350.0,PE,9490,65,23400,22.55,11.1,24170.0
2902,2026-04-29 09:45:00,NIFTY,2026-05-05,25950.0,CE,303030,-7150,986180,20.54,0.8,24170.0
2903,2026-04-29 09:45:00,NIFTY,2026-05-05,23900.0,CE,513240,-18265,5250375,15.7,375.65,24170.0
2904,2026-04-29 09:45:00,NIFTY,2026-05-05,25450.0,CE,880815,5590,7644455,18.02,2.9,24170.0
2905,2026-04-29 09:45:00,NIFTY,2026-05-05,25900.0,PE,455,0,0,33.98,1730.0,24170.0
2906,2026-04-29 09:45:00,NIFTY,2026-05-05,25400.0,PE,3315,0,1625,,1179.55,24170.0
2907,2026-04-29 09:45:00,NIFTY,2026-05-05,23850.0,PE,2059135,177450,23088195,16.07,70.75,24170.0
2908,2026-04-29 09:45:00,NIFTY,2026-05-05,23850.0,CE,75725,-5980,779740,16.04,416.0,24170.0
2909,2026-04-29 09:45:00,NIFTY,2026-05-05,25400.0,CE,2143440,-5395,19835140,17.74,3.3,24170.0
2910,2026-04-29 09:45:00,NIFTY,2026-05-05,23800.0,PE,3322280,76570,46704580,16.24,60.85,24170.0
2911,2026-04-29 09:45:00,NIFTY,2026-05-05,25350.0,PE,1105,0,4290,,1146.9,24170.0
2912,2026-04-29 09:45:00,NIFTY,2026-05-12,24300.0,PE,410150,-7020,1387945,16.23,334.15,24170.0
2913,2026-04-29 09:45:00,NIFTY,2026-05-05,25350.0,CE,787085,-28990,8605805,17.52,3.85,24170.0
2914,2026-04-29 09:45:00,NIFTY,2026-05-05,25900.0,CE,1312545,-6110,2500095,20.16,0.85,24170.0
2915,2026-04-29 09:45:00,NIFTY,2026-05-05,21800.0,PE,573040,-455,1463215,32.3,1.8,24170.0
2916,2026-04-29 09:45:00,NIFTY,2026-05-05,22100.0,PE,374660,4810,1801670,28.85,2.0,24170.0
2917,2026-04-29 09:45:00,NIFTY,2026-05-12,25500.0,CE,562900,-910,2143830,15.57,11.95,24170.0
2918,2026-04-29 09:45:00,NIFTY,2026-05-05,22100.0,CE,715,0,0,4.14,2077.3,24170.0
2919,2026-04-29 09:45:00,NIFTY,2026-05-05,22050.0,PE,34385,-390,70850,29.31,1.9,24170.0
2920,2026-04-29 09:45:00,NIFTY,2026-05-05,22050.0,CE,0,0,0,,1180.2,24170.0
2921,2026-04-29 09:45:00,NIFTY,2026-05-12,22100.0,PE,78975,0,158860,23.8,7.8,24170.0
2922,2026-04-29 09:45:00,NIFTY,2026-05-05,22000.0,PE,4305405,-10920,9308520,29.86,1.85,24170.0
2923,2026-04-29 09:45:00,NIFTY,2026-05-12,24200.0,PE,635180,61425,2007070,16.41,285.6,24170.0
2924,2026-04-29 09:45:00,NIFTY,2026-05-12,25500.0,PE,26390,780,25285,16.45,1286.9,24170.0
2925,2026-04-29 09:45:00,NIFTY,2026-05-05,22000.0,CE,27300,0,5850,35.14,2200.0,24170.0
2926,2026-04-29 09:45:00,NIFTY,2026-05-12,24200.0,CE,941135,2470,1893060,15.9,302.25,24170.0
2927,2026-04-29 09:45:00,NIFTY,2026-05-12,22100.0,CE,0,0,0,,1259.0,24170.0
2928,2026-04-29 09:45:00,NIFTY,2026-05-12,22050.0,PE,16250,0,34580,24.09,7.35,24170.0
2929,2026-04-29 09:45:00,NIFTY,2026-05-12,24150.0,PE,85865,-520,423475,16.45,262.4,24170.0
2930,2026-04-29 09:45:00,NIFTY,2026-05-05,25700.0,CE,1560390,36465,7119970,19.07,1.35,24170.0
2931,2026-04-29 09:45:00,NIFTY,2026-05-12,24150.0,CE,55835,3640,272870,16.03,330.7,24170.0
2932,2026-04-29 09:45:00,NIFTY,2026-05-05,21950.0,PE,19825,4745,90480,30.49,1.85,24170.0
2933,2026-04-29 09:45:00,NIFTY,2026-05-05,26050.0,PE,0,0,0,145.11,2930.2,24170.0
2934,2026-04-29 09:45:00,NIFTY,2026-05-12,22200.0,PE,49465,-65,109460,23.25,8.85,24170.0
2935,2026-04-29 09:45:00,NIFTY,2026-05-12,25600.0,CE,188825,130,571675,15.71,9.0,24170.0
2936,2026-04-29 09:45:00,NIFTY,2026-05-05,22600.0,PE,1060800,28665,5461755,23.55,2.9,24170.0
2937,2026-04-29 09:45:00,NIFTY,2026-05-05,24000.0,CE,2314650,-54340,36868650,15.49,304.25,24170.0
2938,2026-04-29 09:45:00,NIFTY,2026-05-05,22600.0,CE,650,0,195,37.15,1632.1,24170.0
2939,2026-04-29 09:45:00,NIFTY,2026-05-05,23950.0,PE,1077050,-96330,22281285,15.82,95.95,24170.0
2940,2026-04-29 09:45:00,NIFTY,2026-05-12,22200.0,CE,0,0,0,,1177.45,24170.0
2941,2026-04-29 09:45:00,NIFTY,2026-05-12,25550.0,PE,0,0,0,82.44,2289.0,24170.0
2942,2026-04-29 09:45:00,NIFTY,2026-05-12,22150.0,PE,16640,0,16445,23.5,8.25,24170.0
2943,2026-04-29 09:45:00,NIFTY,2026-05-12,25550.0,CE,45825,520,119340,15.62,10.3,24170.0
2944,2026-04-29 09:45:00,NIFTY,2026-05-05,25650.0,PE,1560,0,910,,1428.8,24170.0
2945,2026-04-29 09:45:00,NIFTY,2026-05-12,22150.0,CE,0,0,0,,1217.95,24170.0
2946,2026-04-29 09:45:00,NIFTY,2026-05-12,22250.0,PE,7865,0,8840,23.0,9.5,24170.0
2947,2026-04-29 09:45:00,NIFTY,2026-05-05,22850.0,CE,260,0,65,,1233.95,24170.0
2948,2026-04-29 09:45:00,NIFTY,2026-05-05,25650.0,CE,453310,15340,1924780,18.76,1.5,24170.0
2949,2026-04-29 09:45:00,NIFTY,2026-05-05,22800.0,PE,2371720,-59930,13734630,21.92,4.1,24170.0
2950,2026-04-29 09:45:00,NIFTY,2026-05-12,25600.0,PE,0,0,65,,1200.0,24170.0
2951,2026-04-29 09:45:00,NIFTY,2026-05-05,25600.0,PE,4745,0,3250,,1361.8,24170.0
2952,2026-04-29 09:45:00,NIFTY,2026-05-12,22250.0,CE,0,0,0,,1137.6,24170.0
2953,2026-04-29 09:45:00,NIFTY,2026-05-05,25600.0,CE,2426905,33475,9175140,18.48,1.7,24170.0
2954,2026-04-29 09:45:00,NIFTY,2026-05-05,26050.0,CE,567840,-13585,754975,21.25,0.7,24170.0
2955,2026-04-29 09:45:00,NIFTY,2026-05-05,21950.0,CE,0,0,0,,1260.05,24170.0
2956,2026-04-29 09:45:00,NIFTY,2026-05-05,22250.0,CE,1300,0,520,45.04,1987.5,24170.0
2957,2026-04-29 09:45:00,NIFTY,2026-05-05,22200.0,PE,729040,8320,2833025,27.57,2.0,24170.0
2958,2026-04-29 09:45:00,NIFTY,2026-05-05,22700.0,CE,5070,0,1300,33.12,1523.2,24170.0
2959,2026-04-29 09:45:00,NIFTY,2026-05-05,22200.0,CE,1040,0,130,45.62,2036.0,24170.0
2960,2026-04-29 09:45:00,NIFTY,2026-05-05,22650.0,PE,258505,-65,1765790,23.19,3.2,24170.0
2961,2026-04-29 09:45:00,NIFTY,2026-05-05,22150.0,PE,146315,1040,670865,28.04,1.9,24170.0
2962,2026-04-29 09:45:00,NIFTY,2026-05-12,21900.0,CE,0,0,0,,1428.35,24170.0
2963,2026-04-29 09:45:00,NIFTY,2026-05-12,21850.0,PE,8775,0,8970,25.17,5.75,24170.0
2964,2026-04-29 09:45:00,NIFTY,2026-05-12,25450.0,PE,0,0,0,80.74,2193.3,24170.0
2965,2026-04-29 09:45:00,NIFTY,2026-05-05,22650.0,CE,260,0,65,37.17,1586.4,24170.0
2966,2026-04-29 09:45:00,NIFTY,2026-05-12,25450.0,CE,39260,585,128245,15.48,13.65,24170.0
2967,2026-04-29 09:45:00,NIFTY,2026-05-05,25750.0,PE,0,0,0,137.65,2638.0,24170.0
2968,2026-04-29 09:45:00,NIFTY,2026-05-12,24050.0,CE,35620,-195,203255,16.18,389.5,24170.0
2969,2026-04-29 09:45:00,NIFTY,2026-05-12,24000.0,PE,1022840,7670,3054870,16.68,202.65,24170.0
2970,2026-04-29 09:45:00,NIFTY,2026-05-05,24100.0,CE,2188355,-45695,80941185,15.32,240.75,24170.0
2971,2026-04-29 09:45:00,NIFTY,2026-05-05,26150.0,PE,0,0,0,147.57,3028.15,24170.0
2972,2026-04-29 09:45:00,NIFTY,2026-05-05,24050.0,PE,1541800,-183625,40060280,15.59,128.0,24170.0
2973,2026-04-29 09:45:00,NIFTY,2026-05-12,24000.0,CE,291200,130,1030770,16.28,421.15,24170.0
2974,2026-04-29 09:45:00,NIFTY,2026-05-12,21950.0,CE,0,0,0,,1385.3,24170.0
2975,2026-04-29 09:45:00,NIFTY,2026-05-05,26150.0,CE,130195,-65,419120,22.07,0.65,24170.0
2976,2026-04-29 09:45:00,NIFTY,2026-05-12,21900.0,PE,28080,0,41665,25.04,6.35,24170.0
2977,2026-04-29 09:45:00,NIFTY,2026-05-05,24050.0,CE,505180,-13455,16842345,15.42,271.7,24170.0
2978,2026-04-29 09:45:00,NIFTY,2026-05-12,22050.0,CE,0,0,0,,1300.6,24170.0
2979,2026-04-29 09:45:00,NIFTY,2026-05-05,24000.0,PE,6550440,-409500,105256450,15.68,110.85,24170.0
2980,2026-04-29 09:45:00,NIFTY,2026-05-12,24100.0,PE,266175,-780,1471145,16.54,241.55,24170.0
2981,2026-04-29 09:45:00,NIFTY,2026-05-12,22000.0,PE,446615,11440,1046110,24.43,7.05,24170.0
2982,2026-04-29 09:45:00,NIFTY,2026-05-12,22000.0,CE,1430,130,1365,,2220.0,24170.0
2983,2026-04-29 09:45:00,NIFTY,2026-05-12,24100.0,CE,288210,-4485,1069120,16.09,359.15,24170.0
2984,2026-04-29 09:45:00,NIFTY,2026-05-12,21950.0,PE,13845,0,18720,24.71,6.65,24170.0
2985,2026-04-29 09:45:00,NIFTY,2026-05-12,24050.0,PE,60515,-1885,402870,16.65,222.15,24170.0
2986,2026-04-29 09:45:00,NIFTY,2026-05-05,25750.0,CE,460655,-5850,2070250,19.34,1.2,24170.0
2987,2026-04-29 09:45:00,NIFTY,2026-05-05,26100.0,PE,715,0,0,60.29,2070.0,24170.0
2988,2026-04-29 09:45:00,NIFTY,2026-05-05,26100.0,CE,1674270,0,2947035,21.58,0.65,24170.0
2989,2026-04-29 09:45:00,NIFTY,2026-05-05,25700.0,PE,1755,0,1690,,1485.95,24170.0
2990,2026-04-29 09:45:00,NIFTY,2026-05-12,21850.0,CE,0,0,0,,1471.9,24170.0
2991,2026-04-29 09:45:00,NIFTY,2026-05-05,22150.0,CE,65,0,0,,1975.2,24170.0
2992,2026-04-29 09:45:00,NIFTY,2026-05-12,25300.0,CE,267475,5720,691210,15.27,20.6,24170.0
2993,2026-04-29 09:45:00,NIFTY,2026-05-12,23750.0,PE,50895,-65,206245,17.37,131.1,24170.0
2994,2026-04-29 09:45:00,NIFTY,2026-05-12,23750.0,CE,520,0,1820,18.03,616.0,24170.0
2995,2026-04-29 09:45:00,NIFTY,2026-05-12,25250.0,PE,0,0,0,77.34,2003.95,24170.0
2996,2026-04-29 09:45:00,NIFTY,2026-05-05,22400.0,CE,1300,0,195,58.36,1930.6,24170.0
2997,2026-04-29 09:45:00,NIFTY,2026-05-12,25250.0,CE,105430,845,270790,15.32,24.4,24170.0
2998,2026-04-29 09:45:00,NIFTY,2026-05-05,22350.0,PE,151450,-6825,1132755,26.02,2.25,24170.0
2999,2026-04-29 09:45:00,NIFTY,2026-05-12,26550.0,PE,0,0,0,99.07,3267.0,24170.0
3000,2026-04-29 09:45:00,NIFTY,2026-05-05,22350.0,CE,65,0,130,55.73,1955.35,24170.0
3001,2026-04-29 09:45:00,NIFTY,2026-05-12,25400.0,CE,221065,-1105,795730,15.41,15.7,24170.0
3002,2026-04-29 09:45:00,NIFTY,2026-05-05,24250.0,CE,2016690,-200525,72622875,15.0,159.8,24170.0
3003,2026-04-29 09:45:00,NIFTY,2026-05-12,23850.0,PE,77350,0,260455,17.08,156.35,24170.0
3004,2026-04-29 09:45:00,NIFTY,2026-05-05,22300.0,PE,841620,-6435,3598140,26.52,2.15,24170.0
3005,2026-04-29 09:45:00,NIFTY,2026-05-05,22750.0,CE,1495,0,845,35.5,1487.55,24170.0
3006,2026-04-29 09:45:00,NIFTY,2026-05-05,22700.0,PE,1293760,-22100,7839065,22.61,3.3,24170.0
3007,2026-04-29 09:45:00,NIFTY,2026-05-12,23850.0,CE,4875,0,9295,17.42,537.05,24170.0
3008,2026-04-29 09:45:00,NIFTY,2026-05-05,22300.0,CE,195,0,0,,1840.0,24170.0
3009,2026-04-29 09:45:00,NIFTY,2026-05-05,25850.0,CE,315705,-8255,1419405,19.77,0.9,24170.0
3010,2026-04-29 09:45:00,NIFTY,2026-05-12,25350.0,PE,0,0,0,79.04,2098.25,24170.0
3011,2026-04-29 09:45:00,NIFTY,2026-05-05,24200.0,PE,5518890,-470080,121516590,15.27,190.9,24170.0
3012,2026-04-29 09:45:00,NIFTY,2026-05-12,25350.0,CE,45825,-650,145600,15.35,18.05,24170.0
3013,2026-04-29 09:45:00,NIFTY,2026-05-12,23800.0,PE,256880,-3315,1021475,17.22,143.2,24170.0
3014,2026-04-29 09:45:00,NIFTY,2026-05-05,24200.0,CE,4718610,-174135,116460890,15.08,184.35,24170.0
3015,2026-04-29 09:45:00,NIFTY,2026-05-05,25800.0,PE,1235,0,0,51.96,1750.8,24170.0
3016,2026-04-29 09:45:00,NIFTY,2026-05-05,24150.0,PE,1825005,-193505,55153670,15.37,167.8,24170.0
3017,2026-04-29 09:45:00,NIFTY,2026-05-12,23800.0,CE,81120,650,87100,16.36,555.0,24170.0
3018,2026-04-29 09:45:00,NIFTY,2026-05-12,25300.0,PE,390,0,585,,1053.7,24170.0
3019,2026-04-29 09:45:00,NIFTY,2026-05-05,24150.0,CE,1034215,-81445,47582600,15.18,211.25,24170.0
3020,2026-04-29 09:45:00,NIFTY,2026-05-12,23950.0,PE,45045,325,175435,16.82,186.2,24170.0
3021,2026-04-29 09:45:00,NIFTY,2026-05-12,21800.0,PE,19760,0,8190,25.62,5.7,24170.0
3022,2026-04-29 09:45:00,NIFTY,2026-05-12,23950.0,CE,12740,130,47645,16.38,454.25,24170.0
3023,2026-04-29 09:45:00,NIFTY,2026-05-05,24100.0,PE,4367025,-392275,109049005,15.44,146.4,24170.0
3024,2026-04-29 09:45:00,NIFTY,2026-05-12,25400.0,PE,3705,0,975,15.69,1188.35,24170.0
3025,2026-04-29 09:45:00,NIFTY,2026-05-12,23900.0,PE,147420,-2535,630175,16.96,170.9,24170.0
3026,2026-04-29 09:45:00,NIFTY,2026-05-12,23900.0,CE,78845,-130,142285,16.29,485.2,24170.0
3027,2026-04-29 09:45:00,NIFTY,2026-05-12,21800.0,CE,0,0,0,,1515.85,24170.0
3028,2026-04-29 09:45:00,NIFTY,2026-05-05,25800.0,CE,3113305,-105495,12850500,19.47,1.0,24170.0
3029,2026-04-29 09:45:00,NIFTY,2026-05-12,23700.0,PE,558545,-2405,1155570,17.48,119.4,24170.0
3030,2026-04-29 09:45:00,NIFTY,2026-05-05,22250.0,PE,118365,-4485,620815,27.01,2.05,24170.0
3031,2026-04-29 09:45:00,NIFTY,2026-05-12,23550.0,CE,715,0,2340,26.05,880.0,24170.0
3032,2026-04-29 09:45:00,NIFTY,2026-05-12,23600.0,CE,6630,0,10335,17.08,715.0,24170.0
3033,2026-04-29 09:45:00,NIFTY,2026-05-12,25200.0,CE,289835,6045,966420,15.28,28.05,24170.0
3034,2026-04-29 09:45:00,NIFTY,2026-05-05,24450.0,CE,1291485,-96135,34973965,14.75,83.7,24170.0
3035,2026-04-29 09:45:00,NIFTY,2026-05-12,26500.0,CE,124475,0,110890,18.54,1.45,24170.0
3036,2026-04-29 09:45:00,NIFTY,2026-05-12,25150.0,PE,65,0,0,,695.05,24170.0
3037,2026-04-29 09:45:00,NIFTY,2026-05-05,24400.0,PE,1417910,-102960,27156805,14.94,305.0,24170.0
3038,2026-04-29 09:45:00,NIFTY,2026-05-12,23550.0,PE,28210,-2145,140790,17.95,91.1,24170.0
3039,2026-04-29 09:45:00,NIFTY,2026-05-12,25150.0,CE,96005,7865,416325,15.23,32.1,24170.0
3040,2026-04-29 09:45:00,NIFTY,2026-05-12,23700.0,CE,12740,65,53560,16.63,632.05,24170.0
3041,2026-04-29 09:45:00,NIFTY,2026-05-12,25200.0,PE,2470,0,2275,13.83,990.15,24170.0
3042,2026-04-29 09:45:00,NIFTY,2026-05-12,23650.0,PE,35620,-130,121160,17.56,108.15,24170.0
3043,2026-04-29 09:45:00,NIFTY,2026-05-12,26550.0,CE,57070,0,85670,18.81,1.4,24170.0
3044,2026-04-29 09:45:00,NIFTY,2026-05-05,24400.0,CE,4343820,85085,79483300,14.75,98.9,24170.0
3045,2026-04-29 09:45:00,NIFTY,2026-05-12,23650.0,CE,1170,0,2600,18.54,696.55,24170.0
3046,2026-04-29 09:45:00,NIFTY,2026-05-05,24350.0,PE,661700,-114595,29676985,14.99,273.0,24170.0
3047,2026-04-29 09:45:00,NIFTY,2026-05-12,26500.0,PE,0,0,0,98.27,3217.6,24170.0
3048,2026-04-29 09:45:00,NIFTY,2026-05-12,23600.0,PE,216060,2730,693095,17.75,99.25,24170.0
3049,2026-04-29 09:45:00,NIFTY,2026-05-05,24350.0,CE,1872780,-102700,60435635,14.82,117.0,24170.0
3050,2026-04-29 09:45:00,NIFTY,2026-05-05,24300.0,PE,3319550,-223730,114842975,15.06,243.15,24170.0
3051,2026-04-29 09:45:00,NIFTY,2026-05-05,24300.0,CE,5570760,-330980,135152680,14.89,137.15,24170.0
3052,2026-04-29 09:45:00,NIFTY,2026-05-05,24250.0,PE,1344915,-192140,70794035,15.15,215.8,24170.0
3053,2026-04-29 09:45:00,NIFTY,2026-05-12,23500.0,PE,614315,-3770,2021630,18.03,82.25,24170.0
3054,2026-04-29 09:45:00,NIFTY,2026-05-12,25100.0,PE,1560,0,1300,,741.7,24170.0
3055,2026-04-29 09:45:00,NIFTY,2026-05-12,26400.0,PE,0,0,0,96.65,3118.85,24170.0
3056,2026-04-29 09:45:00,NIFTY,2026-05-12,26400.0,CE,17550,0,15275,17.85,1.45,24170.0
3057,2026-04-29 09:45:00,NIFTY,2026-05-12,23400.0,PE,219700,130,692185,18.31,67.9,24170.0
3058,2026-04-29 09:45:00,NIFTY,2026-05-12,23400.0,CE,1755,65,1690,17.75,886.0,24170.0
3059,2026-04-29 09:45:00,NIFTY,2026-05-12,26450.0,PE,0,0,0,97.46,3168.2,24170.0
3060,2026-04-29 09:45:00,NIFTY,2026-05-12,26450.0,CE,2275,0,5135,18.12,1.4,24170.0
3061,2026-04-29 09:45:00,NIFTY,2026-05-12,25100.0,CE,332930,-6435,1364870,15.25,37.2,24170.0
3062,2026-04-29 09:45:00,NIFTY,2026-05-12,23500.0,CE,48165,-585,36075,16.91,793.5,24170.0
3063,2026-04-29 09:45:00,NIFTY,2026-05-12,25050.0,PE,65,0,0,,635.55,24170.0
3064,2026-04-29 09:45:00,NIFTY,2026-05-12,23450.0,PE,29965,195,100750,18.19,75.0,24170.0
3065,2026-04-29 09:45:00,NIFTY,2026-05-12,25050.0,CE,46930,-1950,350805,15.2,42.35,24170.0
3066,2026-04-29 09:45:00,NIFTY,2026-05-05,24550.0,CE,1337180,-36140,34824465,14.8,58.95,24170.0
3067,2026-04-29 09:45:00,NIFTY,2026-05-12,23450.0,CE,780,0,325,28.1,982.15,24170.0
3068,2026-04-29 09:45:00,NIFTY,2026-05-05,24500.0,PE,1098890,-76180,16022890,14.87,375.3,24170.0
3069,2026-04-29 09:45:00,NIFTY,2026-05-05,24500.0,CE,7208695,-249665,110243120,14.75,70.25,24170.0
3070,2026-04-29 09:45:00,NIFTY,2026-05-12,26350.0,PE,0,0,0,95.83,3069.55,24170.0
3071,2026-04-29 09:45:00,NIFTY,2026-05-12,23350.0,PE,43615,-65,141180,18.53,62.45,24170.0
3072,2026-04-29 09:45:00,NIFTY,2026-05-05,24450.0,PE,208715,-21385,4569110,14.8,338.1,24170.0
3073,2026-04-29 09:50:00,NIFTY,2026-05-12,23300.0,CE,2275,0,1625,19.79,980.9,24157.3
3074,2026-04-29 09:50:00,NIFTY,2026-05-12,25000.0,PE,147745,260,86060,15.07,830.5,24157.3
3075,2026-04-29 09:50:00,NIFTY,2026-05-12,25000.0,CE,874640,2145,3073525,15.55,50.5,24157.3
3076,2026-04-29 09:50:00,NIFTY,2026-05-12,23250.0,PE,50700,585,195975,18.66,51.5,24157.3
3077,2026-04-29 09:50:00,NIFTY,2026-05-12,23250.0,CE,585,0,260,31.6,1169.35,24157.3
3078,2026-04-29 09:50:00,NIFTY,2026-05-12,24950.0,PE,65,0,455,,677.0,24157.3
3079,2026-04-29 09:50:00,NIFTY,2026-05-05,23000.0,PE,5036330,-57005,28297035,20.24,6.2,24157.3
3080,2026-04-29 09:50:00,NIFTY,2026-05-12,24950.0,CE,40885,260,171925,15.54,57.5,24157.3
3081,2026-04-29 09:50:00,NIFTY,2026-05-05,24600.0,CE,2651090,-36790,54719080,15.3,50.55,24157.3
3082,2026-04-29 09:50:00,NIFTY,2026-05-12,23350.0,CE,65,0,0,20.28,944.6,24157.3
3083,2026-04-29 09:50:00,NIFTY,2026-05-05,24550.0,PE,101530,260,1657110,14.07,416.15,24157.3
3084,2026-04-29 09:50:00,NIFTY,2026-05-12,26350.0,CE,6760,0,6695,18.2,1.95,24157.3
3085,2026-04-29 09:50:00,NIFTY,2026-05-05,23000.0,CE,203515,390,95225,23.33,1195.5,24157.3
3086,2026-04-29 09:50:00,NIFTY,2026-05-05,22950.0,PE,455065,14430,3297255,20.6,5.55,24157.3
3087,2026-04-29 09:50:00,NIFTY,2026-05-12,26300.0,PE,65,0,0,27.06,2110.45,24157.3
3088,2026-04-29 09:50:00,NIFTY,2026-05-12,26300.0,CE,19045,390,23400,17.5,1.65,24157.3
3089,2026-04-29 09:50:00,NIFTY,2026-05-12,23300.0,PE,168090,1755,576225,18.51,56.7,24157.3
3090,2026-04-29 09:50:00,NIFTY,2026-05-05,22950.0,CE,1755,0,325,31.7,1276.5,24157.3
3091,2026-04-29 09:50:00,NIFTY,2026-05-05,22900.0,PE,2024230,-14105,11284520,20.98,5.0,24157.3
3092,2026-04-29 09:50:00,NIFTY,2026-05-12,23200.0,PE,294320,12090,708955,18.73,46.0,24157.3
3093,2026-04-29 09:50:00,NIFTY,2026-05-05,22900.0,CE,6435,0,2665,22.27,1289.0,24157.3
3094,2026-04-29 09:50:00,NIFTY,2026-05-12,24900.0,PE,10530,0,8385,13.38,726.9,24157.3
3095,2026-04-29 09:50:00,NIFTY,2026-05-05,22850.0,PE,1734655,-1885,6662955,21.49,4.7,24157.3
3096,2026-04-29 09:50:00,NIFTY,2026-05-12,24900.0,CE,597480,3640,1284855,15.51,65.0,24157.3
3097,2026-04-29 09:50:00,NIFTY,2026-05-12,24850.0,PE,390,0,780,14.21,693.35,24157.3
3098,2026-04-29 09:50:00,NIFTY,2026-05-05,26350.0,CE,48555,0,96980,23.95,0.6,24157.3
3099,2026-04-29 09:50:00,NIFTY,2026-05-05,26300.0,PE,65,0,0,40.8,2144.95,24157.3
3100,2026-04-29 09:50:00,NIFTY,2026-05-05,26300.0,CE,199160,520,666900,23.47,0.6,24157.3
3101,2026-04-29 09:50:00,NIFTY,2026-05-05,26250.0,PE,0,0,0,149.33,3126.3,24157.3
3102,2026-04-29 09:50:00,NIFTY,2026-05-05,26250.0,CE,89310,0,182975,22.8,0.55,24157.3
3103,2026-04-29 09:50:00,NIFTY,2026-05-05,26200.0,PE,325,0,0,,2003.0,24157.3
3104,2026-04-29 09:50:00,NIFTY,2026-05-05,26200.0,CE,302640,-17550,642980,22.51,0.6,24157.3
3105,2026-04-29 09:50:00,NIFTY,2026-05-12,23200.0,CE,2470,0,2405,20.94,1077.4,24157.3
3106,2026-04-29 09:50:00,NIFTY,2026-05-05,23150.0,CE,4095,0,2795,27.08,1072.9,24157.3
3107,2026-04-29 09:50:00,NIFTY,2026-05-05,23100.0,PE,1547390,-2600,13251615,19.52,7.8,24157.3
3108,2026-04-29 09:50:00,NIFTY,2026-05-12,24850.0,CE,60905,-845,172380,15.55,74.25,24157.3
3109,2026-04-29 09:50:00,NIFTY,2026-05-12,24800.0,PE,27105,65,32825,15.23,665.0,24157.3
3110,2026-04-29 09:50:00,NIFTY,2026-05-05,23100.0,CE,10335,0,7475,26.64,1115.55,24157.3
3111,2026-04-29 09:50:00,NIFTY,2026-05-12,26250.0,PE,0,0,0,93.71,2971.0,24157.3
3112,2026-04-29 09:50:00,NIFTY,2026-05-12,24800.0,CE,269230,1105,1131520,15.59,84.45,24157.3
3113,2026-04-29 09:50:00,NIFTY,2026-05-12,26250.0,CE,18590,130,15080,17.26,1.75,24157.3
3114,2026-04-29 09:50:00,NIFTY,2026-05-05,23050.0,PE,330200,-5980,4279990,19.91,7.0,24157.3
3115,2026-04-29 09:50:00,NIFTY,2026-05-12,24750.0,PE,2860,-130,5525,14.82,619.95,24157.3
3116,2026-04-29 09:50:00,NIFTY,2026-05-12,26200.0,PE,0,0,0,92.89,2921.8,24157.3
3117,2026-04-29 09:50:00,NIFTY,2026-05-12,24750.0,CE,68575,195,206570,15.6,95.25,24157.3
3118,2026-04-29 09:50:00,NIFTY,2026-05-12,26200.0,CE,56355,910,94185,16.79,1.65,24157.3
3119,2026-04-29 09:50:00,NIFTY,2026-05-05,23050.0,CE,910,0,260,31.19,1184.8,24157.3
3120,2026-04-29 09:50:00,NIFTY,2026-05-05,26450.0,PE,0,0,0,,3323.05,24157.3
3121,2026-04-29 09:50:00,NIFTY,2026-05-05,26450.0,CE,62595,0,174070,24.9,0.6,24157.3
3122,2026-04-29 09:50:00,NIFTY,2026-05-12,26150.0,CE,11440,0,27365,17.22,2.45,24157.3
3123,2026-04-29 09:50:00,NIFTY,2026-05-05,26400.0,PE,65,0,0,62.77,2356.65,24157.3
3124,2026-04-29 09:50:00,NIFTY,2026-05-12,26100.0,PE,260,0,0,31.98,1960.0,24157.3
3125,2026-04-29 09:50:00,NIFTY,2026-05-05,26400.0,CE,212030,-3575,660140,24.43,0.6,24157.3
3126,2026-04-29 09:50:00,NIFTY,2026-05-12,26100.0,CE,69355,0,106210,16.49,2.05,24157.3
3127,2026-04-29 09:50:00,NIFTY,2026-05-05,23400.0,CE,42250,-130,56745,20.22,812.2,24157.3
3128,2026-04-29 09:50:00,NIFTY,2026-05-12,24700.0,PE,32370,-130,72020,15.22,586.95,24157.3
3129,2026-04-29 09:50:00,NIFTY,2026-05-12,24700.0,CE,285025,-1365,882505,15.68,108.0,24157.3
3130,2026-04-29 09:50:00,NIFTY,2026-05-05,23350.0,PE,683020,11570,8376030,17.97,15.25,24157.3
3131,2026-04-29 09:50:00,NIFTY,2026-05-05,23350.0,CE,11635,0,15210,22.24,867.95,24157.3
3132,2026-04-29 09:50:00,NIFTY,2026-05-12,26150.0,PE,0,0,0,92.06,2872.65,24157.3
3133,2026-04-29 09:50:00,NIFTY,2026-05-05,23300.0,PE,2240030,20930,21016970,18.25,13.2,24157.3
3134,2026-04-29 09:50:00,NIFTY,2026-05-12,26050.0,PE,0,0,0,90.41,2774.55,24157.3
3135,2026-04-29 09:50:00,NIFTY,2026-05-05,23300.0,CE,57850,-325,35815,20.86,905.9,24157.3
3136,2026-04-29 09:50:00,NIFTY,2026-05-12,26050.0,CE,29120,-65,27950,16.64,2.65,24157.3
3137,2026-04-29 09:50:00,NIFTY,2026-05-05,23250.0,PE,929045,-9035,8798790,18.57,11.55,24157.3
3138,2026-04-29 09:50:00,NIFTY,2026-05-12,26000.0,PE,2080,65,195,,1772.85,24157.3
3139,2026-04-29 09:50:00,NIFTY,2026-05-05,23250.0,CE,3575,0,3575,29.57,1001.7,24157.3
3140,2026-04-29 09:50:00,NIFTY,2026-05-12,24650.0,PE,3185,0,9230,15.58,555.0,24157.3
3141,2026-04-29 09:50:00,NIFTY,2026-05-12,26000.0,CE,956605,0,1713725,16.18,2.55,24157.3
3142,2026-04-29 09:50:00,NIFTY,2026-05-05,23200.0,PE,2751580,5980,21005465,18.82,9.95,24157.3
3143,2026-04-29 09:50:00,NIFTY,2026-05-05,23200.0,CE,19825,0,14430,21.6,1001.35,24157.3
3144,2026-04-29 09:50:00,NIFTY,2026-05-05,23150.0,PE,524615,-15275,6715345,19.17,8.8,24157.3
3145,2026-04-29 09:50:00,NIFTY,2026-05-05,26350.0,PE,520,0,0,64.9,2329.15,24157.3
3146,2026-04-29 09:50:00,NIFTY,2026-05-12,24550.0,CE,41860,1430,215930,15.73,150.8,24157.3
3147,2026-04-29 09:50:00,NIFTY,2026-05-05,21800.0,CE,0,0,0,,1383.9,24157.3
3148,2026-04-29 09:50:00,NIFTY,2026-05-12,25950.0,PE,0,0,0,88.74,2676.7,24157.3
3149,2026-04-29 09:50:00,NIFTY,2026-05-12,24650.0,CE,39975,1170,160290,15.69,121.05,24157.3
3150,2026-04-29 09:50:00,NIFTY,2026-05-12,25950.0,CE,21320,780,51025,16.24,3.15,24157.3
3151,2026-04-29 09:50:00,NIFTY,2026-05-12,24600.0,PE,29185,-65,117520,15.5,517.75,24157.3
3152,2026-04-29 09:50:00,NIFTY,2026-05-12,25900.0,PE,0,0,0,87.9,2627.9,24157.3
3153,2026-04-29 09:50:00,NIFTY,2026-05-12,24600.0,CE,626015,-585,1542190,15.76,136.05,24157.3
3154,2026-04-29 09:50:00,NIFTY,2026-05-12,24550.0,PE,5590,-650,16055,15.63,485.05,24157.3
3155,2026-04-29 09:50:00,NIFTY,2026-05-12,25900.0,CE,106340,2990,389480,16.07,3.5,24157.3
3156,2026-04-29 09:50:00,NIFTY,2026-05-12,25850.0,PE,0,0,0,87.06,2579.2,24157.3
3157,2026-04-29 09:50:00,NIFTY,2026-05-12,25850.0,CE,19305,-65,49920,16.08,4.2,24157.3
3158,2026-04-29 09:50:00,NIFTY,2026-05-12,25800.0,PE,0,0,0,86.22,2530.55,24157.3
3159,2026-04-29 09:50:00,NIFTY,2026-05-12,25800.0,CE,182065,7540,586365,16.0,4.85,24157.3
3160,2026-04-29 09:50:00,NIFTY,2026-05-05,24650.0,CE,1125605,-47775,29498365,15.31,41.85,24157.3
3161,2026-04-29 09:50:00,NIFTY,2026-05-05,24600.0,PE,226070,-455,2279810,13.94,455.85,24157.3
3162,2026-04-29 09:50:00,NIFTY,2026-05-12,25750.0,PE,65,0,65,,1425.5,24157.3
3163,2026-04-29 09:50:00,NIFTY,2026-05-12,25750.0,CE,39975,-130,108940,16.06,5.9,24157.3
3164,2026-04-29 09:50:00,NIFTY,2026-05-12,25700.0,PE,65,0,0,42.63,1750.0,24157.3
3165,2026-04-29 09:50:00,NIFTY,2026-05-12,23000.0,PE,1015625,4355,2729740,19.39,31.25,24157.3
3166,2026-04-29 09:50:00,NIFTY,2026-05-12,23000.0,CE,13845,130,5525,19.12,1240.0,24157.3
3167,2026-04-29 09:50:00,NIFTY,2026-05-12,22950.0,PE,45760,-1430,172575,19.56,28.4,24157.3
3168,2026-04-29 09:50:00,NIFTY,2026-05-05,24750.0,PE,32110,65,142740,13.7,585.05,24157.3
3169,2026-04-29 09:50:00,NIFTY,2026-05-12,22950.0,CE,65,0,0,,1251.8,24157.3
3170,2026-04-29 09:50:00,NIFTY,2026-05-05,24750.0,CE,1255345,-51025,25364365,15.43,28.75,24157.3
3171,2026-04-29 09:50:00,NIFTY,2026-05-12,23100.0,PE,96460,-390,507390,19.05,37.9,24157.3
3172,2026-04-29 09:50:00,NIFTY,2026-05-05,24700.0,PE,197665,-3315,1245075,13.64,539.85,24157.3
3173,2026-04-29 09:50:00,NIFTY,2026-05-12,23100.0,CE,845,0,520,19.2,1149.75,24157.3
3174,2026-04-29 09:50:00,NIFTY,2026-05-05,24700.0,CE,2383615,-32305,44328960,15.37,34.8,24157.3
3175,2026-04-29 09:50:00,NIFTY,2026-05-12,23050.0,PE,22685,-650,140725,19.28,34.8,24157.3
3176,2026-04-29 09:50:00,NIFTY,2026-05-12,23050.0,CE,65,0,585,,1094.05,24157.3
3177,2026-04-29 09:50:00,NIFTY,2026-05-05,24650.0,PE,60775,975,337350,13.76,496.85,24157.3
3178,2026-04-29 09:50:00,NIFTY,2026-05-12,23150.0,PE,25025,-390,111995,18.88,41.65,24157.3
3179,2026-04-29 09:50:00,NIFTY,2026-05-12,23150.0,CE,130,0,130,,1028.3,24157.3
3180,2026-04-29 09:50:00,NIFTY,2026-05-05,22500.0,CE,15860,0,3120,42.89,1738.2,24157.3
3181,2026-04-29 09:50:00,NIFTY,2026-05-05,22450.0,PE,270985,-4290,1623635,24.91,2.5,24157.3
3182,2026-04-29 09:50:00,NIFTY,2026-05-05,22450.0,CE,130,0,65,,1678.75,24157.3
3183,2026-04-29 09:50:00,NIFTY,2026-05-05,22400.0,PE,745810,-4940,5655650,25.36,2.35,24157.3
3184,2026-04-29 09:50:00,NIFTY,2026-05-12,22750.0,CE,0,0,0,,774.75,24157.3
3185,2026-04-29 09:50:00,NIFTY,2026-05-12,22700.0,PE,129675,195,462020,20.4,17.45,24157.3
3186,2026-04-29 09:50:00,NIFTY,2026-05-12,22700.0,CE,65,0,65,,1422.25,24157.3
3187,2026-04-29 09:50:00,NIFTY,2026-05-05,23650.0,CE,47710,130,105170,18.05,581.9,24157.3
3188,2026-04-29 09:50:00,NIFTY,2026-05-05,23600.0,PE,2205905,-18980,27726790,16.79,32.95,24157.3
3189,2026-04-29 09:50:00,NIFTY,2026-05-05,24900.0,PE,170885,-1235,169390,12.58,721.6,24157.3
3190,2026-04-29 09:50:00,NIFTY,2026-05-05,24900.0,CE,2389335,780,32134700,15.7,16.15,24157.3
3191,2026-04-29 09:50:00,NIFTY,2026-05-12,22850.0,CE,0,0,0,,711.05,24157.3
3192,2026-04-29 09:50:00,NIFTY,2026-05-05,23600.0,CE,94315,0,261300,18.25,625.3,24157.3
3193,2026-04-29 09:50:00,NIFTY,2026-05-05,23550.0,PE,722475,-4290,10036650,17.0,28.15,24157.3
3194,2026-04-29 09:50:00,NIFTY,2026-05-12,22800.0,PE,310505,845,825045,19.97,20.75,24157.3
3195,2026-04-29 09:50:00,NIFTY,2026-05-12,22800.0,CE,4355,0,455,,1336.35,24157.3
3196,2026-04-29 09:50:00,NIFTY,2026-05-05,23550.0,CE,28860,0,46735,18.62,670.65,24157.3
3197,2026-04-29 09:50:00,NIFTY,2026-05-05,24850.0,PE,19240,585,60320,12.54,673.5,24157.3
3198,2026-04-29 09:50:00,NIFTY,2026-05-12,22750.0,PE,19825,0,70915,20.25,19.3,24157.3
3199,2026-04-29 09:50:00,NIFTY,2026-05-05,24850.0,CE,1067430,-87360,20209930,15.61,19.65,24157.3
3200,2026-04-29 09:50:00,NIFTY,2026-05-05,23500.0,PE,3431025,-160875,40455025,17.22,24.05,24157.3
3201,2026-04-29 09:50:00,NIFTY,2026-05-05,26500.0,PE,11115,65,2860,3.73,2297.15,24157.3
3202,2026-04-29 09:50:00,NIFTY,2026-05-05,26550.0,PE,0,0,0,,3421.65,24157.3
3203,2026-04-29 09:50:00,NIFTY,2026-05-05,26500.0,CE,465920,78520,1565135,25.16,0.55,24157.3
3204,2026-04-29 09:50:00,NIFTY,2026-05-05,23500.0,CE,499720,975,694590,18.91,716.0,24157.3
3205,2026-04-29 09:50:00,NIFTY,2026-05-05,23450.0,PE,763100,63375,10551125,17.45,20.55,24157.3
3206,2026-04-29 09:50:00,NIFTY,2026-05-05,26550.0,CE,185900,27690,715195,25.63,0.55,24157.3
3207,2026-04-29 09:50:00,NIFTY,2026-05-12,22900.0,PE,128050,-1950,502125,19.7,25.6,24157.3
3208,2026-04-29 09:50:00,NIFTY,2026-05-05,23450.0,CE,17810,-65,27625,18.55,758.4,24157.3
3209,2026-04-29 09:50:00,NIFTY,2026-05-12,22900.0,CE,0,0,0,,680.35,24157.3
3210,2026-04-29 09:50:00,NIFTY,2026-05-05,23400.0,PE,1656135,34385,19073275,17.7,17.65,24157.3
3211,2026-04-29 09:50:00,NIFTY,2026-05-12,22850.0,PE,36855,-130,130520,19.88,23.3,24157.3
3212,2026-04-29 09:50:00,NIFTY,2026-05-05,24800.0,PE,216320,-1755,680745,13.19,628.65,24157.3
3213,2026-04-29 09:50:00,NIFTY,2026-05-05,24800.0,CE,3245255,-165035,45374550,15.5,23.7,24157.3
3214,2026-04-29 09:50:00,NIFTY,2026-05-12,24450.0,PE,17940,0,70850,15.51,417.0,24157.3
3215,2026-04-29 09:50:00,NIFTY,2026-05-12,24450.0,CE,58955,4160,250380,16.0,189.35,24157.3
3216,2026-04-29 09:50:00,NIFTY,2026-05-12,22600.0,PE,150280,-650,435630,20.86,14.8,24157.3
3217,2026-04-29 09:50:00,NIFTY,2026-05-05,25150.0,CE,961350,-16445,11110450,16.61,6.75,24157.3
3218,2026-04-29 09:50:00,NIFTY,2026-05-12,22600.0,CE,0,0,0,,876.1,24157.3
3219,2026-04-29 09:50:00,NIFTY,2026-05-05,25100.0,PE,11635,130,18785,,907.35,24157.3
3220,2026-04-29 09:50:00,NIFTY,2026-05-12,24500.0,PE,222690,-195,578500,15.65,451.7,24157.3
3221,2026-04-29 09:50:00,NIFTY,2026-05-12,24500.0,CE,734630,13000,2322710,15.93,170.45,24157.3
3222,2026-04-29 09:50:00,NIFTY,2026-05-05,25100.0,CE,2971475,-54405,25245350,16.39,7.95,24157.3
3223,2026-04-29 09:50:00,NIFTY,2026-05-05,25050.0,PE,2730,0,10920,13.28,868.9,24157.3
3224,2026-04-29 09:50:00,NIFTY,2026-05-12,22650.0,PE,18070,65,60255,20.64,16.1,24157.3
3225,2026-04-29 09:50:00,NIFTY,2026-05-05,25050.0,CE,985595,-11570,11907675,16.2,9.45,24157.3
3226,2026-04-29 09:50:00,NIFTY,2026-05-12,22650.0,CE,0,0,0,,841.6,24157.3
3227,2026-04-29 09:50:00,NIFTY,2026-05-05,25000.0,PE,574340,-585,777465,,815.95,24157.3
3228,2026-04-29 09:50:00,NIFTY,2026-05-05,23700.0,CE,168285,-260,896805,17.82,539.2,24157.3
3229,2026-04-29 09:50:00,NIFTY,2026-05-05,25000.0,CE,6975995,-125775,69164290,16.06,11.4,24157.3
3230,2026-04-29 09:50:00,NIFTY,2026-05-05,24950.0,PE,4680,0,16185,,760.9,24157.3
3231,2026-04-29 09:50:00,NIFTY,2026-05-05,23650.0,PE,690495,11245,13057785,16.6,38.65,24157.3
3232,2026-04-29 09:50:00,NIFTY,2026-05-05,24950.0,CE,926315,-71240,23421515,15.89,13.6,24157.3
3233,2026-04-29 09:50:00,NIFTY,2026-05-12,22450.0,CE,0,0,0,,985.1,24157.3
3234,2026-04-29 09:50:00,NIFTY,2026-05-12,24350.0,PE,55185,0,243230,15.99,364.85,24157.3
3235,2026-04-29 09:50:00,NIFTY,2026-05-12,22550.0,CE,0,0,0,,911.35,24157.3
3236,2026-04-29 09:50:00,NIFTY,2026-05-05,23800.0,CE,440895,-4160,2168855,17.17,454.9,24157.3
3237,2026-04-29 09:50:00,NIFTY,2026-05-12,22500.0,PE,686335,2600,1130090,21.4,12.85,24157.3
3238,2026-04-29 09:50:00,NIFTY,2026-05-05,25300.0,PE,5005,0,4225,,1100.55,24157.3
3239,2026-04-29 09:50:00,NIFTY,2026-05-12,24350.0,CE,96525,-910,423215,16.12,230.75,24157.3
3240,2026-04-29 09:50:00,NIFTY,2026-05-05,23750.0,PE,800865,-74555,16595605,16.23,52.95,24157.3
3241,2026-04-29 09:50:00,NIFTY,2026-05-05,25850.0,PE,195,0,0,30.04,1681.4,24157.3
3242,2026-04-29 09:50:00,NIFTY,2026-05-12,22500.0,CE,715,0,1365,37.77,1840.0,24157.3
3243,2026-04-29 09:50:00,NIFTY,2026-05-12,22450.0,PE,18655,325,50700,21.69,12.05,24157.3
3244,2026-04-29 09:50:00,NIFTY,2026-05-05,25300.0,CE,3459365,-258180,28642770,17.15,4.0,24157.3
3245,2026-04-29 09:50:00,NIFTY,2026-05-12,24400.0,PE,187915,650,551525,15.96,394.0,24157.3
3246,2026-04-29 09:50:00,NIFTY,2026-05-12,24400.0,CE,292565,-780,1219205,16.05,209.2,24157.3
3247,2026-04-29 09:50:00,NIFTY,2026-05-05,25250.0,PE,2730,0,2665,,1024.2,24157.3
3248,2026-04-29 09:50:00,NIFTY,2026-05-05,23750.0,CE,64935,-585,254865,17.33,495.15,24157.3
3249,2026-04-29 09:50:00,NIFTY,2026-05-05,25250.0,CE,729755,-42380,9893845,16.97,4.75,24157.3
3250,2026-04-29 09:50:00,NIFTY,2026-05-05,22800.0,CE,9035,130,1040,22.38,1386.6,24157.3
3251,2026-04-29 09:50:00,NIFTY,2026-05-12,22550.0,PE,21060,-195,64090,21.12,13.75,24157.3
3252,2026-04-29 09:50:00,NIFTY,2026-05-05,23700.0,PE,2205645,-52195,35079980,16.4,45.2,24157.3
3253,2026-04-29 09:50:00,NIFTY,2026-05-05,25200.0,PE,73970,130,38870,,1008.55,24157.3
3254,2026-04-29 09:50:00,NIFTY,2026-05-05,22750.0,PE,353210,-9880,2376010,22.16,3.75,24157.3
3255,2026-04-29 09:50:00,NIFTY,2026-05-05,25200.0,CE,3187795,-40625,24844430,16.73,5.55,24157.3
3256,2026-04-29 09:50:00,NIFTY,2026-05-05,25150.0,PE,390,0,455,,943.9,24157.3
3257,2026-04-29 09:50:00,NIFTY,2026-05-12,25650.0,PE,0,0,0,83.69,2385.25,24157.3
3258,2026-04-29 09:50:00,NIFTY,2026-05-05,21900.0,PE,316875,65,1299025,31.08,1.9,24157.3
3259,2026-04-29 09:50:00,NIFTY,2026-05-12,25650.0,CE,40820,780,100945,15.83,7.6,24157.3
3260,2026-04-29 09:50:00,NIFTY,2026-05-05,22550.0,PE,165620,-5525,1304745,23.94,2.8,24157.3
3261,2026-04-29 09:50:00,NIFTY,2026-05-12,24250.0,CE,115245,325,476255,16.18,276.55,24157.3
3262,2026-04-29 09:50:00,NIFTY,2026-05-05,21900.0,CE,0,0,0,,1300.85,24157.3
3263,2026-04-29 09:50:00,NIFTY,2026-05-12,22350.0,CE,0,0,0,,1059.6,24157.3
3264,2026-04-29 09:50:00,NIFTY,2026-05-05,21850.0,PE,41080,-260,180050,31.72,1.9,24157.3
3265,2026-04-29 09:50:00,NIFTY,2026-05-12,22300.0,PE,228930,715,457990,22.49,9.8,24157.3
3266,2026-04-29 09:50:00,NIFTY,2026-05-05,25550.0,PE,650,0,260,,1181.75,24157.3
3267,2026-04-29 09:50:00,NIFTY,2026-05-05,21850.0,CE,0,0,0,,1342.1,24157.3
3268,2026-04-29 09:50:00,NIFTY,2026-05-12,22300.0,CE,0,0,0,,1098.3,24157.3
3269,2026-04-29 09:50:00,NIFTY,2026-05-05,25550.0,CE,780520,40755,4695795,17.94,1.6,24157.3
3270,2026-04-29 09:50:00,NIFTY,2026-05-05,26000.0,PE,177775,65,32045,,1801.0,24157.3
3271,2026-04-29 09:50:00,NIFTY,2026-05-05,22550.0,CE,130,0,260,58.45,1796.5,24157.3
3272,2026-04-29 09:50:00,NIFTY,2026-05-05,22500.0,PE,4292925,121160,15751970,24.37,2.6,24157.3
3273,2026-04-29 09:50:00,NIFTY,2026-05-12,24300.0,CE,432380,1495,1602835,16.22,254.3,24157.3
3274,2026-04-29 09:50:00,NIFTY,2026-05-05,25500.0,PE,316940,0,60710,4.68,1300.0,24157.3
3275,2026-04-29 09:50:00,NIFTY,2026-05-12,22400.0,PE,92170,-585,221715,21.89,11.05,24157.3
3276,2026-04-29 09:50:00,NIFTY,2026-05-05,26000.0,CE,5114915,-16185,14516580,20.89,0.7,24157.3
3277,2026-04-29 09:50:00,NIFTY,2026-05-12,22400.0,CE,0,0,0,,1021.6,24157.3
3278,2026-04-29 09:50:00,NIFTY,2026-05-12,25700.0,CE,146380,1365,366535,15.92,6.65,24157.3
3279,2026-04-29 09:50:00,NIFTY,2026-05-12,24250.0,PE,121030,-585,467480,16.09,311.6,24157.3
3280,2026-04-29 09:50:00,NIFTY,2026-05-05,23950.0,CE,140920,-6565,3205215,16.42,339.35,24157.3
3281,2026-04-29 09:50:00,NIFTY,2026-05-05,25500.0,CE,4966000,-31395,27450150,18.04,2.15,24157.3
3282,2026-04-29 09:50:00,NIFTY,2026-05-05,25950.0,PE,0,0,0,141.98,2832.5,24157.3
3283,2026-04-29 09:50:00,NIFTY,2026-05-05,23900.0,PE,2491970,-95615,46972640,15.7,83.55,24157.3
3284,2026-04-29 09:50:00,NIFTY,2026-05-05,25450.0,PE,975,0,130,,1233.75,24157.3
3285,2026-04-29 09:50:00,NIFTY,2026-05-12,22350.0,PE,9750,260,24245,22.2,10.45,24157.3
3286,2026-04-29 09:50:00,NIFTY,2026-05-05,25950.0,CE,300950,-2080,1040845,20.54,0.75,24157.3
3287,2026-04-29 09:50:00,NIFTY,2026-05-05,23900.0,CE,504205,-9035,5319860,16.66,376.35,24157.3
3288,2026-04-29 09:50:00,NIFTY,2026-05-05,25450.0,CE,828035,-52780,7940205,17.82,2.5,24157.3
3289,2026-04-29 09:50:00,NIFTY,2026-05-05,25900.0,PE,455,0,0,30.24,1730.0,24157.3
3290,2026-04-29 09:50:00,NIFTY,2026-05-05,25400.0,PE,3315,0,1625,,1179.55,24157.3
3291,2026-04-29 09:50:00,NIFTY,2026-05-05,23850.0,PE,1994915,-64220,23636275,15.86,71.8,24157.3
3292,2026-04-29 09:50:00,NIFTY,2026-05-05,23850.0,CE,71630,-4095,795145,16.92,415.05,24157.3
3293,2026-04-29 09:50:00,NIFTY,2026-05-05,25400.0,CE,2190110,46670,21027630,17.54,2.85,24157.3
3294,2026-04-29 09:50:00,NIFTY,2026-05-05,23800.0,PE,3437850,115570,47942765,16.04,61.7,24157.3
3295,2026-04-29 09:50:00,NIFTY,2026-05-05,25350.0,PE,1105,0,4290,4.55,1146.9,24157.3
3296,2026-04-29 09:50:00,NIFTY,2026-05-12,24300.0,PE,409435,-715,1410045,16.07,338.0,24157.3
3297,2026-04-29 09:50:00,NIFTY,2026-05-05,25350.0,CE,770185,-16900,8799115,17.44,3.5,24157.3
3298,2026-04-29 09:50:00,NIFTY,2026-05-05,25900.0,CE,1323140,10595,2544945,20.03,0.75,24157.3
3299,2026-04-29 09:50:00,NIFTY,2026-05-05,21800.0,PE,572780,-260,1592045,32.15,1.8,24157.3
3300,2026-04-29 09:50:00,NIFTY,2026-05-05,22100.0,PE,377780,3120,1875250,28.79,2.05,24157.3
3301,2026-04-29 09:50:00,NIFTY,2026-05-12,25500.0,CE,561600,-1300,2185040,15.74,12.1,24157.3
3302,2026-04-29 09:50:00,NIFTY,2026-05-05,22100.0,CE,715,0,65,,2041.0,24157.3
3303,2026-04-29 09:50:00,NIFTY,2026-05-05,22050.0,PE,34645,260,74360,29.26,1.95,24157.3
3304,2026-04-29 09:50:00,NIFTY,2026-05-05,22050.0,CE,0,0,0,,1180.2,24157.3
3305,2026-04-29 09:50:00,NIFTY,2026-05-12,22100.0,PE,79300,325,160355,23.66,7.75,24157.3
3306,2026-04-29 09:50:00,NIFTY,2026-05-05,22000.0,PE,4240860,-64545,9702030,29.8,1.9,24157.3
3307,2026-04-29 09:50:00,NIFTY,2026-05-12,24200.0,PE,636220,1040,2048280,16.26,289.0,24157.3
3308,2026-04-29 09:50:00,NIFTY,2026-05-12,25500.0,PE,26390,0,25285,12.65,1286.9,24157.3
3309,2026-04-29 09:50:00,NIFTY,2026-05-05,22000.0,CE,27495,195,5915,31.7,2183.95,24157.3
3310,2026-04-29 09:50:00,NIFTY,2026-05-12,24200.0,CE,943930,2795,1932320,16.38,304.45,24157.3
3311,2026-04-29 09:50:00,NIFTY,2026-05-12,22100.0,CE,0,0,0,,1259.0,24157.3
3312,2026-04-29 09:50:00,NIFTY,2026-05-12,22050.0,PE,16250,0,34580,23.97,7.35,24157.3
3313,2026-04-29 09:50:00,NIFTY,2026-05-12,24150.0,PE,86645,780,433745,16.34,266.2,24157.3
3314,2026-04-29 09:50:00,NIFTY,2026-05-05,25700.0,CE,1537510,-22880,7567365,18.86,1.15,24157.3
3315,2026-04-29 09:50:00,NIFTY,2026-05-12,24150.0,CE,54795,-1040,279500,16.38,330.2,24157.3
3316,2026-04-29 09:50:00,NIFTY,2026-05-05,21950.0,PE,19955,130,96525,30.25,1.8,24157.3
3317,2026-04-29 09:50:00,NIFTY,2026-05-05,26050.0,PE,0,0,0,144.44,2930.2,24157.3
3318,2026-04-29 09:50:00,NIFTY,2026-05-12,22200.0,PE,48620,-845,111540,23.12,8.8,24157.3
3319,2026-04-29 09:50:00,NIFTY,2026-05-12,25600.0,CE,188760,-65,582985,15.8,8.9,24157.3
3320,2026-04-29 09:50:00,NIFTY,2026-05-05,22600.0,PE,1150045,89245,5820750,23.5,3.0,24157.3
3321,2026-04-29 09:50:00,NIFTY,2026-05-05,24000.0,CE,2286700,-27950,37170510,16.41,306.55,24157.3
3322,2026-04-29 09:50:00,NIFTY,2026-05-05,22600.0,CE,650,0,195,39.69,1632.1,24157.3
3323,2026-04-29 09:50:00,NIFTY,2026-05-05,23950.0,PE,1015495,-61555,22806225,15.55,96.9,24157.3
3324,2026-04-29 09:50:00,NIFTY,2026-05-12,22200.0,CE,0,0,0,,1177.45,24157.3
3325,2026-04-29 09:50:00,NIFTY,2026-05-12,25550.0,PE,0,0,0,82.0,2289.0,24157.3
3326,2026-04-29 09:50:00,NIFTY,2026-05-12,22150.0,PE,16640,0,16445,23.39,8.25,24157.3
3327,2026-04-29 09:50:00,NIFTY,2026-05-12,25550.0,CE,46020,195,122135,15.7,10.15,24157.3
3328,2026-04-29 09:50:00,NIFTY,2026-05-05,25650.0,PE,1625,65,975,,1449.6,24157.3
3329,2026-04-29 09:50:00,NIFTY,2026-05-12,22150.0,CE,0,0,0,,1217.95,24157.3
3330,2026-04-29 09:50:00,NIFTY,2026-05-12,22250.0,PE,7930,65,8970,22.83,9.35,24157.3
3331,2026-04-29 09:50:00,NIFTY,2026-05-05,22850.0,CE,260,0,65,,1233.95,24157.3
3332,2026-04-29 09:50:00,NIFTY,2026-05-05,25650.0,CE,449215,-4095,2105480,18.5,1.25,24157.3
3333,2026-04-29 09:50:00,NIFTY,2026-05-05,22800.0,PE,2317250,-54470,14037530,21.79,4.15,24157.3
3334,2026-04-29 09:50:00,NIFTY,2026-05-12,25600.0,PE,0,0,65,3.59,1200.0,24157.3
3335,2026-04-29 09:50:00,NIFTY,2026-05-05,25600.0,PE,4745,0,3315,1.07,1400.15,24157.3
3336,2026-04-29 09:50:00,NIFTY,2026-05-12,22250.0,CE,0,0,0,,1137.6,24157.3
3337,2026-04-29 09:50:00,NIFTY,2026-05-05,25600.0,CE,2470715,43810,9770085,18.28,1.45,24157.3
3338,2026-04-29 09:50:00,NIFTY,2026-05-05,26050.0,CE,555620,-12220,774930,21.23,0.65,24157.3
3339,2026-04-29 09:50:00,NIFTY,2026-05-05,21950.0,CE,0,0,0,,1260.05,24157.3
3340,2026-04-29 09:50:00,NIFTY,2026-05-05,22250.0,CE,1300,0,520,47.71,1987.5,24157.3
3341,2026-04-29 09:50:00,NIFTY,2026-05-05,22200.0,PE,686075,-42965,3037125,27.58,2.1,24157.3
3342,2026-04-29 09:50:00,NIFTY,2026-05-05,22700.0,CE,5135,65,1365,30.22,1501.0,24157.3
3343,2026-04-29 09:50:00,NIFTY,2026-05-05,22200.0,CE,1040,0,130,48.37,2036.0,24157.3
3344,2026-04-29 09:50:00,NIFTY,2026-05-05,22650.0,PE,251355,-7150,1816035,23.08,3.25,24157.3
3345,2026-04-29 09:50:00,NIFTY,2026-05-05,22150.0,PE,115180,-31135,787540,28.06,2.0,24157.3
3346,2026-04-29 09:50:00,NIFTY,2026-05-12,21900.0,CE,0,0,0,,1428.35,24157.3
3347,2026-04-29 09:50:00,NIFTY,2026-05-12,21850.0,PE,8775,0,8970,25.06,5.75,24157.3
3348,2026-04-29 09:50:00,NIFTY,2026-05-12,25450.0,PE,0,0,0,80.3,2193.3,24157.3
3349,2026-04-29 09:50:00,NIFTY,2026-05-05,22650.0,CE,260,0,65,39.55,1586.4,24157.3
3350,2026-04-29 09:50:00,NIFTY,2026-05-12,25450.0,CE,39325,65,130780,15.61,13.65,24157.3
3351,2026-04-29 09:50:00,NIFTY,2026-05-05,25750.0,PE,0,0,0,137.0,2638.0,24157.3
3352,2026-04-29 09:50:00,NIFTY,2026-05-12,24050.0,CE,36270,650,208520,16.6,389.4,24157.3
3353,2026-04-29 09:50:00,NIFTY,2026-05-12,24000.0,PE,1021995,-845,3081715,16.59,205.85,24157.3
3354,2026-04-29 09:50:00,NIFTY,2026-05-05,24100.0,CE,2121860,-66495,81624335,16.03,242.05,24157.3
3355,2026-04-29 09:50:00,NIFTY,2026-05-05,26150.0,PE,0,0,0,146.89,3028.15,24157.3
3356,2026-04-29 09:50:00,NIFTY,2026-05-05,24050.0,PE,1412840,-128960,40867580,15.3,129.5,24157.3
3357,2026-04-29 09:50:00,NIFTY,2026-05-12,24000.0,CE,290875,-325,1035775,16.78,421.95,24157.3
3358,2026-04-29 09:50:00,NIFTY,2026-05-12,21950.0,CE,0,0,0,,1385.3,24157.3
3359,2026-04-29 09:50:00,NIFTY,2026-05-05,26150.0,CE,120770,-9425,487370,22.03,0.6,24157.3
3360,2026-04-29 09:50:00,NIFTY,2026-05-12,21900.0,PE,28015,-65,43160,24.81,6.15,24157.3
3361,2026-04-29 09:50:00,NIFTY,2026-05-05,24050.0,CE,481845,-23335,17026490,16.18,272.9,24157.3
3362,2026-04-29 09:50:00,NIFTY,2026-05-12,22050.0,CE,0,0,0,,1300.6,24157.3
3363,2026-04-29 09:50:00,NIFTY,2026-05-05,24000.0,PE,6223490,-326950,108245150,15.42,112.25,24157.3
3364,2026-04-29 09:50:00,NIFTY,2026-05-12,24100.0,PE,263965,-2210,1507350,16.39,244.3,24157.3
3365,2026-04-29 09:50:00,NIFTY,2026-05-12,22000.0,PE,446290,-325,1065675,24.32,7.05,24157.3
3366,2026-04-29 09:50:00,NIFTY,2026-05-12,22000.0,CE,1430,0,1365,26.37,2220.0,24157.3
3367,2026-04-29 09:50:00,NIFTY,2026-05-12,24100.0,CE,289640,1430,1081730,16.58,360.7,24157.3
3368,2026-04-29 09:50:00,NIFTY,2026-05-12,21950.0,PE,12870,-975,19890,24.63,6.7,24157.3
3369,2026-04-29 09:50:00,NIFTY,2026-05-12,24050.0,PE,60905,390,407615,16.47,224.2,24157.3
3370,2026-04-29 09:50:00,NIFTY,2026-05-05,25750.0,CE,435110,-25545,2248090,19.09,1.0,24157.3
3371,2026-04-29 09:50:00,NIFTY,2026-05-05,26100.0,PE,715,0,0,58.95,2070.0,24157.3
3372,2026-04-29 09:50:00,NIFTY,2026-05-05,26100.0,CE,1674270,0,3152890,21.36,0.55,24157.3
3373,2026-04-29 09:50:00,NIFTY,2026-05-05,25700.0,PE,1755,0,1690,,1485.95,24157.3
3374,2026-04-29 09:50:00,NIFTY,2026-05-12,21850.0,CE,0,0,0,,1471.9,24157.3
3375,2026-04-29 09:50:00,NIFTY,2026-05-05,22150.0,CE,65,0,0,,1975.2,24157.3
3376,2026-04-29 09:50:00,NIFTY,2026-05-12,25300.0,CE,271635,4160,750100,15.52,21.25,24157.3
3377,2026-04-29 09:50:00,NIFTY,2026-05-12,23750.0,PE,48945,-1950,212225,17.24,132.55,24157.3
3378,2026-04-29 09:50:00,NIFTY,2026-05-12,23750.0,CE,520,0,1820,18.62,616.0,24157.3
3379,2026-04-29 09:50:00,NIFTY,2026-05-12,25250.0,PE,0,0,0,76.92,2003.95,24157.3
3380,2026-04-29 09:50:00,NIFTY,2026-05-05,22400.0,CE,1300,0,195,59.89,1930.6,24157.3
3381,2026-04-29 09:50:00,NIFTY,2026-05-12,25250.0,CE,109395,3965,278525,15.53,24.75,24157.3
3382,2026-04-29 09:50:00,NIFTY,2026-05-05,22350.0,PE,148980,-2470,1148225,25.94,2.3,24157.3
3383,2026-04-29 09:50:00,NIFTY,2026-05-12,26550.0,PE,0,0,0,98.57,3267.0,24157.3
3384,2026-04-29 09:50:00,NIFTY,2026-05-05,22350.0,CE,65,0,130,57.42,1955.35,24157.3
3385,2026-04-29 09:50:00,NIFTY,2026-05-12,25400.0,CE,220285,-780,811655,15.55,15.7,24157.3
3386,2026-04-29 09:50:00,NIFTY,2026-05-05,24250.0,CE,1965275,-51415,73537750,15.66,162.15,24157.3
3387,2026-04-29 09:50:00,NIFTY,2026-05-12,23850.0,PE,76505,-845,263445,16.96,158.4,24157.3
3388,2026-04-29 09:50:00,NIFTY,2026-05-05,22300.0,PE,838045,-3575,3819270,26.37,2.15,24157.3
3389,2026-04-29 09:50:00,NIFTY,2026-05-05,22750.0,CE,1495,0,845,37.76,1487.55,24157.3
3390,2026-04-29 09:50:00,NIFTY,2026-05-05,22700.0,PE,1312545,18785,8207745,22.59,3.45,24157.3
3391,2026-04-29 09:50:00,NIFTY,2026-05-12,23850.0,CE,4875,0,9295,17.95,537.05,24157.3
3392,2026-04-29 09:50:00,NIFTY,2026-05-05,22300.0,CE,195,0,0,,1840.0,24157.3
3393,2026-04-29 09:50:00,NIFTY,2026-05-05,25850.0,CE,316030,325,1462825,19.79,0.85,24157.3
3394,2026-04-29 09:50:00,NIFTY,2026-05-12,25350.0,PE,0,0,0,78.61,2098.25,24157.3
3395,2026-04-29 09:50:00,NIFTY,2026-05-05,24200.0,PE,5085600,-433290,124088315,14.88,192.5,24157.3
3396,2026-04-29 09:50:00,NIFTY,2026-05-12,25350.0,CE,46540,715,150410,15.55,18.35,24157.3
3397,2026-04-29 09:50:00,NIFTY,2026-05-12,23800.0,PE,257790,910,1039545,17.09,144.9,24157.3
3398,2026-04-29 09:50:00,NIFTY,2026-05-05,24200.0,CE,4546295,-172315,118319370,15.74,186.2,24157.3
3399,2026-04-29 09:50:00,NIFTY,2026-05-05,25800.0,PE,1235,0,0,50.63,1750.8,24157.3
3400,2026-04-29 09:50:00,NIFTY,2026-05-05,24150.0,PE,1698385,-126620,56830800,15.04,169.65,24157.3
3401,2026-04-29 09:50:00,NIFTY,2026-05-12,23800.0,CE,83525,2405,89960,17.14,558.0,24157.3
3402,2026-04-29 09:50:00,NIFTY,2026-05-12,25300.0,PE,390,0,585,,1053.7,24157.3
3403,2026-04-29 09:50:00,NIFTY,2026-05-05,24150.0,CE,1016600,-17615,48346350,15.91,213.5,24157.3
3404,2026-04-29 09:50:00,NIFTY,2026-05-12,23950.0,PE,46150,1105,181415,16.77,189.9,24157.3
3405,2026-04-29 09:50:00,NIFTY,2026-05-12,21800.0,PE,19760,0,8905,25.61,5.85,24157.3
3406,2026-04-29 09:50:00,NIFTY,2026-05-12,23950.0,CE,13000,260,48620,16.76,452.5,24157.3
3407,2026-04-29 09:50:00,NIFTY,2026-05-05,24100.0,PE,3807505,-559520,111232550,15.13,148.1,24157.3
3408,2026-04-29 09:50:00,NIFTY,2026-05-12,25400.0,PE,3705,0,975,12.41,1188.35,24157.3
3409,2026-04-29 09:50:00,NIFTY,2026-05-12,23900.0,PE,146575,-845,648440,16.83,173.1,24157.3
3410,2026-04-29 09:50:00,NIFTY,2026-05-12,23900.0,CE,85215,6370,158210,16.8,485.15,24157.3
3411,2026-04-29 09:50:00,NIFTY,2026-05-12,21800.0,CE,0,0,0,,1515.85,24157.3
3412,2026-04-29 09:50:00,NIFTY,2026-05-05,25800.0,CE,3113175,-130,13414375,19.28,0.85,24157.3
3413,2026-04-29 09:50:00,NIFTY,2026-05-12,23700.0,PE,561730,3185,1172275,17.38,121.15,24157.3
3414,2026-04-29 09:50:00,NIFTY,2026-05-05,22250.0,PE,111930,-6435,652210,26.86,2.05,24157.3
3415,2026-04-29 09:50:00,NIFTY,2026-05-12,23550.0,CE,715,0,2340,26.65,880.0,24157.3
3416,2026-04-29 09:50:00,NIFTY,2026-05-12,23600.0,CE,6630,0,10465,17.84,715.0,24157.3
3417,2026-04-29 09:50:00,NIFTY,2026-05-12,25200.0,CE,289510,-325,986375,15.51,28.6,24157.3
3418,2026-04-29 09:50:00,NIFTY,2026-05-05,24450.0,CE,1204905,-86580,35591725,15.33,86.1,24157.3
3419,2026-04-29 09:50:00,NIFTY,2026-05-12,26500.0,CE,124865,390,116675,18.42,1.3,24157.3
3420,2026-04-29 09:50:00,NIFTY,2026-05-12,25150.0,PE,65,0,0,,695.05,24157.3
3421,2026-04-29 09:50:00,NIFTY,2026-05-05,24400.0,PE,1376310,-41600,27473875,14.4,307.55,24157.3
3422,2026-04-29 09:50:00,NIFTY,2026-05-12,23550.0,PE,29120,910,147030,17.78,91.45,24157.3
3423,2026-04-29 09:50:00,NIFTY,2026-05-12,25150.0,CE,92755,-3250,430950,15.47,32.75,24157.3
3424,2026-04-29 09:50:00,NIFTY,2026-05-12,23700.0,CE,12870,130,54275,17.49,634.8,24157.3
3425,2026-04-29 09:50:00,NIFTY,2026-05-12,25200.0,PE,2470,0,2275,11.14,990.15,24157.3
3426,2026-04-29 09:50:00,NIFTY,2026-05-12,23650.0,PE,36140,520,123565,17.54,110.8,24157.3
3427,2026-04-29 09:50:00,NIFTY,2026-05-12,26550.0,CE,60125,3055,94055,18.6,1.2,24157.3
3428,2026-04-29 09:50:00,NIFTY,2026-05-05,24400.0,CE,4100785,-243035,81208855,15.4,102.0,24157.3
3429,2026-04-29 09:50:00,NIFTY,2026-05-12,23650.0,CE,1170,0,2600,19.21,696.55,24157.3
3430,2026-04-29 09:50:00,NIFTY,2026-05-05,24350.0,PE,562705,-98995,29975985,14.45,274.75,24157.3
3431,2026-04-29 09:50:00,NIFTY,2026-05-12,26500.0,PE,0,0,0,97.77,3217.6,24157.3
3432,2026-04-29 09:50:00,NIFTY,2026-05-12,23600.0,PE,214240,-1820,722800,17.66,100.7,24157.3
3433,2026-04-29 09:50:00,NIFTY,2026-05-05,24350.0,CE,1796210,-76570,61157265,15.5,120.2,24157.3
3434,2026-04-29 09:50:00,NIFTY,2026-05-05,24300.0,PE,3049280,-270270,116022660,14.62,245.4,24157.3
3435,2026-04-29 09:50:00,NIFTY,2026-05-05,24300.0,CE,5336370,-234390,136771050,15.51,139.4,24157.3
3436,2026-04-29 09:50:00,NIFTY,2026-05-05,24250.0,PE,1204905,-140010,71674655,14.72,217.45,24157.3
3437,2026-04-29 09:50:00,NIFTY,2026-05-12,23500.0,PE,614900,585,2059915,17.94,83.5,24157.3
3438,2026-04-29 09:50:00,NIFTY,2026-05-12,25100.0,PE,1625,65,1365,14.95,918.0,24157.3
3439,2026-04-29 09:50:00,NIFTY,2026-05-12,26400.0,PE,0,0,0,96.16,3118.85,24157.3
3440,2026-04-29 09:50:00,NIFTY,2026-05-12,26400.0,CE,16965,-585,16770,17.87,1.4,24157.3
3441,2026-04-29 09:50:00,NIFTY,2026-05-12,23400.0,PE,218075,-1625,703300,18.21,68.75,24157.3
3442,2026-04-29 09:50:00,NIFTY,2026-05-12,23400.0,CE,1755,0,1690,18.74,886.0,24157.3
3443,2026-04-29 09:50:00,NIFTY,2026-05-12,26450.0,PE,0,0,0,96.97,3168.2,24157.3
3444,2026-04-29 09:50:00,NIFTY,2026-05-12,26450.0,CE,2795,520,6435,18.07,1.3,24157.3
3445,2026-04-29 09:50:00,NIFTY,2026-05-12,25100.0,CE,330785,-2145,1408485,15.55,38.4,24157.3
3446,2026-04-29 09:50:00,NIFTY,2026-05-12,23500.0,CE,48880,715,36595,17.85,794.0,24157.3
3447,2026-04-29 09:50:00,NIFTY,2026-05-12,25050.0,PE,65,0,0,1.91,635.55,24157.3
3448,2026-04-29 09:50:00,NIFTY,2026-05-12,23450.0,PE,28665,-1300,102440,18.02,75.2,24157.3
3449,2026-04-29 09:50:00,NIFTY,2026-05-12,25050.0,CE,47320,390,354510,15.51,43.75,24157.3
3450,2026-04-29 09:50:00,NIFTY,2026-05-05,24550.0,CE,1269775,-67405,35353630,15.31,60.8,24157.3
3451,2026-04-29 09:50:00,NIFTY,2026-05-12,23450.0,CE,780,0,325,28.73,982.15,24157.3
3452,2026-04-29 09:50:00,NIFTY,2026-05-05,24500.0,PE,1066845,-32045,16210610,14.15,377.7,24157.3
3453,2026-04-29 09:50:00,NIFTY,2026-05-05,24500.0,CE,7066865,-141830,111758595,15.28,72.25,24157.3
3454,2026-04-29 09:50:00,NIFTY,2026-05-12,26350.0,PE,0,0,0,95.35,3069.55,24157.3
3455,2026-04-29 09:50:00,NIFTY,2026-05-12,23350.0,PE,33865,-9750,154765,18.34,62.25,24157.3
3456,2026-04-29 09:50:00,NIFTY,2026-05-05,24450.0,PE,193115,-15600,4652570,14.31,341.95,24157.3
3457,2026-04-29 09:55:00,NIFTY,2026-05-12,23300.0,CE,2340,65,2145,17.88,962.25,24157.65
3458,2026-04-29 09:55:00,NIFTY,2026-05-12,25000.0,PE,148070,325,88140,15.72,836.8,24157.65
3459,2026-04-29 09:55:00,NIFTY,2026-05-12,25000.0,CE,901940,27300,3147300,15.38,48.8,24157.65
3460,2026-04-29 09:55:00,NIFTY,2026-05-12,23250.0,PE,48685,-2015,200980,18.6,50.9,24157.65
3461,2026-04-29 09:55:00,NIFTY,2026-05-12,23250.0,CE,585,0,260,31.58,1169.35,24157.65
3462,2026-04-29 09:55:00,NIFTY,2026-05-12,24950.0,PE,65,0,455,,677.0,24157.65
3463,2026-04-29 09:55:00,NIFTY,2026-05-05,23000.0,PE,5002465,-33865,28829125,20.48,6.65,24157.65
3464,2026-04-29 09:55:00,NIFTY,2026-05-12,24950.0,CE,41210,325,177905,15.31,55.0,24157.65
3465,2026-04-29 09:55:00,NIFTY,2026-05-05,24600.0,CE,2600845,-50245,55339570,15.11,49.0,24157.65
3466,2026-04-29 09:55:00,NIFTY,2026-05-12,23350.0,CE,65,0,0,20.25,944.6,24157.65
3467,2026-04-29 09:55:00,NIFTY,2026-05-05,24550.0,PE,93015,-8515,1676350,14.8,422.35,24157.65
3468,2026-04-29 09:55:00,NIFTY,2026-05-12,26350.0,CE,6760,0,7540,17.59,1.45,24157.65
3469,2026-04-29 09:55:00,NIFTY,2026-05-05,23000.0,CE,204880,1365,98670,19.26,1186.75,24157.65
3470,2026-04-29 09:55:00,NIFTY,2026-05-05,22950.0,PE,439595,-15470,3363490,20.84,5.95,24157.65
3471,2026-04-29 09:55:00,NIFTY,2026-05-12,26300.0,PE,65,0,0,27.12,2110.45,24157.65
3472,2026-04-29 09:55:00,NIFTY,2026-05-12,26300.0,CE,20670,1625,26910,17.37,1.55,24157.65
3473,2026-04-29 09:55:00,NIFTY,2026-05-12,23300.0,PE,165815,-2275,586885,18.51,56.7,24157.65
3474,2026-04-29 09:55:00,NIFTY,2026-05-05,22950.0,CE,1755,0,325,31.64,1276.5,24157.65
3475,2026-04-29 09:55:00,NIFTY,2026-05-05,22900.0,PE,1984255,-39975,11562655,21.24,5.4,24157.65
3476,2026-04-29 09:55:00,NIFTY,2026-05-12,23200.0,PE,305045,10725,730665,18.72,45.85,24157.65
3477,2026-04-29 09:55:00,NIFTY,2026-05-05,22900.0,CE,6435,0,2730,23.51,1292.0,24157.65
3478,2026-04-29 09:55:00,NIFTY,2026-05-12,24900.0,PE,10530,0,8450,15.27,747.05,24157.65
3479,2026-04-29 09:55:00,NIFTY,2026-05-05,22850.0,PE,1744990,10335,6897670,21.73,5.05,24157.65
3480,2026-04-29 09:55:00,NIFTY,2026-05-12,24900.0,CE,598715,1235,1311700,15.38,63.5,24157.65
3481,2026-04-29 09:55:00,NIFTY,2026-05-12,24850.0,PE,390,0,780,14.24,693.35,24157.65
3482,2026-04-29 09:55:00,NIFTY,2026-05-05,26350.0,CE,44265,-4290,105625,23.95,0.6,24157.65
3483,2026-04-29 09:55:00,NIFTY,2026-05-05,26300.0,PE,65,0,0,40.9,2144.95,24157.65
3484,2026-04-29 09:55:00,NIFTY,2026-05-05,26300.0,CE,204555,5395,702390,23.27,0.55,24157.65
3485,2026-04-29 09:55:00,NIFTY,2026-05-05,26250.0,PE,0,0,0,149.34,3126.3,24157.65
3486,2026-04-29 09:55:00,NIFTY,2026-05-05,26250.0,CE,89310,0,185705,22.99,0.6,24157.65
3487,2026-04-29 09:55:00,NIFTY,2026-05-05,26200.0,PE,325,0,0,,2003.0,24157.65
3488,2026-04-29 09:55:00,NIFTY,2026-05-05,26200.0,CE,312325,9685,701805,22.51,0.6,24157.65
3489,2026-04-29 09:55:00,NIFTY,2026-05-12,23200.0,CE,2470,0,2405,20.91,1077.4,24157.65
3490,2026-04-29 09:55:00,NIFTY,2026-05-05,23150.0,CE,4095,0,2795,27.03,1072.9,24157.65
3491,2026-04-29 09:55:00,NIFTY,2026-05-05,23100.0,PE,1512940,-34450,13609765,19.66,8.1,24157.65
3492,2026-04-29 09:55:00,NIFTY,2026-05-12,24850.0,CE,70655,9750,187850,15.32,71.4,24157.65
3493,2026-04-29 09:55:00,NIFTY,2026-05-12,24800.0,PE,25805,-1300,34775,15.7,670.95,24157.65
3494,2026-04-29 09:55:00,NIFTY,2026-05-05,23100.0,CE,10335,0,7800,20.15,1091.6,24157.65
3495,2026-04-29 09:55:00,NIFTY,2026-05-12,26250.0,PE,0,0,0,93.72,2971.0,24157.65
3496,2026-04-29 09:55:00,NIFTY,2026-05-12,24800.0,CE,271505,2275,1153165,15.37,81.6,24157.65
3497,2026-04-29 09:55:00,NIFTY,2026-05-12,26250.0,CE,19110,520,17160,16.76,1.35,24157.65
3498,2026-04-29 09:55:00,NIFTY,2026-05-05,23050.0,PE,322140,-8060,4382755,20.1,7.4,24157.65
3499,2026-04-29 09:55:00,NIFTY,2026-05-12,24750.0,PE,2795,-65,5785,15.21,625.0,24157.65
3500,2026-04-29 09:55:00,NIFTY,2026-05-12,26200.0,PE,0,0,0,92.9,2921.8,24157.65
3501,2026-04-29 09:55:00,NIFTY,2026-05-12,24750.0,CE,70135,1560,210665,15.36,91.95,24157.65
3502,2026-04-29 09:55:00,NIFTY,2026-05-12,26200.0,CE,53430,-2925,97890,16.84,1.7,24157.65
3503,2026-04-29 09:55:00,NIFTY,2026-05-05,23050.0,CE,910,0,260,31.13,1184.8,24157.65
3504,2026-04-29 09:55:00,NIFTY,2026-05-05,26450.0,PE,0,0,0,,3323.05,24157.65
3505,2026-04-29 09:55:00,NIFTY,2026-05-05,26450.0,CE,60255,-2340,180505,24.69,0.55,24157.65
3506,2026-04-29 09:55:00,NIFTY,2026-05-12,26150.0,CE,11700,260,27625,16.7,1.9,24157.65
3507,2026-04-29 09:55:00,NIFTY,2026-05-05,26400.0,PE,65,0,0,62.81,2356.65,24157.65
3508,2026-04-29 09:55:00,NIFTY,2026-05-12,26100.0,PE,260,0,0,32.02,1960.0,24157.65
3509,2026-04-29 09:55:00,NIFTY,2026-05-05,26400.0,CE,207415,-4615,676585,24.42,0.6,24157.65
3510,2026-04-29 09:55:00,NIFTY,2026-05-12,26100.0,CE,71565,2210,108030,16.43,2.0,24157.65
3511,2026-04-29 09:55:00,NIFTY,2026-05-05,23400.0,CE,42250,0,57070,17.63,800.0,24157.65
3512,2026-04-29 09:55:00,NIFTY,2026-05-12,24700.0,PE,32240,-130,72670,15.7,593.6,24157.65
3513,2026-04-29 09:55:00,NIFTY,2026-05-12,24700.0,CE,322920,37895,949845,15.38,103.75,24157.65
3514,2026-04-29 09:55:00,NIFTY,2026-05-05,23350.0,PE,668395,-14625,8588190,18.1,15.75,24157.65
3515,2026-04-29 09:55:00,NIFTY,2026-05-05,23350.0,CE,11635,0,15210,22.18,867.95,24157.65
3516,2026-04-29 09:55:00,NIFTY,2026-05-12,26150.0,PE,0,0,0,92.08,2872.65,24157.65
3517,2026-04-29 09:55:00,NIFTY,2026-05-05,23300.0,PE,2251145,11115,21589620,18.37,13.6,24157.65
3518,2026-04-29 09:55:00,NIFTY,2026-05-12,26050.0,PE,0,0,0,90.42,2774.55,24157.65
3519,2026-04-29 09:55:00,NIFTY,2026-05-05,23300.0,CE,57655,-195,36075,18.4,896.25,24157.65
3520,2026-04-29 09:55:00,NIFTY,2026-05-12,26050.0,CE,29380,260,28145,16.43,2.4,24157.65
3521,2026-04-29 09:55:00,NIFTY,2026-05-05,23250.0,PE,921310,-7735,9069060,18.72,12.0,24157.65
3522,2026-04-29 09:55:00,NIFTY,2026-05-12,26000.0,PE,2015,-65,260,,1778.55,24157.65
3523,2026-04-29 09:55:00,NIFTY,2026-05-05,23250.0,CE,3705,130,3705,18.88,945.0,24157.65
3524,2026-04-29 09:55:00,NIFTY,2026-05-12,24650.0,PE,3120,-65,9360,15.73,557.0,24157.65
3525,2026-04-29 09:55:00,NIFTY,2026-05-12,26000.0,CE,956280,-325,1733095,16.18,2.55,24157.65
3526,2026-04-29 09:55:00,NIFTY,2026-05-05,23200.0,PE,2849665,98085,21732945,18.97,10.35,24157.65
3527,2026-04-29 09:55:00,NIFTY,2026-05-05,23200.0,CE,19825,0,14430,21.52,1001.35,24157.65
3528,2026-04-29 09:55:00,NIFTY,2026-05-05,23150.0,PE,493870,-30745,6911515,19.33,9.2,24157.65
3529,2026-04-29 09:55:00,NIFTY,2026-05-05,26350.0,PE,520,0,0,64.94,2329.15,24157.65
3530,2026-04-29 09:55:00,NIFTY,2026-05-12,24550.0,CE,42185,325,230425,15.48,146.7,24157.65
3531,2026-04-29 09:55:00,NIFTY,2026-05-05,21800.0,CE,0,0,0,,1383.9,24157.65
3532,2026-04-29 09:55:00,NIFTY,2026-05-12,25950.0,PE,0,0,0,88.75,2676.7,24157.65
3533,2026-04-29 09:55:00,NIFTY,2026-05-12,24650.0,CE,40040,65,161980,15.39,116.6,24157.65
3534,2026-04-29 09:55:00,NIFTY,2026-05-12,25950.0,CE,27950,6630,52845,16.2,3.1,24157.65
3535,2026-04-29 09:55:00,NIFTY,2026-05-12,24600.0,PE,29185,0,118430,15.7,520.75,24157.65
3536,2026-04-29 09:55:00,NIFTY,2026-05-12,25900.0,PE,0,0,0,87.91,2627.9,24157.65
3537,2026-04-29 09:55:00,NIFTY,2026-05-12,24600.0,CE,626275,260,1563770,15.49,131.9,24157.65
3538,2026-04-29 09:55:00,NIFTY,2026-05-12,24550.0,PE,5525,-65,16250,15.84,488.2,24157.65
3539,2026-04-29 09:55:00,NIFTY,2026-05-12,25900.0,CE,106925,585,399750,15.94,3.3,24157.65
3540,2026-04-29 09:55:00,NIFTY,2026-05-12,25850.0,PE,0,0,0,87.08,2579.2,24157.65
3541,2026-04-29 09:55:00,NIFTY,2026-05-12,25850.0,CE,19500,195,50440,16.16,4.35,24157.65
3542,2026-04-29 09:55:00,NIFTY,2026-05-12,25800.0,PE,0,0,0,86.24,2530.55,24157.65
3543,2026-04-29 09:55:00,NIFTY,2026-05-12,25800.0,CE,178750,-3315,593710,15.95,4.75,24157.65
3544,2026-04-29 09:55:00,NIFTY,2026-05-05,24650.0,CE,1094665,-30940,29760965,15.17,40.85,24157.65
3545,2026-04-29 09:55:00,NIFTY,2026-05-05,24600.0,PE,221715,-4355,2295475,14.69,461.6,24157.65
3546,2026-04-29 09:55:00,NIFTY,2026-05-12,25750.0,PE,0,-65,130,,1511.55,24157.65
3547,2026-04-29 09:55:00,NIFTY,2026-05-12,25750.0,CE,41145,1170,109460,15.92,5.6,24157.65
3548,2026-04-29 09:55:00,NIFTY,2026-05-12,25700.0,PE,65,0,0,42.65,1750.0,24157.65
3549,2026-04-29 09:55:00,NIFTY,2026-05-12,23000.0,PE,1001065,-14560,2773485,19.42,31.4,24157.65
3550,2026-04-29 09:55:00,NIFTY,2026-05-12,23000.0,CE,15015,1170,7215,16.58,1226.3,24157.65
3551,2026-04-29 09:55:00,NIFTY,2026-05-12,22950.0,PE,43485,-2275,176540,19.53,28.2,24157.65
3552,2026-04-29 09:55:00,NIFTY,2026-05-05,24750.0,PE,32045,-65,143650,14.85,591.15,24157.65
3553,2026-04-29 09:55:00,NIFTY,2026-05-12,22950.0,CE,65,0,0,,1251.8,24157.65
3554,2026-04-29 09:55:00,NIFTY,2026-05-05,24750.0,CE,1181700,-73645,25774840,15.37,28.4,24157.65
3555,2026-04-29 09:55:00,NIFTY,2026-05-12,23100.0,PE,95485,-975,512070,19.07,37.95,24157.65
3556,2026-04-29 09:55:00,NIFTY,2026-05-05,24700.0,PE,188825,-8840,1263340,14.9,547.6,24157.65
3557,2026-04-29 09:55:00,NIFTY,2026-05-12,23100.0,CE,845,0,520,19.16,1149.75,24157.65
3558,2026-04-29 09:55:00,NIFTY,2026-05-05,24700.0,CE,2289105,-94510,44878145,15.25,34.0,24157.65
3559,2026-04-29 09:55:00,NIFTY,2026-05-12,23050.0,PE,21905,-780,142675,19.22,34.4,24157.65
3560,2026-04-29 09:55:00,NIFTY,2026-05-12,23050.0,CE,65,0,585,,1094.05,24157.65
3561,2026-04-29 09:55:00,NIFTY,2026-05-05,24650.0,PE,60060,-715,344175,14.88,504.7,24157.65
3562,2026-04-29 09:55:00,NIFTY,2026-05-12,23150.0,PE,25025,0,113165,18.86,41.5,24157.65
3563,2026-04-29 09:55:00,NIFTY,2026-05-12,23150.0,CE,130,0,130,,1028.3,24157.65
3564,2026-04-29 09:55:00,NIFTY,2026-05-05,22500.0,CE,15860,0,3120,42.83,1738.2,24157.65
3565,2026-04-29 09:55:00,NIFTY,2026-05-05,22450.0,PE,272610,1625,1687205,25.1,2.65,24157.65
3566,2026-04-29 09:55:00,NIFTY,2026-05-05,22450.0,CE,130,0,65,,1678.75,24157.65
3567,2026-04-29 09:55:00,NIFTY,2026-05-05,22400.0,PE,741845,-3965,5741580,25.5,2.45,24157.65
3568,2026-04-29 09:55:00,NIFTY,2026-05-12,22750.0,CE,0,0,0,,774.75,24157.65
3569,2026-04-29 09:55:00,NIFTY,2026-05-12,22700.0,PE,130455,780,471510,20.39,17.4,24157.65
3570,2026-04-29 09:55:00,NIFTY,2026-05-12,22700.0,CE,130,65,130,13.68,1511.35,24157.65
3571,2026-04-29 09:55:00,NIFTY,2026-05-05,23650.0,CE,47710,0,105755,16.95,574.0,24157.65
3572,2026-04-29 09:55:00,NIFTY,2026-05-05,23600.0,PE,2192970,-12935,28480595,16.87,33.45,24157.65
3573,2026-04-29 09:55:00,NIFTY,2026-05-05,24900.0,PE,170885,0,174200,15.05,729.2,24157.65
3574,2026-04-29 09:55:00,NIFTY,2026-05-05,24900.0,CE,2340845,-48490,32713915,15.64,15.9,24157.65
3575,2026-04-29 09:55:00,NIFTY,2026-05-12,22850.0,CE,0,0,0,,711.05,24157.65
3576,2026-04-29 09:55:00,NIFTY,2026-05-05,23600.0,CE,92820,-1495,268840,16.98,617.0,24157.65
3577,2026-04-29 09:55:00,NIFTY,2026-05-05,23550.0,PE,670735,-51740,10336105,17.09,28.65,24157.65
3578,2026-04-29 09:55:00,NIFTY,2026-05-12,22800.0,PE,319020,8515,854750,20.03,21.0,24157.65
3579,2026-04-29 09:55:00,NIFTY,2026-05-12,22800.0,CE,4355,0,455,15.56,1415.5,24157.65
3580,2026-04-29 09:55:00,NIFTY,2026-05-05,23550.0,CE,28795,-65,47190,17.02,661.0,24157.65
3581,2026-04-29 09:55:00,NIFTY,2026-05-05,24850.0,PE,19630,390,61295,15.58,685.35,24157.65
3582,2026-04-29 09:55:00,NIFTY,2026-05-12,22750.0,PE,20865,1040,72475,20.2,19.05,24157.65
3583,2026-04-29 09:55:00,NIFTY,2026-05-05,24850.0,CE,1008150,-59280,20507760,15.56,19.45,24157.65
3584,2026-04-29 09:55:00,NIFTY,2026-05-05,23500.0,PE,3415165,-15860,41354300,17.34,24.65,24157.65
3585,2026-04-29 09:55:00,NIFTY,2026-05-05,26500.0,PE,11115,0,2860,4.21,2297.15,24157.65
3586,2026-04-29 09:55:00,NIFTY,2026-05-05,26550.0,PE,0,0,0,,3421.65,24157.65
3587,2026-04-29 09:55:00,NIFTY,2026-05-05,26500.0,CE,471445,5525,1576120,24.94,0.5,24157.65
3588,2026-04-29 09:55:00,NIFTY,2026-05-05,23500.0,CE,499070,-650,720330,17.64,709.0,24157.65
3589,2026-04-29 09:55:00,NIFTY,2026-05-05,23450.0,PE,731445,-31655,10812490,17.58,21.15,24157.65
3590,2026-04-29 09:55:00,NIFTY,2026-05-05,26550.0,CE,195455,9555,724750,25.63,0.55,24157.65
3591,2026-04-29 09:55:00,NIFTY,2026-05-12,22900.0,PE,134030,5980,518050,19.67,25.4,24157.65
3592,2026-04-29 09:55:00,NIFTY,2026-05-05,23450.0,CE,17745,-65,28470,18.99,761.1,24157.65
3593,2026-04-29 09:55:00,NIFTY,2026-05-12,22900.0,CE,0,0,0,,680.35,24157.65
3594,2026-04-29 09:55:00,NIFTY,2026-05-05,23400.0,PE,1712035,55900,19556680,17.85,18.3,24157.65
3595,2026-04-29 09:55:00,NIFTY,2026-05-12,22850.0,PE,37115,260,132535,19.83,23.0,24157.65
3596,2026-04-29 09:55:00,NIFTY,2026-05-05,24800.0,PE,213720,-2600,689455,14.79,635.8,24157.65
3597,2026-04-29 09:55:00,NIFTY,2026-05-05,24800.0,CE,3245905,650,46026045,15.41,23.25,24157.65
3598,2026-04-29 09:55:00,NIFTY,2026-05-12,24450.0,PE,17550,-390,71890,15.98,424.9,24157.65
3599,2026-04-29 09:55:00,NIFTY,2026-05-12,24450.0,CE,59995,1040,259870,15.65,183.5,24157.65
3600,2026-04-29 09:55:00,NIFTY,2026-05-12,22600.0,PE,149890,-390,443885,20.85,14.75,24157.65
3601,2026-04-29 09:55:00,NIFTY,2026-05-05,25150.0,CE,933660,-27690,11253190,16.6,6.75,24157.65
3602,2026-04-29 09:55:00,NIFTY,2026-05-12,22600.0,CE,0,0,0,,876.1,24157.65
3603,2026-04-29 09:55:00,NIFTY,2026-05-05,25100.0,PE,11570,-65,19435,15.54,921.45,24157.65
3604,2026-04-29 09:55:00,NIFTY,2026-05-12,24500.0,PE,223210,520,595270,15.91,455.95,24157.65
3605,2026-04-29 09:55:00,NIFTY,2026-05-12,24500.0,CE,744965,10335,2395120,15.62,165.4,24157.65
3606,2026-04-29 09:55:00,NIFTY,2026-05-05,25100.0,CE,2984020,12545,25660245,16.37,7.9,24157.65
3607,2026-04-29 09:55:00,NIFTY,2026-05-05,25050.0,PE,2795,65,11310,,861.65,24157.65
3608,2026-04-29 09:55:00,NIFTY,2026-05-12,22650.0,PE,17680,-390,60840,20.7,16.35,24157.65
3609,2026-04-29 09:55:00,NIFTY,2026-05-05,25050.0,CE,950690,-34905,12109630,16.2,9.45,24157.65
3610,2026-04-29 09:55:00,NIFTY,2026-05-12,22650.0,CE,0,0,0,,841.6,24157.65
3611,2026-04-29 09:55:00,NIFTY,2026-05-05,25000.0,PE,573560,-780,801970,15.12,824.1,24157.65
3612,2026-04-29 09:55:00,NIFTY,2026-05-05,23700.0,CE,166725,-1560,911690,16.64,530.0,24157.65
3613,2026-04-29 09:55:00,NIFTY,2026-05-05,25000.0,CE,6780410,-195585,70039255,16.04,11.35,24157.65
3614,2026-04-29 09:55:00,NIFTY,2026-05-05,24950.0,PE,4810,130,16445,13.15,770.9,24157.65
3615,2026-04-29 09:55:00,NIFTY,2026-05-05,23650.0,PE,662155,-28340,13259480,16.67,39.15,24157.65
3616,2026-04-29 09:55:00,NIFTY,2026-05-05,24950.0,CE,891670,-34645,23687885,15.87,13.55,24157.65
3617,2026-04-29 09:55:00,NIFTY,2026-05-12,22450.0,CE,0,0,0,,985.1,24157.65
3618,2026-04-29 09:55:00,NIFTY,2026-05-12,24350.0,PE,48490,-6695,250185,16.02,365.15,24157.65
3619,2026-04-29 09:55:00,NIFTY,2026-05-12,22550.0,CE,0,0,0,,911.35,24157.65
3620,2026-04-29 09:55:00,NIFTY,2026-05-05,23800.0,CE,438945,-1950,2237430,16.37,447.7,24157.65
3621,2026-04-29 09:55:00,NIFTY,2026-05-12,22500.0,PE,687635,1300,1150630,21.39,12.8,24157.65
3622,2026-04-29 09:55:00,NIFTY,2026-05-05,25300.0,PE,5070,65,4420,12.81,1115.7,24157.65
3623,2026-04-29 09:55:00,NIFTY,2026-05-12,24350.0,CE,92690,-3835,436735,15.71,223.7,24157.65
3624,2026-04-29 09:55:00,NIFTY,2026-05-05,23750.0,PE,774345,-26520,16830125,16.31,53.55,24157.65
3625,2026-04-29 09:55:00,NIFTY,2026-05-05,25850.0,PE,195,0,0,30.15,1681.4,24157.65
3626,2026-04-29 09:55:00,NIFTY,2026-05-12,22500.0,CE,715,0,1365,37.74,1840.0,24157.65
3627,2026-04-29 09:55:00,NIFTY,2026-05-12,22450.0,PE,18525,-130,51090,21.64,11.9,24157.65
3628,2026-04-29 09:55:00,NIFTY,2026-05-05,25300.0,CE,3456375,-2990,29023540,17.21,4.1,24157.65
3629,2026-04-29 09:55:00,NIFTY,2026-05-12,24400.0,PE,188175,260,564590,16.16,397.25,24157.65
3630,2026-04-29 09:55:00,NIFTY,2026-05-12,24400.0,CE,310570,18005,1264640,15.72,203.6,24157.65
3631,2026-04-29 09:55:00,NIFTY,2026-05-05,25250.0,PE,2730,0,2665,,1024.2,24157.65
3632,2026-04-29 09:55:00,NIFTY,2026-05-05,23750.0,CE,64480,-455,257530,16.71,490.0,24157.65
3633,2026-04-29 09:55:00,NIFTY,2026-05-05,25250.0,CE,783055,53300,10184005,17.02,4.85,24157.65
3634,2026-04-29 09:55:00,NIFTY,2026-05-05,22800.0,CE,9035,0,1040,22.13,1386.6,24157.65
3635,2026-04-29 09:55:00,NIFTY,2026-05-12,22550.0,PE,20995,-65,64285,21.12,13.75,24157.65
3636,2026-04-29 09:55:00,NIFTY,2026-05-05,23700.0,PE,2020005,-185640,35803170,16.5,45.9,24157.65
3637,2026-04-29 09:55:00,NIFTY,2026-05-05,25200.0,PE,73710,-260,40300,14.6,1017.7,24157.65
3638,2026-04-29 09:55:00,NIFTY,2026-05-05,22750.0,PE,355940,2730,2437955,22.49,4.15,24157.65
3639,2026-04-29 09:55:00,NIFTY,2026-05-05,25200.0,CE,3011775,-176020,25311780,16.75,5.6,24157.65
3640,2026-04-29 09:55:00,NIFTY,2026-05-05,25150.0,PE,390,0,455,,943.9,24157.65
3641,2026-04-29 09:55:00,NIFTY,2026-05-12,25650.0,PE,0,0,0,83.7,2385.25,24157.65
3642,2026-04-29 09:55:00,NIFTY,2026-05-05,21900.0,PE,332280,15405,1403480,31.08,1.9,24157.65
3643,2026-04-29 09:55:00,NIFTY,2026-05-12,25650.0,CE,42770,1950,103090,15.74,7.35,24157.65
3644,2026-04-29 09:55:00,NIFTY,2026-05-05,22550.0,PE,168545,2925,1327885,24.11,2.95,24157.65
3645,2026-04-29 09:55:00,NIFTY,2026-05-12,24250.0,CE,113490,-1755,494780,15.95,272.55,24157.65
3646,2026-04-29 09:55:00,NIFTY,2026-05-05,21900.0,CE,0,0,0,,1300.85,24157.65
3647,2026-04-29 09:55:00,NIFTY,2026-05-12,22350.0,CE,0,0,0,,1059.6,24157.65
3648,2026-04-29 09:55:00,NIFTY,2026-05-05,21850.0,PE,40625,-455,182455,31.42,1.75,24157.65
3649,2026-04-29 09:55:00,NIFTY,2026-05-12,22300.0,PE,231140,2210,476775,22.53,9.9,24157.65
3650,2026-04-29 09:55:00,NIFTY,2026-05-05,25550.0,PE,650,0,260,,1181.75,24157.65
3651,2026-04-29 09:55:00,NIFTY,2026-05-05,21850.0,CE,0,0,0,,1342.1,24157.65
3652,2026-04-29 09:55:00,NIFTY,2026-05-12,22300.0,CE,0,0,0,,1098.3,24157.65
3653,2026-04-29 09:55:00,NIFTY,2026-05-05,25550.0,CE,839085,58565,4784650,18.0,1.65,24157.65
3654,2026-04-29 09:55:00,NIFTY,2026-05-05,26000.0,PE,177840,65,33735,,1800.4,24157.65
3655,2026-04-29 09:55:00,NIFTY,2026-05-05,22550.0,CE,130,0,260,58.41,1796.5,24157.65
3656,2026-04-29 09:55:00,NIFTY,2026-05-05,22500.0,PE,4391725,98800,16296865,24.5,2.7,24157.65
3657,2026-04-29 09:55:00,NIFTY,2026-05-12,24300.0,CE,434395,2015,1640275,15.85,247.8,24157.65
3658,2026-04-29 09:55:00,NIFTY,2026-05-05,25500.0,PE,316745,-195,62335,,1304.2,24157.65
3659,2026-04-29 09:55:00,NIFTY,2026-05-12,22400.0,PE,84305,-7865,232960,21.91,11.1,24157.65
3660,2026-04-29 09:55:00,NIFTY,2026-05-05,26000.0,CE,5237960,123045,14804855,20.89,0.7,24157.65
3661,2026-04-29 09:55:00,NIFTY,2026-05-12,22400.0,CE,0,0,0,,1021.6,24157.65
3662,2026-04-29 09:55:00,NIFTY,2026-05-12,25700.0,CE,146770,390,380315,15.83,6.4,24157.65
3663,2026-04-29 09:55:00,NIFTY,2026-05-12,24250.0,PE,113230,-7800,482625,16.21,313.55,24157.65
3664,2026-04-29 09:55:00,NIFTY,2026-05-05,23950.0,CE,129805,-11115,3232710,15.99,334.9,24157.65
3665,2026-04-29 09:55:00,NIFTY,2026-05-05,25500.0,CE,5051085,85085,28132520,18.04,2.15,24157.65
3666,2026-04-29 09:55:00,NIFTY,2026-05-05,25950.0,PE,0,0,0,141.99,2832.5,24157.65
3667,2026-04-29 09:55:00,NIFTY,2026-05-05,23900.0,PE,2435290,-56680,47632845,15.83,84.75,24157.65
3668,2026-04-29 09:55:00,NIFTY,2026-05-05,25450.0,PE,975,0,130,,1233.75,24157.65
3669,2026-04-29 09:55:00,NIFTY,2026-05-12,22350.0,PE,10075,325,24960,22.26,10.6,24157.65
3670,2026-04-29 09:55:00,NIFTY,2026-05-05,25950.0,CE,295035,-5915,1081210,20.39,0.7,24157.65
3671,2026-04-29 09:55:00,NIFTY,2026-05-05,23900.0,CE,495625,-8580,5375630,16.11,370.85,24157.65
3672,2026-04-29 09:55:00,NIFTY,2026-05-05,25450.0,CE,785395,-42640,8170240,17.86,2.55,24157.65
3673,2026-04-29 09:55:00,NIFTY,2026-05-05,25900.0,PE,455,0,0,30.37,1730.0,24157.65
3674,2026-04-29 09:55:00,NIFTY,2026-05-05,25400.0,PE,3315,0,1690,4.02,1210.25,24157.65
3675,2026-04-29 09:55:00,NIFTY,2026-05-05,23850.0,PE,1932320,-62595,24021140,15.9,72.15,24157.65
3676,2026-04-29 09:55:00,NIFTY,2026-05-05,23850.0,CE,69030,-2600,804310,16.19,408.1,24157.65
3677,2026-04-29 09:55:00,NIFTY,2026-05-05,25400.0,CE,2230020,39910,21277035,17.62,2.95,24157.65
3678,2026-04-29 09:55:00,NIFTY,2026-05-05,23800.0,PE,3482310,44460,49074935,16.09,62.15,24157.65
3679,2026-04-29 09:55:00,NIFTY,2026-05-05,25350.0,PE,1170,65,4420,1.99,1164.7,24157.65
3680,2026-04-29 09:55:00,NIFTY,2026-05-12,24300.0,PE,408070,-1365,1442870,16.18,339.8,24157.65
3681,2026-04-29 09:55:00,NIFTY,2026-05-05,25350.0,CE,712140,-58045,9008155,17.43,3.5,24157.65
3682,2026-04-29 09:55:00,NIFTY,2026-05-05,25900.0,CE,1361360,38220,2606695,20.03,0.75,24157.65
3683,2026-04-29 09:55:00,NIFTY,2026-05-05,21800.0,PE,586560,13780,1662310,32.26,1.85,24157.65
3684,2026-04-29 09:55:00,NIFTY,2026-05-05,22100.0,PE,364000,-13780,1910155,28.95,2.15,24157.65
3685,2026-04-29 09:55:00,NIFTY,2026-05-12,25500.0,CE,564265,2665,2206295,15.61,11.6,24157.65
3686,2026-04-29 09:55:00,NIFTY,2026-05-05,22100.0,CE,715,0,65,,2041.0,24157.65
3687,2026-04-29 09:55:00,NIFTY,2026-05-05,22050.0,PE,35230,585,75985,29.35,2.0,24157.65
3688,2026-04-29 09:55:00,NIFTY,2026-05-05,22050.0,CE,0,0,0,,1180.2,24157.65
3689,2026-04-29 09:55:00,NIFTY,2026-05-12,22100.0,PE,81380,2080,170170,23.69,7.8,24157.65
3690,2026-04-29 09:55:00,NIFTY,2026-05-05,22000.0,PE,4277845,36985,9993100,29.99,2.0,24157.65
3691,2026-04-29 09:55:00,NIFTY,2026-05-12,24200.0,PE,659100,22880,2152800,16.34,290.4,24157.65
3692,2026-04-29 09:55:00,NIFTY,2026-05-12,25500.0,PE,26390,0,25285,12.84,1286.9,24157.65
3693,2026-04-29 09:55:00,NIFTY,2026-05-05,22000.0,CE,27495,0,5915,31.24,2183.95,24157.65
3694,2026-04-29 09:55:00,NIFTY,2026-05-12,24200.0,CE,962325,18395,2025790,16.04,298.45,24157.65
3695,2026-04-29 09:55:00,NIFTY,2026-05-12,22100.0,CE,0,0,0,,1259.0,24157.65
3696,2026-04-29 09:55:00,NIFTY,2026-05-12,22050.0,PE,16380,130,35815,24.0,7.4,24157.65
3697,2026-04-29 09:55:00,NIFTY,2026-05-12,24150.0,PE,85865,-780,445770,16.41,267.45,24157.65
3698,2026-04-29 09:55:00,NIFTY,2026-05-05,25700.0,CE,1549145,11635,7741890,18.95,1.2,24157.65
3699,2026-04-29 09:55:00,NIFTY,2026-05-12,24150.0,CE,53950,-845,288665,16.07,324.75,24157.65
3700,2026-04-29 09:55:00,NIFTY,2026-05-05,21950.0,PE,19825,-130,97045,30.26,1.8,24157.65
3701,2026-04-29 09:55:00,NIFTY,2026-05-05,26050.0,PE,0,0,0,144.46,2930.2,24157.65
3702,2026-04-29 09:55:00,NIFTY,2026-05-12,22200.0,PE,82030,33410,169325,23.01,8.55,24157.65
3703,2026-04-29 09:55:00,NIFTY,2026-05-12,25600.0,CE,188825,65,588250,15.7,8.6,24157.65
3704,2026-04-29 09:55:00,NIFTY,2026-05-05,22600.0,PE,1145300,-4745,6158295,23.65,3.15,24157.65
3705,2026-04-29 09:55:00,NIFTY,2026-05-05,24000.0,CE,2281500,-5200,37399050,15.87,300.55,24157.65
3706,2026-04-29 09:55:00,NIFTY,2026-05-05,22600.0,CE,650,0,195,39.62,1632.1,24157.65
3707,2026-04-29 09:55:00,NIFTY,2026-05-05,23950.0,PE,920270,-95225,23201880,15.63,97.65,24157.65
3708,2026-04-29 09:55:00,NIFTY,2026-05-12,22200.0,CE,0,0,0,,1177.45,24157.65
3709,2026-04-29 09:55:00,NIFTY,2026-05-12,25550.0,PE,0,0,0,82.01,2289.0,24157.65
3710,2026-04-29 09:55:00,NIFTY,2026-05-12,22150.0,PE,16185,-455,17160,23.37,8.2,24157.65
3711,2026-04-29 09:55:00,NIFTY,2026-05-12,25550.0,CE,47580,1560,125255,15.6,9.8,24157.65
3712,2026-04-29 09:55:00,NIFTY,2026-05-05,25650.0,PE,1625,0,975,,1449.6,24157.65
3713,2026-04-29 09:55:00,NIFTY,2026-05-12,22150.0,CE,0,0,0,,1217.95,24157.65
3714,2026-04-29 09:55:00,NIFTY,2026-05-12,22250.0,PE,7865,-65,9750,22.67,8.95,24157.65
3715,2026-04-29 09:55:00,NIFTY,2026-05-05,22850.0,CE,260,0,65,,1233.95,24157.65
3716,2026-04-29 09:55:00,NIFTY,2026-05-05,25650.0,CE,451165,1950,2147145,18.58,1.3,24157.65
3717,2026-04-29 09:55:00,NIFTY,2026-05-05,22800.0,PE,2348580,31330,14288755,22.06,4.5,24157.65
3718,2026-04-29 09:55:00,NIFTY,2026-05-12,25600.0,PE,0,0,65,3.62,1200.0,24157.65
3719,2026-04-29 09:55:00,NIFTY,2026-05-05,25600.0,PE,4745,0,3380,,1409.55,24157.65
3720,2026-04-29 09:55:00,NIFTY,2026-05-12,22250.0,CE,0,0,0,,1137.6,24157.65
3721,2026-04-29 09:55:00,NIFTY,2026-05-05,25600.0,CE,2424825,-45890,10147670,18.28,1.45,24157.65
3722,2026-04-29 09:55:00,NIFTY,2026-05-05,26050.0,CE,549380,-6240,807625,21.22,0.65,24157.65
3723,2026-04-29 09:55:00,NIFTY,2026-05-05,21950.0,CE,0,0,0,,1260.05,24157.65
3724,2026-04-29 09:55:00,NIFTY,2026-05-05,22250.0,CE,1300,0,520,47.64,1987.5,24157.65
3725,2026-04-29 09:55:00,NIFTY,2026-05-05,22200.0,PE,648765,-37310,3124680,27.74,2.2,24157.65
3726,2026-04-29 09:55:00,NIFTY,2026-05-05,22700.0,CE,5070,-65,1430,28.32,1495.85,24157.65
3727,2026-04-29 09:55:00,NIFTY,2026-05-05,22200.0,CE,1040,0,130,48.29,2036.0,24157.65
3728,2026-04-29 09:55:00,NIFTY,2026-05-05,22650.0,PE,244075,-7280,1857635,23.32,3.5,24157.65
3729,2026-04-29 09:55:00,NIFTY,2026-05-05,22150.0,PE,103870,-11310,800930,28.15,2.05,24157.65
3730,2026-04-29 09:55:00,NIFTY,2026-05-12,21900.0,CE,0,0,0,,1428.35,24157.65
3731,2026-04-29 09:55:00,NIFTY,2026-05-12,21850.0,PE,8775,0,8970,25.06,5.75,24157.65
3732,2026-04-29 09:55:00,NIFTY,2026-05-12,25450.0,PE,0,0,0,80.32,2193.3,24157.65
3733,2026-04-29 09:55:00,NIFTY,2026-05-05,22650.0,CE,260,0,65,39.49,1586.4,24157.65
3734,2026-04-29 09:55:00,NIFTY,2026-05-12,25450.0,CE,40430,1105,133900,15.53,13.3,24157.65
3735,2026-04-29 09:55:00,NIFTY,2026-05-05,25750.0,PE,0,0,0,137.02,2638.0,24157.65
3736,2026-04-29 09:55:00,NIFTY,2026-05-12,24050.0,CE,35230,-1040,209690,16.22,382.8,24157.65
3737,2026-04-29 09:55:00,NIFTY,2026-05-12,24000.0,PE,1019785,-2210,3129750,16.64,206.65,24157.65
3738,2026-04-29 09:55:00,NIFTY,2026-05-05,24100.0,CE,2043535,-78325,82042480,15.57,236.65,24157.65
3739,2026-04-29 09:55:00,NIFTY,2026-05-05,26150.0,PE,0,0,0,146.91,3028.15,24157.65
3740,2026-04-29 09:55:00,NIFTY,2026-05-05,24050.0,PE,1167725,-245115,41351960,15.41,130.6,24157.65
3741,2026-04-29 09:55:00,NIFTY,2026-05-12,24000.0,CE,290875,0,1047410,16.19,412.05,24157.65
3742,2026-04-29 09:55:00,NIFTY,2026-05-12,21950.0,CE,0,0,0,,1385.3,24157.65
3743,2026-04-29 09:55:00,NIFTY,2026-05-05,26150.0,CE,120770,0,495105,22.03,0.6,24157.65
3744,2026-04-29 09:55:00,NIFTY,2026-05-12,21900.0,PE,27950,-65,44850,25.42,7.25,24157.65
3745,2026-04-29 09:55:00,NIFTY,2026-05-05,24050.0,CE,476060,-5785,17176185,15.72,267.6,24157.65
3746,2026-04-29 09:55:00,NIFTY,2026-05-12,22050.0,CE,0,0,0,,1300.6,24157.65
3747,2026-04-29 09:55:00,NIFTY,2026-05-05,24000.0,PE,5734885,-488605,109564195,15.48,112.8,24157.65
3748,2026-04-29 09:55:00,NIFTY,2026-05-12,24100.0,PE,256295,-7670,1547325,16.49,246.0,24157.65
3749,2026-04-29 09:55:00,NIFTY,2026-05-12,22000.0,PE,426270,-20020,1126775,24.37,7.15,24157.65
3750,2026-04-29 09:55:00,NIFTY,2026-05-12,22000.0,CE,1430,0,1365,26.24,2220.0,24157.65
3751,2026-04-29 09:55:00,NIFTY,2026-05-12,24100.0,CE,296205,6565,1100775,16.13,352.85,24157.65
3752,2026-04-29 09:55:00,NIFTY,2026-05-12,21950.0,PE,12480,-390,21125,24.63,6.7,24157.65
3753,2026-04-29 09:55:00,NIFTY,2026-05-12,24050.0,PE,59085,-1820,414635,16.58,226.0,24157.65
3754,2026-04-29 09:55:00,NIFTY,2026-05-05,25750.0,CE,438425,3315,2311270,18.98,0.95,24157.65
3755,2026-04-29 09:55:00,NIFTY,2026-05-05,26100.0,PE,715,0,0,58.98,2070.0,24157.65
3756,2026-04-29 09:55:00,NIFTY,2026-05-05,26100.0,CE,1673555,-715,3255135,21.54,0.6,24157.65
3757,2026-04-29 09:55:00,NIFTY,2026-05-05,25700.0,PE,1755,0,1690,,1485.95,24157.65
3758,2026-04-29 09:55:00,NIFTY,2026-05-12,21850.0,CE,0,0,0,,1471.9,24157.65
3759,2026-04-29 09:55:00,NIFTY,2026-05-05,22150.0,CE,65,0,0,,1975.2,24157.65
3760,2026-04-29 09:55:00,NIFTY,2026-05-12,25300.0,CE,265785,-5850,768885,15.37,20.4,24157.65
3761,2026-04-29 09:55:00,NIFTY,2026-05-12,23750.0,PE,49140,195,213850,17.26,132.8,24157.65
3762,2026-04-29 09:55:00,NIFTY,2026-05-12,23750.0,CE,520,0,1820,18.61,616.0,24157.65
3763,2026-04-29 09:55:00,NIFTY,2026-05-12,25250.0,PE,0,0,0,76.94,2003.95,24157.65
3764,2026-04-29 09:55:00,NIFTY,2026-05-05,22400.0,CE,1300,0,195,59.85,1930.6,24157.65
3765,2026-04-29 09:55:00,NIFTY,2026-05-12,25250.0,CE,110825,1430,285350,15.43,24.15,24157.65
3766,2026-04-29 09:55:00,NIFTY,2026-05-05,22350.0,PE,151970,2990,1183455,26.15,2.45,24157.65
3767,2026-04-29 09:55:00,NIFTY,2026-05-12,26550.0,PE,0,0,0,98.59,3267.0,24157.65
3768,2026-04-29 09:55:00,NIFTY,2026-05-05,22350.0,CE,65,0,130,57.37,1955.35,24157.65
3769,2026-04-29 09:55:00,NIFTY,2026-05-12,25400.0,CE,227955,7670,831675,15.46,15.3,24157.65
3770,2026-04-29 09:55:00,NIFTY,2026-05-05,24250.0,CE,1835665,-129610,74087390,15.24,157.2,24157.65
3771,2026-04-29 09:55:00,NIFTY,2026-05-12,23850.0,PE,76245,-260,265265,17.01,159.2,24157.65
3772,2026-04-29 09:55:00,NIFTY,2026-05-05,22300.0,PE,846950,8905,3996785,26.52,2.25,24157.65
3773,2026-04-29 09:55:00,NIFTY,2026-05-05,22750.0,CE,1495,0,845,37.7,1487.55,24157.65
3774,2026-04-29 09:55:00,NIFTY,2026-05-05,22700.0,PE,1375660,63115,8566610,22.81,3.7,24157.65
3775,2026-04-29 09:55:00,NIFTY,2026-05-12,23850.0,CE,4875,0,9295,17.94,537.05,24157.65
3776,2026-04-29 09:55:00,NIFTY,2026-05-05,22300.0,CE,195,0,0,,1840.0,24157.65
3777,2026-04-29 09:55:00,NIFTY,2026-05-05,25850.0,CE,316680,650,1494545,19.66,0.8,24157.65
3778,2026-04-29 09:55:00,NIFTY,2026-05-12,25350.0,PE,0,0,0,78.62,2098.25,24157.65
3779,2026-04-29 09:55:00,NIFTY,2026-05-05,24200.0,PE,4542200,-543400,125823880,15.11,195.1,24157.65
3780,2026-04-29 09:55:00,NIFTY,2026-05-12,25350.0,CE,45695,-845,154895,15.44,17.8,24157.65
3781,2026-04-29 09:55:00,NIFTY,2026-05-12,23800.0,PE,260520,2730,1058720,17.11,145.1,24157.65
3782,2026-04-29 09:55:00,NIFTY,2026-05-05,24200.0,CE,4413240,-133055,119713880,15.34,181.45,24157.65
3783,2026-04-29 09:55:00,NIFTY,2026-05-05,25800.0,PE,1235,0,0,50.66,1750.8,24157.65
3784,2026-04-29 09:55:00,NIFTY,2026-05-05,24150.0,PE,1614665,-83720,57848115,15.16,170.9,24157.65
3785,2026-04-29 09:55:00,NIFTY,2026-05-12,23800.0,CE,83980,455,92820,16.6,549.9,24157.65
3786,2026-04-29 09:55:00,NIFTY,2026-05-12,25300.0,PE,390,0,585,,1053.7,24157.65
3787,2026-04-29 09:55:00,NIFTY,2026-05-05,24150.0,CE,1057485,40885,48841325,15.46,208.1,24157.65
3788,2026-04-29 09:55:00,NIFTY,2026-05-12,23950.0,PE,45890,-260,185640,16.8,190.3,24157.65
3789,2026-04-29 09:55:00,NIFTY,2026-05-12,21800.0,PE,18850,-910,10725,25.52,5.7,24157.65
3790,2026-04-29 09:55:00,NIFTY,2026-05-12,23950.0,CE,12870,-130,48880,16.28,444.45,24157.65
3791,2026-04-29 09:55:00,NIFTY,2026-05-05,24100.0,PE,3200795,-606710,112512985,15.32,150.15,24157.65
3792,2026-04-29 09:55:00,NIFTY,2026-05-12,25400.0,PE,3705,0,1495,13.51,1191.05,24157.65
3793,2026-04-29 09:55:00,NIFTY,2026-05-12,23900.0,PE,153920,7345,663195,16.9,174.0,24157.65
3794,2026-04-29 09:55:00,NIFTY,2026-05-12,23900.0,CE,90090,4875,160030,16.34,477.65,24157.65
3795,2026-04-29 09:55:00,NIFTY,2026-05-12,21800.0,CE,0,0,0,,1515.85,24157.65
3796,2026-04-29 09:55:00,NIFTY,2026-05-05,25800.0,CE,3109080,-4095,13727545,19.39,0.9,24157.65
3797,2026-04-29 09:55:00,NIFTY,2026-05-12,23700.0,PE,562575,845,1199835,17.44,121.95,24157.65
3798,2026-04-29 09:55:00,NIFTY,2026-05-05,22250.0,PE,111540,-390,659815,27.1,2.2,24157.65
3799,2026-04-29 09:55:00,NIFTY,2026-05-12,23550.0,CE,715,0,2340,26.64,880.0,24157.65
3800,2026-04-29 09:55:00,NIFTY,2026-05-12,23600.0,CE,6630,0,10530,17.59,711.95,24157.65
3801,2026-04-29 09:55:00,NIFTY,2026-05-12,25200.0,CE,285935,-3575,1010815,15.37,27.6,24157.65
3802,2026-04-29 09:55:00,NIFTY,2026-05-05,24450.0,CE,1069445,-135460,36481185,15.08,83.6,24157.65
3803,2026-04-29 09:55:00,NIFTY,2026-05-12,26500.0,CE,128570,3705,118040,18.41,1.3,24157.65
3804,2026-04-29 09:55:00,NIFTY,2026-05-12,25150.0,PE,65,0,0,,695.05,24157.65
3805,2026-04-29 09:55:00,NIFTY,2026-05-05,24400.0,PE,1321125,-55185,27666470,14.82,312.0,24157.65
3806,2026-04-29 09:55:00,NIFTY,2026-05-12,23550.0,PE,28340,-780,148460,17.78,91.4,24157.65
3807,2026-04-29 09:55:00,NIFTY,2026-05-12,25150.0,CE,89830,-2925,440245,15.3,31.45,24157.65
3808,2026-04-29 09:55:00,NIFTY,2026-05-12,23700.0,CE,12870,0,54535,17.3,632.4,24157.65
3809,2026-04-29 09:55:00,NIFTY,2026-05-12,25200.0,PE,2470,0,2275,11.25,990.15,24157.65
3810,2026-04-29 09:55:00,NIFTY,2026-05-12,23650.0,PE,35815,-325,124865,17.54,110.75,24157.65
3811,2026-04-29 09:55:00,NIFTY,2026-05-12,26550.0,CE,67665,7540,97240,18.68,1.25,24157.65
3812,2026-04-29 09:55:00,NIFTY,2026-05-05,24400.0,CE,3554655,-546130,82245540,15.12,99.05,24157.65
3813,2026-04-29 09:55:00,NIFTY,2026-05-12,23650.0,CE,1170,0,2600,19.19,696.55,24157.65
3814,2026-04-29 09:55:00,NIFTY,2026-05-05,24350.0,PE,478790,-83915,30136730,14.79,278.4,24157.65
3815,2026-04-29 09:55:00,NIFTY,2026-05-12,26500.0,PE,0,0,0,97.79,3217.6,24157.65
3816,2026-04-29 09:55:00,NIFTY,2026-05-12,23600.0,PE,201630,-12610,732745,17.66,100.6,24157.65
3817,2026-04-29 09:55:00,NIFTY,2026-05-05,24350.0,CE,1612910,-183300,61647820,15.2,116.8,24157.65
3818,2026-04-29 09:55:00,NIFTY,2026-05-05,24300.0,PE,2901405,-147875,116789010,14.88,248.3,24157.65
3819,2026-04-29 09:55:00,NIFTY,2026-05-05,24300.0,CE,5361005,24635,137957755,15.16,135.3,24157.65
3820,2026-04-29 09:55:00,NIFTY,2026-05-05,24250.0,PE,1040195,-164710,72146100,14.94,220.0,24157.65
3821,2026-04-29 09:55:00,NIFTY,2026-05-12,23500.0,PE,621335,6435,2104635,17.97,83.7,24157.65
3822,2026-04-29 09:55:00,NIFTY,2026-05-12,25100.0,PE,1625,0,1365,14.99,918.0,24157.65
3823,2026-04-29 09:55:00,NIFTY,2026-05-12,26400.0,PE,0,0,0,96.17,3118.85,24157.65
3824,2026-04-29 09:55:00,NIFTY,2026-05-12,26400.0,CE,16965,0,16835,17.87,1.4,24157.65
3825,2026-04-29 09:55:00,NIFTY,2026-05-12,23400.0,PE,222885,4810,721370,18.21,68.75,24157.65
3826,2026-04-29 09:55:00,NIFTY,2026-05-12,23400.0,CE,1755,0,1690,18.71,886.0,24157.65
3827,2026-04-29 09:55:00,NIFTY,2026-05-12,26450.0,PE,0,0,0,96.98,3168.2,24157.65
3828,2026-04-29 09:55:00,NIFTY,2026-05-12,26450.0,CE,2990,195,10075,17.99,1.25,24157.65
3829,2026-04-29 09:55:00,NIFTY,2026-05-12,25100.0,CE,327600,-3185,1431560,15.37,36.85,24157.65
3830,2026-04-29 09:55:00,NIFTY,2026-05-12,23500.0,CE,49075,195,37245,17.23,786.85,24157.65
3831,2026-04-29 09:55:00,NIFTY,2026-05-12,25050.0,PE,65,0,0,1.93,635.55,24157.65
3832,2026-04-29 09:55:00,NIFTY,2026-05-12,23450.0,PE,29315,650,105495,18.14,76.5,24157.65
3833,2026-04-29 09:55:00,NIFTY,2026-05-12,25050.0,CE,49465,2145,360555,15.28,41.65,24157.65
3834,2026-04-29 09:55:00,NIFTY,2026-05-05,24550.0,CE,1215370,-54405,35623835,15.1,58.95,24157.65
3835,2026-04-29 09:55:00,NIFTY,2026-05-12,23450.0,CE,780,0,325,28.71,982.15,24157.65
3836,2026-04-29 09:55:00,NIFTY,2026-05-05,24500.0,PE,995345,-71500,16376295,14.62,382.05,24157.65
3837,2026-04-29 09:55:00,NIFTY,2026-05-05,24500.0,CE,6880640,-186225,113194900,15.04,69.95,24157.65
3838,2026-04-29 09:55:00,NIFTY,2026-05-12,26350.0,PE,0,0,0,95.36,3069.55,24157.65
3839,2026-04-29 09:55:00,NIFTY,2026-05-12,23350.0,PE,31525,-2340,159185,18.35,62.35,24157.65
3840,2026-04-29 09:55:00,NIFTY,2026-05-05,24450.0,PE,173290,-19825,4696835,14.76,346.4,24157.65
3841,2026-04-29 10:00:00,NIFTY,2026-05-12,23300.0,CE,2340,0,2145,17.26,962.25,24164.1
3842,2026-04-29 10:00:00,NIFTY,2026-05-12,25000.0,PE,149305,1235,90285,17.84,855.0,24164.1
3843,2026-04-29 10:00:00,NIFTY,2026-05-12,25000.0,CE,897130,-4810,3239730,15.09,46.75,24164.1
3844,2026-04-29 10:00:00,NIFTY,2026-05-12,23250.0,PE,47190,-1495,211120,18.9,52.85,24164.1
3845,2026-04-29 10:00:00,NIFTY,2026-05-12,23250.0,CE,585,0,260,31.23,1169.35,24164.1
3846,2026-04-29 10:00:00,NIFTY,2026-05-12,24950.0,PE,65,0,455,,677.0,24164.1
3847,2026-04-29 10:00:00,NIFTY,2026-05-05,23000.0,PE,5165810,163345,30410120,20.11,5.8,24164.1
3848,2026-04-29 10:00:00,NIFTY,2026-05-12,24950.0,CE,39585,-1625,189085,15.09,53.65,24164.1
3849,2026-04-29 10:00:00,NIFTY,2026-05-05,24600.0,CE,2534610,-66235,56137055,14.42,44.45,24164.1
3850,2026-04-29 10:00:00,NIFTY,2026-05-12,23350.0,CE,65,0,0,19.77,944.6,24164.1
3851,2026-04-29 10:00:00,NIFTY,2026-05-05,24550.0,PE,86645,-6370,1705015,16.79,436.25,24164.1
3852,2026-04-29 10:00:00,NIFTY,2026-05-12,26350.0,CE,7085,325,7735,17.33,1.3,24164.1
3853,2026-04-29 10:00:00,NIFTY,2026-05-05,23000.0,CE,209170,4290,103610,,1168.15,24164.1
3854,2026-04-29 10:00:00,NIFTY,2026-05-05,22950.0,PE,417105,-22490,3478410,20.45,5.15,24164.1
3855,2026-04-29 10:00:00,NIFTY,2026-05-12,26300.0,PE,65,0,0,28.24,2110.45,24164.1
3856,2026-04-29 10:00:00,NIFTY,2026-05-12,26300.0,CE,20735,65,27755,17.06,1.35,24164.1
3857,2026-04-29 10:00:00,NIFTY,2026-05-12,23300.0,PE,164840,-975,601250,18.76,58.3,24164.1
3858,2026-04-29 10:00:00,NIFTY,2026-05-05,22950.0,CE,1755,0,325,30.48,1276.5,24164.1
3859,2026-04-29 10:00:00,NIFTY,2026-05-05,22900.0,PE,2029820,45565,12186655,20.84,4.65,24164.1
3860,2026-04-29 10:00:00,NIFTY,2026-05-12,23200.0,PE,311935,6890,775060,19.07,48.2,24164.1
3861,2026-04-29 10:00:00,NIFTY,2026-05-05,22900.0,CE,6435,0,2730,19.94,1292.0,24164.1
3862,2026-04-29 10:00:00,NIFTY,2026-05-12,24900.0,PE,10465,-65,9035,16.78,760.0,24164.1
3863,2026-04-29 10:00:00,NIFTY,2026-05-05,22850.0,PE,1750710,5720,7443085,21.3,4.3,24164.1
3864,2026-04-29 10:00:00,NIFTY,2026-05-12,24900.0,CE,591435,-7280,1369095,15.09,61.25,24164.1
3865,2026-04-29 10:00:00,NIFTY,2026-05-12,24850.0,PE,390,0,780,14.69,693.35,24164.1
3866,2026-04-29 10:00:00,NIFTY,2026-05-05,26350.0,CE,37960,-6305,113100,23.88,0.6,24164.1
3867,2026-04-29 10:00:00,NIFTY,2026-05-05,26300.0,PE,65,0,0,42.5,2144.95,24164.1
3868,2026-04-29 10:00:00,NIFTY,2026-05-05,26300.0,CE,205660,1105,728585,23.21,0.55,24164.1
3869,2026-04-29 10:00:00,NIFTY,2026-05-05,26250.0,PE,0,0,0,149.69,3126.3,24164.1
3870,2026-04-29 10:00:00,NIFTY,2026-05-05,26250.0,CE,89310,0,205140,22.73,0.55,24164.1
3871,2026-04-29 10:00:00,NIFTY,2026-05-05,26200.0,PE,325,0,0,,2003.0,24164.1
3872,2026-04-29 10:00:00,NIFTY,2026-05-05,26200.0,CE,316485,4160,763490,22.25,0.55,24164.1
3873,2026-04-29 10:00:00,NIFTY,2026-05-12,23200.0,CE,2470,0,2405,20.33,1077.4,24164.1
3874,2026-04-29 10:00:00,NIFTY,2026-05-05,23150.0,CE,4030,-65,3120,,1028.8,24164.1
3875,2026-04-29 10:00:00,NIFTY,2026-05-05,23100.0,PE,1362465,-150475,14242865,19.51,7.55,24164.1
3876,2026-04-29 10:00:00,NIFTY,2026-05-12,24850.0,CE,66560,-4095,200330,15.16,70.65,24164.1
3877,2026-04-29 10:00:00,NIFTY,2026-05-12,24800.0,PE,25545,-260,35360,16.95,683.05,24164.1
3878,2026-04-29 10:00:00,NIFTY,2026-05-05,23100.0,CE,10205,-130,8125,,1076.3,24164.1
3879,2026-04-29 10:00:00,NIFTY,2026-05-12,26250.0,PE,0,0,0,93.97,2971.0,24164.1
3880,2026-04-29 10:00:00,NIFTY,2026-05-12,24800.0,CE,276900,5395,1187030,15.07,78.95,24164.1
3881,2026-04-29 10:00:00,NIFTY,2026-05-12,26250.0,CE,18460,-650,17550,16.64,1.3,24164.1
3882,2026-04-29 10:00:00,NIFTY,2026-05-05,23050.0,PE,290290,-31850,4524065,19.78,6.55,24164.1
3883,2026-04-29 10:00:00,NIFTY,2026-05-12,24750.0,PE,2795,0,5785,15.57,625.0,24164.1
3884,2026-04-29 10:00:00,NIFTY,2026-05-12,26200.0,PE,0,0,0,93.14,2921.8,24164.1
3885,2026-04-29 10:00:00,NIFTY,2026-05-12,24750.0,CE,66495,-3640,218985,15.0,88.5,24164.1
3886,2026-04-29 10:00:00,NIFTY,2026-05-12,26200.0,CE,51025,-2405,106860,16.55,1.5,24164.1
3887,2026-04-29 10:00:00,NIFTY,2026-05-05,23050.0,CE,910,0,260,30.12,1184.8,24164.1
3888,2026-04-29 10:00:00,NIFTY,2026-05-05,26450.0,PE,0,0,0,,3323.05,24164.1
3889,2026-04-29 10:00:00,NIFTY,2026-05-05,26450.0,CE,52715,-7540,190125,24.62,0.55,24164.1
3890,2026-04-29 10:00:00,NIFTY,2026-05-12,26150.0,CE,12155,455,28600,16.43,1.7,24164.1
3891,2026-04-29 10:00:00,NIFTY,2026-05-05,26400.0,PE,65,0,0,63.58,2356.65,24164.1
3892,2026-04-29 10:00:00,NIFTY,2026-05-12,26100.0,PE,260,0,0,32.66,1960.0,24164.1
3893,2026-04-29 10:00:00,NIFTY,2026-05-05,26400.0,CE,206960,-455,709540,24.54,0.65,24164.1
3894,2026-04-29 10:00:00,NIFTY,2026-05-12,26100.0,CE,71500,-65,111150,16.18,1.8,24164.1
3895,2026-04-29 10:00:00,NIFTY,2026-05-05,23400.0,CE,42250,0,57980,,786.05,24164.1
3896,2026-04-29 10:00:00,NIFTY,2026-05-12,24700.0,PE,32110,-130,74945,17.06,609.35,24164.1
3897,2026-04-29 10:00:00,NIFTY,2026-05-12,24700.0,CE,320645,-2275,982280,14.98,99.6,24164.1
3898,2026-04-29 10:00:00,NIFTY,2026-05-05,23350.0,PE,612560,-55835,8863270,18.15,15.5,24164.1
3899,2026-04-29 10:00:00,NIFTY,2026-05-05,23350.0,CE,11570,-65,15535,1.3,831.4,24164.1
3900,2026-04-29 10:00:00,NIFTY,2026-05-12,26150.0,PE,0,0,0,92.32,2872.65,24164.1
3901,2026-04-29 10:00:00,NIFTY,2026-05-05,23300.0,PE,2129205,-121940,22337965,18.3,13.0,24164.1
3902,2026-04-29 10:00:00,NIFTY,2026-05-12,26050.0,PE,0,0,0,90.66,2774.55,24164.1
3903,2026-04-29 10:00:00,NIFTY,2026-05-05,23300.0,CE,57525,-130,36270,,882.75,24164.1
3904,2026-04-29 10:00:00,NIFTY,2026-05-12,26050.0,CE,29380,0,28665,16.81,2.95,24164.1
3905,2026-04-29 10:00:00,NIFTY,2026-05-05,23250.0,PE,900445,-20865,9592375,18.62,11.4,24164.1
3906,2026-04-29 10:00:00,NIFTY,2026-05-12,26000.0,PE,2080,65,325,23.18,1800.0,24164.1
3907,2026-04-29 10:00:00,NIFTY,2026-05-05,23250.0,CE,3705,0,3705,16.56,945.0,24164.1
3908,2026-04-29 10:00:00,NIFTY,2026-05-12,24650.0,PE,2990,-130,9490,17.18,575.0,24164.1
3909,2026-04-29 10:00:00,NIFTY,2026-05-12,26000.0,CE,957060,780,1779050,15.83,2.2,24164.1
3910,2026-04-29 10:00:00,NIFTY,2026-05-05,23200.0,PE,2857855,8190,23391615,18.87,9.8,24164.1
3911,2026-04-29 10:00:00,NIFTY,2026-05-05,23200.0,CE,19760,-65,14495,,970.0,24164.1
3912,2026-04-29 10:00:00,NIFTY,2026-05-05,23150.0,PE,496730,2860,7111195,19.21,8.65,24164.1
3913,2026-04-29 10:00:00,NIFTY,2026-05-05,26350.0,PE,520,0,0,65.65,2329.15,24164.1
3914,2026-04-29 10:00:00,NIFTY,2026-05-12,24550.0,CE,45760,3575,240890,15.16,143.6,24164.1
3915,2026-04-29 10:00:00,NIFTY,2026-05-05,21800.0,CE,0,0,0,,1383.9,24164.1
3916,2026-04-29 10:00:00,NIFTY,2026-05-12,25950.0,PE,0,0,0,88.99,2676.7,24164.1
3917,2026-04-29 10:00:00,NIFTY,2026-05-12,24650.0,CE,40560,520,166920,15.01,112.5,24164.1
3918,2026-04-29 10:00:00,NIFTY,2026-05-12,25950.0,CE,30095,2145,57720,15.97,2.85,24164.1
3919,2026-04-29 10:00:00,NIFTY,2026-05-12,24600.0,PE,29445,260,126360,17.08,538.55,24164.1
3920,2026-04-29 10:00:00,NIFTY,2026-05-12,25900.0,PE,0,0,0,88.15,2627.9,24164.1
3921,2026-04-29 10:00:00,NIFTY,2026-05-12,24600.0,CE,621400,-4875,1614210,15.1,127.6,24164.1
3922,2026-04-29 10:00:00,NIFTY,2026-05-12,24550.0,PE,5525,0,16510,16.87,501.0,24164.1
3923,2026-04-29 10:00:00,NIFTY,2026-05-12,25900.0,CE,103545,-3380,421135,15.95,3.4,24164.1
3924,2026-04-29 10:00:00,NIFTY,2026-05-12,25850.0,PE,0,0,0,87.31,2579.2,24164.1
3925,2026-04-29 10:00:00,NIFTY,2026-05-12,25850.0,CE,19890,390,57005,15.74,3.7,24164.1
3926,2026-04-29 10:00:00,NIFTY,2026-05-12,25800.0,PE,0,0,0,86.47,2530.55,24164.1
3927,2026-04-29 10:00:00,NIFTY,2026-05-12,25800.0,CE,176735,-2015,615485,15.82,4.6,24164.1
3928,2026-04-29 10:00:00,NIFTY,2026-05-05,24650.0,CE,1051310,-43355,30150380,14.54,37.1,24164.1
3929,2026-04-29 10:00:00,NIFTY,2026-05-05,24600.0,PE,214825,-6890,2332395,16.79,474.8,24164.1
3930,2026-04-29 10:00:00,NIFTY,2026-05-12,25750.0,PE,0,0,130,,1511.55,24164.1
3931,2026-04-29 10:00:00,NIFTY,2026-05-12,25750.0,CE,40690,-455,111605,15.82,5.5,24164.1
3932,2026-04-29 10:00:00,NIFTY,2026-05-12,25700.0,PE,65,0,0,42.99,1750.0,24164.1
3933,2026-04-29 10:00:00,NIFTY,2026-05-12,23000.0,PE,1013935,12870,2849990,19.53,31.65,24164.1
3934,2026-04-29 10:00:00,NIFTY,2026-05-12,23000.0,CE,15015,0,7280,,1212.0,24164.1
3935,2026-04-29 10:00:00,NIFTY,2026-05-12,22950.0,PE,42770,-715,184080,19.67,28.6,24164.1
3936,2026-04-29 10:00:00,NIFTY,2026-05-05,24750.0,PE,32240,195,146055,18.17,608.5,24164.1
3937,2026-04-29 10:00:00,NIFTY,2026-05-12,22950.0,CE,65,0,0,,1251.8,24164.1
3938,2026-04-29 10:00:00,NIFTY,2026-05-05,24750.0,CE,1084395,-97305,26234585,14.71,25.15,24164.1
3939,2026-04-29 10:00:00,NIFTY,2026-05-12,23100.0,PE,101075,5590,536250,19.21,38.45,24164.1
3940,2026-04-29 10:00:00,NIFTY,2026-05-05,24700.0,PE,176930,-11895,1302470,17.3,560.0,24164.1
3941,2026-04-29 10:00:00,NIFTY,2026-05-12,23100.0,CE,845,0,520,18.36,1149.75,24164.1
3942,2026-04-29 10:00:00,NIFTY,2026-05-05,24700.0,CE,2202070,-87035,45557460,14.66,30.85,24164.1
3943,2026-04-29 10:00:00,NIFTY,2026-05-12,23050.0,PE,21645,-260,155415,19.46,35.5,24164.1
3944,2026-04-29 10:00:00,NIFTY,2026-05-12,23050.0,CE,65,0,585,,1094.05,24164.1
3945,2026-04-29 10:00:00,NIFTY,2026-05-05,24650.0,PE,59345,-715,348530,17.39,519.95,24164.1
3946,2026-04-29 10:00:00,NIFTY,2026-05-12,23150.0,PE,25155,130,120055,19.05,42.35,24164.1
3947,2026-04-29 10:00:00,NIFTY,2026-05-12,23150.0,CE,130,0,130,2.9,1028.3,24164.1
3948,2026-04-29 10:00:00,NIFTY,2026-05-05,22500.0,CE,15860,0,3120,41.62,1738.2,24164.1
3949,2026-04-29 10:00:00,NIFTY,2026-05-05,22450.0,PE,238680,-33930,1777425,25.05,2.55,24164.1
3950,2026-04-29 10:00:00,NIFTY,2026-05-05,22450.0,CE,130,0,130,62.86,1917.55,24164.1
3951,2026-04-29 10:00:00,NIFTY,2026-05-05,22400.0,PE,732680,-9165,5918510,25.31,2.25,24164.1
3952,2026-04-29 10:00:00,NIFTY,2026-05-12,22750.0,CE,0,0,0,,774.75,24164.1
3953,2026-04-29 10:00:00,NIFTY,2026-05-12,22700.0,PE,137605,7150,504985,20.48,17.5,24164.1
3954,2026-04-29 10:00:00,NIFTY,2026-05-12,22700.0,CE,130,0,130,,1511.35,24164.1
3955,2026-04-29 10:00:00,NIFTY,2026-05-05,23650.0,CE,47320,-390,107510,12.89,554.95,24164.1
3956,2026-04-29 10:00:00,NIFTY,2026-05-05,23600.0,PE,1799720,-393250,29845075,17.16,34.45,24164.1
3957,2026-04-29 10:00:00,NIFTY,2026-05-05,24900.0,PE,171015,130,176085,19.32,745.65,24164.1
3958,2026-04-29 10:00:00,NIFTY,2026-05-05,24900.0,CE,2235220,-105625,33479160,15.13,14.2,24164.1
3959,2026-04-29 10:00:00,NIFTY,2026-05-12,22850.0,CE,0,0,0,,711.05,24164.1
3960,2026-04-29 10:00:00,NIFTY,2026-05-05,23600.0,CE,93600,780,272220,12.59,599.85,24164.1
3961,2026-04-29 10:00:00,NIFTY,2026-05-05,23550.0,PE,779610,108875,10837515,17.36,29.5,24164.1
3962,2026-04-29 10:00:00,NIFTY,2026-05-12,22800.0,PE,319865,845,904475,20.2,21.5,24164.1
3963,2026-04-29 10:00:00,NIFTY,2026-05-12,22800.0,CE,4355,0,520,,1415.5,24164.1
3964,2026-04-29 10:00:00,NIFTY,2026-05-05,23550.0,CE,28795,0,47775,11.89,645.0,24164.1
3965,2026-04-29 10:00:00,NIFTY,2026-05-05,24850.0,PE,20215,585,62140,19.04,700.15,24164.1
3966,2026-04-29 10:00:00,NIFTY,2026-05-12,22750.0,PE,21580,715,136500,20.4,19.7,24164.1
3967,2026-04-29 10:00:00,NIFTY,2026-05-05,24850.0,CE,930995,-77155,20871565,15.03,17.4,24164.1
3968,2026-04-29 10:00:00,NIFTY,2026-05-05,23500.0,PE,3321240,-93925,42650725,17.55,25.15,24164.1
3969,2026-04-29 10:00:00,NIFTY,2026-05-05,26500.0,PE,11180,65,3445,38.59,2323.6,24164.1
3970,2026-04-29 10:00:00,NIFTY,2026-05-05,26550.0,PE,0,0,0,,3421.65,24164.1
3971,2026-04-29 10:00:00,NIFTY,2026-05-05,26500.0,CE,462865,-8580,1623245,24.87,0.5,24164.1
3972,2026-04-29 10:00:00,NIFTY,2026-05-05,23500.0,CE,498485,-585,733265,11.36,692.25,24164.1
3973,2026-04-29 10:00:00,NIFTY,2026-05-05,23450.0,PE,714870,-16575,11030435,17.73,21.35,24164.1
3974,2026-04-29 10:00:00,NIFTY,2026-05-05,26550.0,CE,204750,9295,770965,25.33,0.5,24164.1
3975,2026-04-29 10:00:00,NIFTY,2026-05-12,22900.0,PE,139295,5265,553085,19.82,25.85,24164.1
3976,2026-04-29 10:00:00,NIFTY,2026-05-05,23450.0,CE,17745,0,28470,17.86,761.1,24164.1
3977,2026-04-29 10:00:00,NIFTY,2026-05-12,22900.0,CE,0,0,0,,680.35,24164.1
3978,2026-04-29 10:00:00,NIFTY,2026-05-05,23400.0,PE,1676025,-36010,20142135,17.92,18.1,24164.1
3979,2026-04-29 10:00:00,NIFTY,2026-05-12,22850.0,PE,37375,260,138905,20.02,23.65,24164.1
3980,2026-04-29 10:00:00,NIFTY,2026-05-05,24800.0,PE,211445,-2275,701415,18.25,651.55,24164.1
3981,2026-04-29 10:00:00,NIFTY,2026-05-05,24800.0,CE,3149055,-96850,46894250,14.87,20.95,24164.1
3982,2026-04-29 10:00:00,NIFTY,2026-05-12,24450.0,PE,17290,-260,74165,17.03,439.35,24164.1
3983,2026-04-29 10:00:00,NIFTY,2026-05-12,24450.0,CE,56875,-3120,274625,15.25,178.95,24164.1
3984,2026-04-29 10:00:00,NIFTY,2026-05-12,22600.0,PE,150865,975,468390,20.98,15.0,24164.1
3985,2026-04-29 10:00:00,NIFTY,2026-05-05,25150.0,CE,913120,-20540,11395215,16.15,5.95,24164.1
3986,2026-04-29 10:00:00,NIFTY,2026-05-12,22600.0,CE,0,0,0,,876.1,24164.1
3987,2026-04-29 10:00:00,NIFTY,2026-05-05,25100.0,PE,11440,-130,20020,20.51,932.6,24164.1
3988,2026-04-29 10:00:00,NIFTY,2026-05-12,24500.0,PE,223210,0,610740,16.85,467.8,24164.1
3989,2026-04-29 10:00:00,NIFTY,2026-05-12,24500.0,CE,771875,26910,2500615,15.16,159.85,24164.1
3990,2026-04-29 10:00:00,NIFTY,2026-05-05,25100.0,CE,2928510,-55510,26346775,15.98,7.15,24164.1
3991,2026-04-29 10:00:00,NIFTY,2026-05-05,25050.0,PE,2795,0,11310,12.87,861.65,24164.1
3992,2026-04-29 10:00:00,NIFTY,2026-05-12,22650.0,PE,17355,-325,77545,20.56,15.5,24164.1
3993,2026-04-29 10:00:00,NIFTY,2026-05-05,25050.0,CE,929630,-21060,12329915,15.68,8.25,24164.1
3994,2026-04-29 10:00:00,NIFTY,2026-05-12,22650.0,CE,0,0,0,,841.6,24164.1
3995,2026-04-29 10:00:00,NIFTY,2026-05-05,25000.0,PE,572975,-585,827905,20.53,841.8,24164.1
3996,2026-04-29 10:00:00,NIFTY,2026-05-05,23700.0,CE,158665,-8060,930735,13.67,514.55,24164.1
3997,2026-04-29 10:00:00,NIFTY,2026-05-05,25000.0,CE,6770140,-10270,71442800,15.56,10.1,24164.1
3998,2026-04-29 10:00:00,NIFTY,2026-05-05,24950.0,PE,4875,65,16965,19.36,790.3,24164.1
3999,2026-04-29 10:00:00,NIFTY,2026-05-05,23650.0,PE,649155,-13000,13575510,17.03,40.75,24164.1
4000,2026-04-29 10:00:00,NIFTY,2026-05-05,24950.0,CE,887900,-3770,24107005,15.37,12.05,24164.1
4001,2026-04-29 10:00:00,NIFTY,2026-05-12,22450.0,CE,0,0,0,,985.1,24164.1
4002,2026-04-29 10:00:00,NIFTY,2026-05-12,24350.0,PE,44720,-3770,270075,17.08,380.55,24164.1
4003,2026-04-29 10:00:00,NIFTY,2026-05-12,22550.0,CE,0,0,0,,911.35,24164.1
4004,2026-04-29 10:00:00,NIFTY,2026-05-05,23800.0,CE,431990,-6955,2272660,13.75,430.25,24164.1
4005,2026-04-29 10:00:00,NIFTY,2026-05-12,22500.0,PE,688220,585,1173835,21.48,12.9,24164.1
4006,2026-04-29 10:00:00,NIFTY,2026-05-05,25300.0,PE,5070,0,4420,18.59,1115.7,24164.1
4007,2026-04-29 10:00:00,NIFTY,2026-05-12,24350.0,CE,88920,-3770,448240,15.24,217.95,24164.1
4008,2026-04-29 10:00:00,NIFTY,2026-05-05,23750.0,PE,743990,-30355,17205305,16.81,56.55,24164.1
4009,2026-04-29 10:00:00,NIFTY,2026-05-05,25850.0,PE,195,0,0,32.08,1681.4,24164.1
4010,2026-04-29 10:00:00,NIFTY,2026-05-12,22500.0,CE,715,0,1365,37.2,1840.0,24164.1
4011,2026-04-29 10:00:00,NIFTY,2026-05-12,22450.0,PE,18850,325,53625,21.75,12.05,24164.1
4012,2026-04-29 10:00:00,NIFTY,2026-05-05,25300.0,CE,3358615,-97760,29764995,16.83,3.65,24164.1
4013,2026-04-29 10:00:00,NIFTY,2026-05-12,24400.0,PE,196495,8320,587145,17.12,410.5,24164.1
4014,2026-04-29 10:00:00,NIFTY,2026-05-12,24400.0,CE,313365,2795,1315730,15.21,197.15,24164.1
4015,2026-04-29 10:00:00,NIFTY,2026-05-05,25250.0,PE,2730,0,2665,,1024.2,24164.1
4016,2026-04-29 10:00:00,NIFTY,2026-05-05,23750.0,CE,62400,-2080,262210,13.66,471.3,24164.1
4017,2026-04-29 10:00:00,NIFTY,2026-05-05,25250.0,CE,793975,10920,10408970,16.55,4.2,24164.1
4018,2026-04-29 10:00:00,NIFTY,2026-05-05,22800.0,CE,9035,0,1040,,1386.6,24164.1
4019,2026-04-29 10:00:00,NIFTY,2026-05-12,22550.0,PE,21320,325,65845,21.12,13.5,24164.1
4020,2026-04-29 10:00:00,NIFTY,2026-05-05,23700.0,PE,1875835,-144170,36619635,16.84,47.5,24164.1
4021,2026-04-29 10:00:00,NIFTY,2026-05-05,25200.0,PE,72735,-975,41730,22.95,1036.15,24164.1
4022,2026-04-29 10:00:00,NIFTY,2026-05-05,22750.0,PE,349960,-5980,2625415,22.17,3.65,24164.1
4023,2026-04-29 10:00:00,NIFTY,2026-05-05,25200.0,CE,2937285,-74490,25750465,16.35,5.0,24164.1
4024,2026-04-29 10:00:00,NIFTY,2026-05-05,25150.0,PE,390,0,455,,943.9,24164.1
4025,2026-04-29 10:00:00,NIFTY,2026-05-12,25650.0,PE,0,0,0,83.93,2385.25,24164.1
4026,2026-04-29 10:00:00,NIFTY,2026-05-05,21900.0,PE,317005,-15275,1446510,31.25,1.95,24164.1
4027,2026-04-29 10:00:00,NIFTY,2026-05-12,25650.0,CE,43420,650,107705,15.52,6.9,24164.1
4028,2026-04-29 10:00:00,NIFTY,2026-05-05,22550.0,PE,175890,7345,1409915,23.91,2.7,24164.1
4029,2026-04-29 10:00:00,NIFTY,2026-05-12,24250.0,CE,112190,-1300,516750,15.34,264.5,24164.1
4030,2026-04-29 10:00:00,NIFTY,2026-05-05,21900.0,CE,0,0,0,,1300.85,24164.1
4031,2026-04-29 10:00:00,NIFTY,2026-05-12,22350.0,CE,0,0,0,,1059.6,24164.1
4032,2026-04-29 10:00:00,NIFTY,2026-05-05,21850.0,PE,39910,-715,185250,31.89,1.95,24164.1
4033,2026-04-29 10:00:00,NIFTY,2026-05-12,22300.0,PE,232570,1430,499070,22.72,10.25,24164.1
4034,2026-04-29 10:00:00,NIFTY,2026-05-05,25550.0,PE,650,0,260,,1181.75,24164.1
4035,2026-04-29 10:00:00,NIFTY,2026-05-05,21850.0,CE,0,0,0,,1342.1,24164.1
4036,2026-04-29 10:00:00,NIFTY,2026-05-12,22300.0,CE,0,0,0,,1098.3,24164.1
4037,2026-04-29 10:00:00,NIFTY,2026-05-05,25550.0,CE,833170,-5915,4985630,17.79,1.55,24164.1
4038,2026-04-29 10:00:00,NIFTY,2026-05-05,26000.0,PE,177710,-130,34190,32.4,1825.5,24164.1
4039,2026-04-29 10:00:00,NIFTY,2026-05-05,22550.0,CE,130,0,260,57.71,1796.5,24164.1
4040,2026-04-29 10:00:00,NIFTY,2026-05-05,22500.0,PE,4331080,-60645,16753035,24.46,2.6,24164.1
4041,2026-04-29 10:00:00,NIFTY,2026-05-12,24300.0,CE,432380,-2015,1696240,15.24,239.65,24164.1
4042,2026-04-29 10:00:00,NIFTY,2026-05-05,25500.0,PE,316615,-130,62465,19.14,1312.1,24164.1
4043,2026-04-29 10:00:00,NIFTY,2026-05-12,22400.0,PE,81250,-3055,245050,22.17,11.7,24164.1
4044,2026-04-29 10:00:00,NIFTY,2026-05-05,26000.0,CE,5120765,-117195,15238860,20.82,0.7,24164.1
4045,2026-04-29 10:00:00,NIFTY,2026-05-12,22400.0,CE,0,0,0,,1021.6,24164.1
4046,2026-04-29 10:00:00,NIFTY,2026-05-12,25700.0,CE,145925,-845,390000,15.65,6.1,24164.1
4047,2026-04-29 10:00:00,NIFTY,2026-05-12,24250.0,PE,92690,-20540,517660,17.13,327.0,24164.1
4048,2026-04-29 10:00:00,NIFTY,2026-05-05,23950.0,CE,122070,-7735,3292575,14.2,320.05,24164.1
4049,2026-04-29 10:00:00,NIFTY,2026-05-05,25500.0,CE,4925505,-125580,29339960,17.85,2.05,24164.1
4050,2026-04-29 10:00:00,NIFTY,2026-05-05,25950.0,PE,0,0,0,142.33,2832.5,24164.1
4051,2026-04-29 10:00:00,NIFTY,2026-05-05,23900.0,PE,2141165,-294125,48809735,16.43,89.25,24164.1
4052,2026-04-29 10:00:00,NIFTY,2026-05-05,25450.0,PE,975,0,130,,1233.75,24164.1
4053,2026-04-29 10:00:00,NIFTY,2026-05-12,22350.0,PE,10075,0,26455,22.38,10.75,24164.1
4054,2026-04-29 10:00:00,NIFTY,2026-05-05,25950.0,CE,296660,1625,1139190,20.32,0.7,24164.1
4055,2026-04-29 10:00:00,NIFTY,2026-05-05,23900.0,CE,491140,-4485,5448105,14.09,355.1,24164.1
4056,2026-04-29 10:00:00,NIFTY,2026-05-05,25450.0,CE,770445,-14950,8484970,17.53,2.3,24164.1
4057,2026-04-29 10:00:00,NIFTY,2026-05-05,25900.0,PE,455,0,0,32.41,1730.0,24164.1
4058,2026-04-29 10:00:00,NIFTY,2026-05-05,25400.0,PE,3315,0,1690,16.01,1210.25,24164.1
4059,2026-04-29 10:00:00,NIFTY,2026-05-05,23850.0,PE,1848145,-84175,24659505,16.5,76.4,24164.1
4060,2026-04-29 10:00:00,NIFTY,2026-05-05,23850.0,CE,75920,6890,835640,14.01,392.45,24164.1
4061,2026-04-29 10:00:00,NIFTY,2026-05-05,25400.0,CE,2157675,-72345,21901945,17.27,2.65,24164.1
4062,2026-04-29 10:00:00,NIFTY,2026-05-05,23800.0,PE,3749265,266955,50691420,16.62,65.55,24164.1
4063,2026-04-29 10:00:00,NIFTY,2026-05-05,25350.0,PE,1105,-65,4485,24.89,1183.7,24164.1
4064,2026-04-29 10:00:00,NIFTY,2026-05-12,24300.0,PE,403650,-4420,1484925,17.18,354.45,24164.1
4065,2026-04-29 10:00:00,NIFTY,2026-05-05,25350.0,CE,705185,-6955,9226490,17.12,3.2,24164.1
4066,2026-04-29 10:00:00,NIFTY,2026-05-05,25900.0,CE,1327105,-34255,2743975,20.09,0.8,24164.1
4067,2026-04-29 10:00:00,NIFTY,2026-05-05,21800.0,PE,591760,5200,1750905,32.53,1.95,24164.1
4068,2026-04-29 10:00:00,NIFTY,2026-05-05,22100.0,PE,365170,1170,1994590,29.03,2.15,24164.1
4069,2026-04-29 10:00:00,NIFTY,2026-05-12,25500.0,CE,556140,-8125,2273505,15.33,10.75,24164.1
4070,2026-04-29 10:00:00,NIFTY,2026-05-05,22100.0,CE,715,0,65,,2041.0,24164.1
4071,2026-04-29 10:00:00,NIFTY,2026-05-05,22050.0,PE,36270,1040,80145,29.24,1.9,24164.1
4072,2026-04-29 10:00:00,NIFTY,2026-05-05,22050.0,CE,0,0,0,,1180.2,24164.1
4073,2026-04-29 10:00:00,NIFTY,2026-05-12,22100.0,PE,81575,195,177905,23.77,7.85,24164.1
4074,2026-04-29 10:00:00,NIFTY,2026-05-05,22000.0,PE,4303000,25155,10285275,30.06,2.0,24164.1
4075,2026-04-29 10:00:00,NIFTY,2026-05-12,24200.0,PE,740415,81315,2515045,17.22,303.3,24164.1
4076,2026-04-29 10:00:00,NIFTY,2026-05-12,25500.0,PE,26455,65,25350,19.15,1308.0,24164.1
4077,2026-04-29 10:00:00,NIFTY,2026-05-05,22000.0,CE,27560,65,6045,,2160.55,24164.1
4078,2026-04-29 10:00:00,NIFTY,2026-05-12,24200.0,CE,988975,26650,2149030,15.48,291.7,24164.1
4079,2026-04-29 10:00:00,NIFTY,2026-05-12,22100.0,CE,0,0,0,,1259.0,24164.1
4080,2026-04-29 10:00:00,NIFTY,2026-05-12,22050.0,PE,16250,-130,36725,23.73,6.75,24164.1
4081,2026-04-29 10:00:00,NIFTY,2026-05-12,24150.0,PE,86125,260,473980,17.1,276.95,24164.1
4082,2026-04-29 10:00:00,NIFTY,2026-05-05,25700.0,CE,1584765,35620,8161140,18.96,1.25,24164.1
4083,2026-04-29 10:00:00,NIFTY,2026-05-12,24150.0,CE,56225,2275,301340,15.51,318.15,24164.1
4084,2026-04-29 10:00:00,NIFTY,2026-05-05,21950.0,PE,21385,1560,102895,30.42,1.85,24164.1
4085,2026-04-29 10:00:00,NIFTY,2026-05-05,26050.0,PE,0,0,0,144.8,2930.2,24164.1
4086,2026-04-29 10:00:00,NIFTY,2026-05-12,22200.0,PE,80210,-1820,185315,23.16,8.75,24164.1
4087,2026-04-29 10:00:00,NIFTY,2026-05-12,25600.0,CE,193050,4225,606775,15.47,8.05,24164.1
4088,2026-04-29 10:00:00,NIFTY,2026-05-05,22600.0,PE,1060735,-84565,6559280,23.36,2.8,24164.1
4089,2026-04-29 10:00:00,NIFTY,2026-05-05,24000.0,CE,2236260,-45240,37854765,14.28,286.7,24164.1
4090,2026-04-29 10:00:00,NIFTY,2026-05-05,22600.0,CE,650,0,195,38.38,1632.1,24164.1
4091,2026-04-29 10:00:00,NIFTY,2026-05-05,23950.0,PE,846625,-73645,23827505,16.34,103.4,24164.1
4092,2026-04-29 10:00:00,NIFTY,2026-05-12,22200.0,CE,0,0,0,,1177.45,24164.1
4093,2026-04-29 10:00:00,NIFTY,2026-05-12,25550.0,PE,0,0,0,82.23,2289.0,24164.1
4094,2026-04-29 10:00:00,NIFTY,2026-05-12,22150.0,PE,15210,-975,19240,23.67,8.75,24164.1
4095,2026-04-29 10:00:00,NIFTY,2026-05-12,25550.0,CE,52260,4680,134030,15.51,9.7,24164.1
4096,2026-04-29 10:00:00,NIFTY,2026-05-05,25650.0,PE,1625,0,975,,1449.6,24164.1
4097,2026-04-29 10:00:00,NIFTY,2026-05-12,22150.0,CE,0,0,0,,1217.95,24164.1
4098,2026-04-29 10:00:00,NIFTY,2026-05-12,22250.0,PE,8190,325,10595,23.12,9.95,24164.1
4099,2026-04-29 10:00:00,NIFTY,2026-05-05,22850.0,CE,260,0,65,,1233.95,24164.1
4100,2026-04-29 10:00:00,NIFTY,2026-05-05,25650.0,CE,447525,-3640,2251860,18.34,1.2,24164.1
4101,2026-04-29 10:00:00,NIFTY,2026-05-05,22800.0,PE,2332655,-15925,15105480,21.6,3.8,24164.1
4102,2026-04-29 10:00:00,NIFTY,2026-05-12,25600.0,PE,0,0,65,,1200.0,24164.1
4103,2026-04-29 10:00:00,NIFTY,2026-05-05,25600.0,PE,4745,0,3380,17.41,1409.55,24164.1
4104,2026-04-29 10:00:00,NIFTY,2026-05-12,22250.0,CE,0,0,0,,1137.6,24164.1
4105,2026-04-29 10:00:00,NIFTY,2026-05-05,25600.0,CE,2467205,42380,10721685,18.12,1.4,24164.1
4106,2026-04-29 10:00:00,NIFTY,2026-05-05,26050.0,CE,549380,0,844870,21.15,0.65,24164.1
4107,2026-04-29 10:00:00,NIFTY,2026-05-05,21950.0,CE,0,0,0,,1260.05,24164.1
4108,2026-04-29 10:00:00,NIFTY,2026-05-05,22250.0,CE,1300,0,520,46.33,1987.5,24164.1
4109,2026-04-29 10:00:00,NIFTY,2026-05-05,22200.0,PE,647140,-1625,3275740,27.74,2.15,24164.1
4110,2026-04-29 10:00:00,NIFTY,2026-05-05,22700.0,CE,5070,0,1430,25.49,1495.85,24164.1
4111,2026-04-29 10:00:00,NIFTY,2026-05-05,22200.0,CE,1040,0,130,46.94,2036.0,24164.1
4112,2026-04-29 10:00:00,NIFTY,2026-05-05,22650.0,PE,232765,-11310,1997060,23.11,3.2,24164.1
4113,2026-04-29 10:00:00,NIFTY,2026-05-05,22150.0,PE,90155,-13715,831220,28.22,2.05,24164.1
4114,2026-04-29 10:00:00,NIFTY,2026-05-12,21900.0,CE,0,0,0,,1428.35,24164.1
4115,2026-04-29 10:00:00,NIFTY,2026-05-12,21850.0,PE,8450,-325,10985,25.78,6.9,24164.1
4116,2026-04-29 10:00:00,NIFTY,2026-05-12,25450.0,PE,0,0,0,80.54,2193.3,24164.1
4117,2026-04-29 10:00:00,NIFTY,2026-05-05,22650.0,CE,260,0,65,38.32,1586.4,24164.1
4118,2026-04-29 10:00:00,NIFTY,2026-05-12,25450.0,CE,40950,520,136630,15.27,12.45,24164.1
4119,2026-04-29 10:00:00,NIFTY,2026-05-05,25750.0,PE,0,0,0,137.35,2638.0,24164.1
4120,2026-04-29 10:00:00,NIFTY,2026-05-12,24050.0,CE,33410,-1820,214760,15.45,373.05,24164.1
4121,2026-04-29 10:00:00,NIFTY,2026-05-12,24000.0,PE,1004575,-15210,3266185,17.43,217.9,24164.1
4122,2026-04-29 10:00:00,NIFTY,2026-05-05,24100.0,CE,1870895,-172640,82727320,14.3,224.95,24164.1
4123,2026-04-29 10:00:00,NIFTY,2026-05-05,26150.0,PE,0,0,0,147.26,3028.15,24164.1
4124,2026-04-29 10:00:00,NIFTY,2026-05-05,24050.0,PE,1031745,-135980,42018275,16.14,136.8,24164.1
4125,2026-04-29 10:00:00,NIFTY,2026-05-12,24000.0,CE,300690,9815,1072500,15.44,403.0,24164.1
4126,2026-04-29 10:00:00,NIFTY,2026-05-12,21950.0,CE,0,0,0,,1385.3,24164.1
4127,2026-04-29 10:00:00,NIFTY,2026-05-05,26150.0,CE,121225,455,527540,21.96,0.6,24164.1
4128,2026-04-29 10:00:00,NIFTY,2026-05-12,21900.0,PE,28600,650,46345,24.51,5.55,24164.1
4129,2026-04-29 10:00:00,NIFTY,2026-05-05,24050.0,CE,453635,-22425,17345770,14.23,254.05,24164.1
4130,2026-04-29 10:00:00,NIFTY,2026-05-12,22050.0,CE,0,0,0,,1300.6,24164.1
4131,2026-04-29 10:00:00,NIFTY,2026-05-05,24000.0,PE,5430165,-304720,112167705,16.21,118.85,24164.1
4132,2026-04-29 10:00:00,NIFTY,2026-05-12,24100.0,PE,255060,-1235,1592435,17.15,255.05,24164.1
4133,2026-04-29 10:00:00,NIFTY,2026-05-12,22000.0,PE,413920,-12350,1162720,24.38,7.05,24164.1
4134,2026-04-29 10:00:00,NIFTY,2026-05-12,22000.0,CE,1430,0,1365,23.23,2220.0,24164.1
4135,2026-04-29 10:00:00,NIFTY,2026-05-12,24100.0,CE,308035,11830,1147380,15.55,346.1,24164.1
4136,2026-04-29 10:00:00,NIFTY,2026-05-12,21950.0,PE,12545,65,21905,24.58,6.5,24164.1
4137,2026-04-29 10:00:00,NIFTY,2026-05-12,24050.0,PE,59735,650,431600,17.32,236.4,24164.1
4138,2026-04-29 10:00:00,NIFTY,2026-05-05,25750.0,CE,438555,130,2419625,18.8,0.9,24164.1
4139,2026-04-29 10:00:00,NIFTY,2026-05-05,26100.0,PE,715,0,0,59.67,2070.0,24164.1
4140,2026-04-29 10:00:00,NIFTY,2026-05-05,26100.0,CE,1672580,-975,3603535,21.47,0.6,24164.1
4141,2026-04-29 10:00:00,NIFTY,2026-05-05,25700.0,PE,1820,65,1755,29.07,1528.8,24164.1
4142,2026-04-29 10:00:00,NIFTY,2026-05-12,21850.0,CE,0,0,0,,1471.9,24164.1
4143,2026-04-29 10:00:00,NIFTY,2026-05-05,22150.0,CE,65,0,0,,1975.2,24164.1
4144,2026-04-29 10:00:00,NIFTY,2026-05-12,25300.0,CE,274950,9165,811720,15.18,19.7,24164.1
4145,2026-04-29 10:00:00,NIFTY,2026-05-12,23750.0,PE,46215,-2925,221325,17.77,138.75,24164.1
4146,2026-04-29 10:00:00,NIFTY,2026-05-12,23750.0,CE,650,130,4810,15.73,577.45,24164.1
4147,2026-04-29 10:00:00,NIFTY,2026-05-12,25250.0,PE,0,0,0,77.15,2003.95,24164.1
4148,2026-04-29 10:00:00,NIFTY,2026-05-05,22400.0,CE,1300,0,195,59.08,1930.6,24164.1
4149,2026-04-29 10:00:00,NIFTY,2026-05-12,25250.0,CE,109850,-975,303355,15.14,22.75,24164.1
4150,2026-04-29 10:00:00,NIFTY,2026-05-05,22350.0,PE,148850,-3120,1258595,26.02,2.3,24164.1
4151,2026-04-29 10:00:00,NIFTY,2026-05-12,26550.0,PE,0,0,0,98.84,3267.0,24164.1
4152,2026-04-29 10:00:00,NIFTY,2026-05-05,22350.0,CE,65,0,130,56.52,1955.35,24164.1
4153,2026-04-29 10:00:00,NIFTY,2026-05-12,25400.0,CE,223470,-4485,862355,15.31,14.9,24164.1
4154,2026-04-29 10:00:00,NIFTY,2026-05-05,24250.0,CE,1548495,-287170,74953775,14.24,147.8,24164.1
4155,2026-04-29 10:00:00,NIFTY,2026-05-12,23850.0,PE,75075,-1170,276120,17.46,164.45,24164.1
4156,2026-04-29 10:00:00,NIFTY,2026-05-05,22300.0,PE,858325,11375,4174105,26.45,2.15,24164.1
4157,2026-04-29 10:00:00,NIFTY,2026-05-05,22750.0,CE,1495,0,1105,,1390.5,24164.1
4158,2026-04-29 10:00:00,NIFTY,2026-05-05,22700.0,PE,1374815,-845,8978580,22.49,3.25,24164.1
4159,2026-04-29 10:00:00,NIFTY,2026-05-12,23850.0,CE,5200,325,9620,15.35,500.0,24164.1
4160,2026-04-29 10:00:00,NIFTY,2026-05-05,22300.0,CE,195,0,0,,1840.0,24164.1
4161,2026-04-29 10:00:00,NIFTY,2026-05-05,25850.0,CE,321100,4420,1538355,19.59,0.8,24164.1
4162,2026-04-29 10:00:00,NIFTY,2026-05-12,25350.0,PE,0,0,0,78.84,2098.25,24164.1
4163,2026-04-29 10:00:00,NIFTY,2026-05-05,24200.0,PE,3985670,-556530,127996700,15.97,202.5,24164.1
4164,2026-04-29 10:00:00,NIFTY,2026-05-12,25350.0,CE,46085,390,162890,15.27,17.25,24164.1
4165,2026-04-29 10:00:00,NIFTY,2026-05-12,23800.0,PE,263250,2730,1100450,17.62,151.15,24164.1
4166,2026-04-29 10:00:00,NIFTY,2026-05-05,24200.0,CE,4149470,-263770,121813835,14.21,170.65,24164.1
4167,2026-04-29 10:00:00,NIFTY,2026-05-05,25800.0,PE,1235,0,0,51.35,1750.8,24164.1
4168,2026-04-29 10:00:00,NIFTY,2026-05-05,24150.0,PE,1341990,-272675,59082400,16.06,179.0,24164.1
4169,2026-04-29 10:00:00,NIFTY,2026-05-12,23800.0,CE,84955,975,95420,15.35,535.4,24164.1
4170,2026-04-29 10:00:00,NIFTY,2026-05-12,25300.0,PE,390,0,585,,1053.7,24164.1
4171,2026-04-29 10:00:00,NIFTY,2026-05-05,24150.0,CE,1012245,-45240,49545210,14.3,197.25,24164.1
4172,2026-04-29 10:00:00,NIFTY,2026-05-12,23950.0,PE,45110,-780,194935,17.38,197.9,24164.1
4173,2026-04-29 10:00:00,NIFTY,2026-05-12,21800.0,PE,17940,-910,15925,25.99,6.4,24164.1
4174,2026-04-29 10:00:00,NIFTY,2026-05-12,23950.0,CE,12610,-260,49270,15.51,435.6,24164.1
4175,2026-04-29 10:00:00,NIFTY,2026-05-05,24100.0,PE,2714985,-485810,114402535,16.04,156.2,24164.1
4176,2026-04-29 10:00:00,NIFTY,2026-05-12,25400.0,PE,3705,0,1495,15.1,1191.05,24164.1
4177,2026-04-29 10:00:00,NIFTY,2026-05-12,23900.0,PE,148070,-5850,699010,17.42,180.6,24164.1
4178,2026-04-29 10:00:00,NIFTY,2026-05-12,23900.0,CE,89635,-455,161720,15.45,467.5,24164.1
4179,2026-04-29 10:00:00,NIFTY,2026-05-12,21800.0,CE,0,0,0,,1515.85,24164.1
4180,2026-04-29 10:00:00,NIFTY,2026-05-05,25800.0,CE,3096015,-13065,14468025,19.32,0.9,24164.1
4181,2026-04-29 10:00:00,NIFTY,2026-05-12,23700.0,PE,562185,-390,1270750,18.02,128.8,24164.1
4182,2026-04-29 10:00:00,NIFTY,2026-05-05,22250.0,PE,110955,-585,690495,27.17,2.2,24164.1
4183,2026-04-29 10:00:00,NIFTY,2026-05-12,23550.0,CE,715,0,2340,26.33,880.0,24164.1
4184,2026-04-29 10:00:00,NIFTY,2026-05-12,23600.0,CE,6630,0,10530,17.2,711.95,24164.1
4185,2026-04-29 10:00:00,NIFTY,2026-05-12,25200.0,CE,295360,9425,1051895,15.08,26.1,24164.1
4186,2026-04-29 10:00:00,NIFTY,2026-05-05,24450.0,CE,1443000,373555,37351145,14.33,77.55,24164.1
4187,2026-04-29 10:00:00,NIFTY,2026-05-12,26500.0,CE,127400,-1170,139620,18.36,1.3,24164.1
4188,2026-04-29 10:00:00,NIFTY,2026-05-12,25150.0,PE,65,0,0,,695.05,24164.1
4189,2026-04-29 10:00:00,NIFTY,2026-05-05,24400.0,PE,1266655,-54470,27852565,16.18,323.0,24164.1
4190,2026-04-29 10:00:00,NIFTY,2026-05-12,23550.0,PE,27625,-715,157235,18.28,96.5,24164.1
4191,2026-04-29 10:00:00,NIFTY,2026-05-12,25150.0,CE,78650,-11180,459420,15.14,30.8,24164.1
4192,2026-04-29 10:00:00,NIFTY,2026-05-12,23700.0,CE,11960,-910,55380,15.55,612.6,24164.1
4193,2026-04-29 10:00:00,NIFTY,2026-05-12,25200.0,PE,2470,0,2275,12.8,990.15,24164.1
4194,2026-04-29 10:00:00,NIFTY,2026-05-12,23650.0,PE,39455,3640,138450,18.1,117.1,24164.1
4195,2026-04-29 10:00:00,NIFTY,2026-05-12,26550.0,CE,70850,3185,105625,18.63,1.25,24164.1
4196,2026-04-29 10:00:00,NIFTY,2026-05-05,24400.0,CE,3400540,-154115,83312450,14.26,91.5,24164.1
4197,2026-04-29 10:00:00,NIFTY,2026-05-12,23650.0,CE,1170,0,2990,15.14,646.0,24164.1
4198,2026-04-29 10:00:00,NIFTY,2026-05-05,24350.0,PE,450125,-28665,30335045,16.18,290.6,24164.1
4199,2026-04-29 10:00:00,NIFTY,2026-05-12,26500.0,PE,0,0,0,98.04,3217.6,24164.1
4200,2026-04-29 10:00:00,NIFTY,2026-05-12,23600.0,PE,202020,390,756340,18.18,106.2,24164.1
4201,2026-04-29 10:00:00,NIFTY,2026-05-05,24350.0,CE,1413750,-199160,62411700,14.24,108.0,24164.1
4202,2026-04-29 10:00:00,NIFTY,2026-05-05,24300.0,PE,2642250,-259155,117859495,16.01,258.1,24164.1
4203,2026-04-29 10:00:00,NIFTY,2026-05-05,24300.0,CE,5065190,-295815,139669010,14.21,126.45,24164.1
4204,2026-04-29 10:00:00,NIFTY,2026-05-05,24250.0,PE,798525,-241670,72832305,15.96,228.9,24164.1
4205,2026-04-29 10:00:00,NIFTY,2026-05-12,23500.0,PE,620750,-585,2166580,18.42,88.0,24164.1
4206,2026-04-29 10:00:00,NIFTY,2026-05-12,25100.0,PE,1625,0,1430,17.9,939.95,24164.1
4207,2026-04-29 10:00:00,NIFTY,2026-05-12,26400.0,PE,0,0,0,96.42,3118.85,24164.1
4208,2026-04-29 10:00:00,NIFTY,2026-05-12,26400.0,CE,16900,-65,18200,17.75,1.35,24164.1
4209,2026-04-29 10:00:00,NIFTY,2026-05-12,23400.0,PE,221000,-1885,733720,18.57,71.65,24164.1
4210,2026-04-29 10:00:00,NIFTY,2026-05-12,23400.0,CE,1820,65,1755,15.57,859.6,24164.1
4211,2026-04-29 10:00:00,NIFTY,2026-05-12,26450.0,PE,0,0,0,97.23,3168.2,24164.1
4212,2026-04-29 10:00:00,NIFTY,2026-05-12,26450.0,CE,6695,3705,11050,17.87,1.2,24164.1
4213,2026-04-29 10:00:00,NIFTY,2026-05-12,25100.0,CE,327080,-520,1461330,15.14,35.65,24164.1
4214,2026-04-29 10:00:00,NIFTY,2026-05-12,23500.0,CE,48555,-520,37635,15.65,774.6,24164.1
4215,2026-04-29 10:00:00,NIFTY,2026-05-12,25050.0,PE,65,0,0,2.31,635.55,24164.1
4216,2026-04-29 10:00:00,NIFTY,2026-05-12,23450.0,PE,26650,-2665,112710,18.45,78.95,24164.1
4217,2026-04-29 10:00:00,NIFTY,2026-05-12,25050.0,CE,50505,1040,375700,15.07,40.5,24164.1
4218,2026-04-29 10:00:00,NIFTY,2026-05-05,24550.0,CE,1147445,-67925,36217350,14.4,54.0,24164.1
4219,2026-04-29 10:00:00,NIFTY,2026-05-12,23450.0,CE,780,0,325,28.39,982.15,24164.1
4220,2026-04-29 10:00:00,NIFTY,2026-05-05,24500.0,PE,927810,-67535,16590275,16.49,396.15,24164.1
4221,2026-04-29 10:00:00,NIFTY,2026-05-05,24500.0,CE,6779370,-101270,115134825,14.31,64.4,24164.1
4222,2026-04-29 10:00:00,NIFTY,2026-05-12,26350.0,PE,0,0,0,95.61,3069.55,24164.1
4223,2026-04-29 10:00:00,NIFTY,2026-05-12,23350.0,PE,30420,-1105,166010,18.7,65.0,24164.1
4224,2026-04-29 10:00:00,NIFTY,2026-05-05,24450.0,PE,161850,-11440,4741100,16.25,357.85,24164.1
